"","","96.86%","","","","","","","","","","","","","","","","","","","","","","","","","","","","",""
"","","72.49%","","","","","","","","","","","","","","","","","","","","","","","","","","","","",""
"","","","","","","","","","","","","","","","","","","","","","","","","","","15.01%","","","","",""
"","","","","","","","","Month","","","","","","","Q","","","","","","","","","","","","","","","",""
"","","","","","","","","","","","","","","","","","","","$26,540,111","","","","","","","","","","","",""
"12/29/2023","$622,900","0.00%","475.31","409.52","0.00%","0.00%","0.00%","","","","","","","","","","","","$0","","","","$622,900","$622,900","0.00%","","","0.00%","","",""
"1/2/2024","$609,800","-2.10%","472.65","402.59","-2.10%","-0.56%","-1.69%","","-2.10%","-2.10%","","","","","","","","","$0","","","","$609,800","$622,900","-2.15%","1","","-0.56%","","FALSE",""
"1/3/2024","$609,300","-0.08%","468.79","398.33","-2.18%","-1.37%","-2.73%","","-2.18%","-0.08%","","","","","","","","","$0","","","","$609,300","$622,900","-2.23%","2","","-0.82%","","TRUE",""
"1/4/2024","$679,000","-1.69%","467.28","396.28","-3.84%","-1.69%","-3.23%","","-3.84%","-1.69%","","","","","","","","","$80,000","","","","$679,000","$702,900","-3.52%","3","","-0.32%","","FALSE",""
"1/5/2024","$679,700","0.10%","467.92","396.75","-3.74%","-1.55%","-3.12%","","-3.74%","","-3.77%","","","","","","","","$0","","","","$679,700","$702,900","-3.41%","4","","0.14%","","FALSE",""
"1/8/2024","$786,500","1.00%","474.6","404.95","-2.77%","-0.15%","-1.12%","","-2.77%","","","","","","","","","","$100,000","","","","$786,500","$802,900","-2.09%","5","","1.43%","","FALSE",""
"1/9/2024","$794,500","1.02%","473.88","405.75","-1.79%","-0.30%","-0.92%","","-1.79%","","","","","","","","","","$0","","","","$794,500","$802,900","-1.06%","6","","-0.15%","","TRUE",""
"1/10/2024","$795,500","0.13%","476.56","408.5","-1.66%","0.26%","-0.25%","","-1.66%","","","","","","","","","","$0","","","","$795,500","$802,900","-0.93%","7","","0.57%","","FALSE",""
"1/11/2024","$797,700","0.28%","476.35","409.35","-1.39%","0.22%","-0.04%","","-1.39%","","","","","","","","","","$0","","","","$797,700","$802,900","-0.65%","8","","-0.04%","","TRUE",""
"1/12/2024","$867,600","0.61%","476.68","409.56","-0.78%","0.29%","0.01%","","-0.78%","","3.03%","","","","","","","","$65,000","","","","$867,600","$867,900","-0.03%","9","","0.07%","","TRUE",""
"1/16/2024","$857,400","-1.18%","474.93","409.52","-1.95%","-0.08%","0.00%","","-1.95%","-1.18%","","","","","","","","","$0","","","","$857,400","$867,900","-1.22%","10","","-0.37%","","FALSE",""
"1/17/2024","$854,200","-0.37%","472.29","407.21","-2.32%","-0.64%","-0.56%","","-2.32%","-0.37%","","","","","","","","","$0","","","","$854,200","$867,900","-1.60%","11","","-0.56%","","TRUE",""
"1/18/2024","$840,000","-1.66%","476.49","412.99","-3.94%","0.25%","0.85%","","-3.94%","-1.66%","-3.21%","","","","","","","","$0","","","","$840,000","$867,900","-3.32%","12","","0.89%","","FALSE",""
"1/19/2024","$844,000","0.48%","482.43","421.18","-3.48%","1.50%","2.85%","","-3.48%","","","","","","","","","","$0","","","","$844,000","$867,900","-2.83%","13","","1.25%","","FALSE",""
"1/22/2024","$1,000,000","0.71%","483.45","421.73","-2.80%","1.71%","2.98%","","-2.80%","","","","","","","","","","$150,000","","","","$1,000,000","$1,017,900","-1.79%","14","","0.21%","","TRUE",""
"1/23/2024","$1,003,000","0.30%","484.86","423.48","-2.51%","2.01%","3.41%","","-2.51%","","","","","","","","","","$0","","","","$1,003,000","$1,017,900","-1.49%","15","","0.29%","","TRUE",""
"1/24/2024","$980,100","-2.28%","485.39","425.83","-4.73%","2.12%","3.98%","","-4.73%","-2.28%","","","","","","","","","$0","","","","$980,100","$1,017,900","-3.86%","16","","0.11%","","FALSE",""
"1/25/2024","$980,400","0.03%","488.03","426.35","-4.70%","2.68%","4.11%","","-4.70%","","-0.77%","","","","","","","","$0","","","","$980,400","$1,017,900","-3.82%","17","","0.54%","","FALSE",""
"1/26/2024","$991,300","1.11%","487.41","423.81","-3.64%","2.55%","3.49%","","-3.64%","","","","","","","","","","$0","","","","$991,300","$1,017,900","-2.68%","18","","-0.13%","","TRUE",""
"1/29/2024","$989,400","-0.19%","491.27","428.15","-3.83%","3.36%","4.55%","","-3.83%","-0.19%","","","","","","","","","$0","","","","$989,400","$1,017,900","-2.88%","19","","0.79%","","FALSE",""
"1/30/2024","$1,000,000","1.07%","490.89","425.3","-2.80%","3.28%","3.85%","","-2.80%","","","","","","","","","","$0","","","","$1,000,000","$1,017,900","-1.79%","20","","-0.08%","","TRUE",""
"1/31/2024","$998,400","-0.16%","482.88","416.97","-2.95%","1.59%","1.82%","January","-2.95%","-0.16%","","-2.95%","1.59%","1.82%","","","","","$0","-$19,500","","","$998,400","$1,017,900","-1.95%","21","","-1.63%","","TRUE",""
"2/1/2024","$1,000,000","0.16%","489.2","421.88","-2.80%","2.92%","3.02%","","0.16%","","","","","","","","","","$0","","","","$1,000,000","$1,017,900","-1.79%","22","","1.31%","","FALSE",""
"2/2/2024","$1,004,000","0.40%","494.35","429.01","-2.41%","4.01%","4.76%","","0.56%","","1.28%","","","","","","","","$0","","","","$1,004,000","$1,017,900","-1.38%","23","","1.05%","","FALSE",""
"2/5/2024","$1,009,000","0.50%","492.55","428.45","-1.92%","3.63%","4.62%","","1.06%","","","","","","","","","","$0","","","","$1,009,000","$1,017,900","-0.88%","24","","-0.36%","","TRUE",""
"2/6/2024","$1,016,000","0.69%","493.98","427.59","-1.24%","3.93%","4.41%","","1.76%","","","","","","","","","","$0","","","","$1,016,000","$1,017,900","-0.19%","25","","0.29%","","TRUE",""
"2/7/2024","$1,026,000","0.98%","498.1","431.99","-0.27%","4.79%","5.49%","","2.76%","","","","","","","","","","$0","","","","$1,026,000","$1,026,000","0.00%","26","","0.83%","","TRUE",""
"2/8/2024","$1,042,000","1.56%","498.32","432.79","1.29%","4.84%","5.68%","","4.37%","","","","","","","","","","$0","","","","$1,042,000","$1,042,000","0.00%","","","0.04%","","TRUE",""
"2/9/2024","$1,055,000","1.25%","501.2","437.05","2.55%","5.45%","6.72%","","5.67%","","4.98%","","","","","","","","$0","","","","$1,055,000","$1,055,000","0.00%","","","0.58%","","TRUE",""
"2/12/2024","$1,118,500","0.00%","500.98","435.34","2.55%","5.40%","6.30%","","5.67%","","","","","","","","","","$63,500","","","","$1,118,500","$1,118,500","0.00%","","","-0.04%","","TRUE",""
"2/13/2024","$1,086,000","-2.91%","494.08","428.55","-0.43%","3.95%","4.65%","","2.60%","-2.91%","","","","","","","","","$0","","","","$1,086,000","$1,118,500","-2.99%","1","","-1.38%","","FALSE",""
"2/14/2024","$1,191,000","-0.83%","498.57","433.22","-1.26%","4.89%","5.79%","","1.75%","-0.83%","","","","","","","","","$114,000","","","","$1,191,000","$1,232,500","-3.48%","2","","0.91%","","FALSE",""
"2/15/2024","$1,205,000","1.18%","502.01","434.51","-0.10%","5.62%","6.10%","","2.94%","","","","","","","","","","$0","","","","$1,205,000","$1,232,500","-2.28%","3","","0.69%","","TRUE",""
"2/16/2024","$1,211,000","0.50%","499.51","430.57","0.40%","5.09%","5.14%","","3.46%","","-2.06%","","","","","","","","$0","","","","$1,211,000","$1,232,500","-1.78%","4","","-0.50%","","TRUE",""
"2/20/2024","$1,200,100","-0.90%","496.76","427.32","-0.50%","4.51%","4.35%","","2.53%","-0.90%","","","","","","","","","$0","","","","$1,200,100","$1,232,500","-2.70%","5","","-0.55%","","FALSE",""
"2/21/2024","$1,198,000","-0.17%","497.21","425.61","-0.68%","4.61%","3.93%","","2.35%","-0.17%","","","","","","","","","$0","","","","$1,198,000","$1,232,500","-2.88%","6","","0.09%","","FALSE",""
"2/22/2024","$1,205,000","0.58%","507.5","438.07","-0.10%","6.77%","6.97%","","2.94%","","","","","","","","","","$0","","","","$1,205,000","$1,232,500","-2.28%","7","","2.07%","","FALSE",""
"2/23/2024","$1,256,000","0.08%","507.85","436.78","-0.01%","6.85%","6.66%","","3.03%","","0.09%","","","","","","","","$50,000","","","","$1,256,000","$1,282,500","-2.11%","8","","0.07%","","TRUE",""
"2/26/2024","$1,265,000","0.72%","505.99","436.55","0.70%","6.45%","6.60%","","3.77%","","","","","","","","","","$0","","","","$1,265,000","$1,282,500","-1.38%","9","","-0.37%","","TRUE",""
"2/27/2024","$1,279,000","1.11%","506.93","437.6","1.82%","6.65%","6.86%","","4.92%","","","","","","","","","","$0","","","","$1,279,000","$1,282,500","-0.27%","10","","0.19%","","TRUE",""
"2/28/2024","$1,293,000","1.09%","506.26","435.27","2.93%","6.51%","6.29%","","6.06%","","","","","","","","","","$0","","","","$1,293,000","$1,293,000","0.00%","","","-0.13%","","TRUE",""
"2/29/2024","$1,297,000","0.31%","508.08","439","3.25%","6.89%","7.20%","February","6.39%","","","6.39%","5.22%","5.28%","","","","","$0","$71,100","","","$1,297,000","$1,297,000","0.00%","","","0.36%","","FALSE",""
"3/1/2024","$1,325,000","2.16%","512.85","445.61","5.48%","7.90%","8.81%","","2.16%","","5.39%","","","","","","","","$0","","","","$1,325,000","$1,325,000","0.00%","","","0.94%","","TRUE",""
"3/4/2024","$1,344,000","1.43%","512.3","444.02","6.99%","7.78%","8.42%","","3.62%","","","","","","","","","","$0","","","","$1,344,000","$1,344,000","0.00%","","","-0.11%","","TRUE",""
"3/5/2024","$1,337,000","-0.52%","507.18","436.05","6.44%","6.71%","6.48%","","3.08%","-0.52%","","","","","","","","","$0","","","","$1,337,000","$1,344,000","-0.52%","1","","-1.00%","","TRUE",""
"3/6/2024","$1,336,000","-0.82%","509.75","438.79","5.56%","7.25%","7.15%","","2.24%","-0.82%","","","","","","","","","$10,000","","","","$1,336,000","$1,354,000","-1.35%","2","","0.51%","","FALSE",""
"3/7/2024","$1,456,000","-0.82%","514.81","445.45","4.69%","8.31%","8.77%","","1.39%","-0.82%","","","","","","","","","$131,000","","","","$1,456,000","$1,485,000","-1.99%","3","","0.99%","","FALSE",""
"3/8/2024","$1,457,000","0.07%","511.72","439.02","4.76%","7.66%","7.20%","","1.46%","","-0.66%","","","","","","","","","","","","$1,457,000","$1,485,000","-1.92%","4","","-0.60%","","TRUE",""
"3/11/2024","$1,600,000","0.89%","511.28","437.39","5.70%","7.57%","6.81%","","2.37%","","","","","","","","","","$130,000","","","","$1,600,000","$1,615,000","-0.94%","5","","-0.09%","","TRUE",""
"3/12/2024","$1,600,100","0.01%","516.78","443.66","5.70%","8.72%","8.34%","","2.38%","","","","","","","","","","","","","","$1,600,100","$1,615,000","-0.93%","6","","1.08%","","FALSE",""
"3/13/2024","$1,675,000","0.93%","515.97","440.25","6.69%","8.55%","7.50%","","3.33%","","","","","","","","","","$60,000","","","","$1,675,000","$1,675,000","0.00%","","","-0.16%","","TRUE",""
"3/14/2024","$1,687,000","0.72%","514.95","439.14","7.45%","8.34%","7.23%","","4.07%","","","","","","","","","","$0","","","","$1,687,000","$1,687,000","0.00%","","","-0.20%","","TRUE",""
"3/15/2024","$1,738,000","0.12%","509.83","433.92","7.58%","7.26%","5.96%","","4.19%","","2.66%","","","","","","","","$49,000","","","","$1,738,000","$1,738,000","0.00%","","","-0.99%","","TRUE",""
"3/18/2024","$1,745,000","0.40%","512.86","437.48","8.01%","7.90%","6.83%","","4.61%","","","","","","","","","","$0","","","","$1,745,000","$1,745,000","0.00%","","","0.59%","","FALSE",""
"3/19/2024","$1,926,000","-1.95%","515.71","438.57","5.91%","8.50%","7.09%","","2.57%","-1.95%","","","","","","","","","$215,000","","","","$1,926,000","$1,960,000","-1.77%","1","","0.56%","","FALSE",""
"3/20/2024","$1,967,000","0.57%","520.48","443.77","6.51%","9.50%","8.36%","","3.16%","","","","","","","","","","$30,000","","","","$1,967,000","$1,990,000","-1.17%","2","","0.92%","","FALSE",""
"3/21/2024","$1,973,000","0.31%","522.2","445.87","6.84%","9.87%","8.88%","","3.47%","","","","","","","","","","$0","","","","$1,973,000","$1,990,000","-0.86%","3","","0.33%","","FALSE",""
"3/22/2024","$2,031,000","0.91%","521.21","446.38","7.81%","9.66%","9.00%","","4.42%","","0.24%","","","","","","","","$40,000","","","","$2,031,000","$2,031,000","0.00%","","","-0.19%","","TRUE",""
"3/25/2024","$2,241,000","1.72%","519.77","444.76","9.67%","9.35%","8.61%","","6.22%","","","","","","","","","","$175,000","","","","$2,241,000","$2,241,000","0.00%","","","-0.28%","","TRUE",""
"3/26/2024","$2,247,100","0.27%","518.81","443.32","9.97%","9.15%","8.25%","","6.51%","","","","","","","","","","$0","","","","$2,247,100","$2,247,100","0.00%","","","-0.18%","","TRUE",""
"3/27/2024","$2,255,000","0.35%","523.17","444.83","10.36%","10.07%","8.62%","","6.88%","","","","","","","","","","$0","","","","$2,255,000","$2,255,000","0.00%","","","0.84%","","FALSE",""
"3/28/2024","$2,281,000","1.15%","523.07","444.01","11.63%","10.05%","8.42%","March","8.11%","","4.41%","8.11%","2.95%","1.14%","Q1","11.63%","10.05%","8.42%","$0","$144,000","","","$2,281,000","$2,281,000","0.00%","","","-0.02%","","TRUE",""
"4/1/2024","$2,233,000","-2.10%","522.16","444.95","9.28%","9.86%","8.65%","","-2.10%","-2.10%","","","","","","","","","$0","","","","$2,233,000","$2,281,000","-2.15%","1","","-0.17%","","FALSE",""
"4/2/2024","$2,239,000","0.27%","518.84","441.11","9.57%","9.16%","7.71%","","-1.84%","","","","","","","","","","$0","","","","$2,239,000","$2,281,000","-1.88%","2","","-0.64%","","TRUE",""
"4/3/2024","$2,208,000","-1.38%","519.41","442.1","8.06%","9.28%","7.96%","","-3.20%","-1.38%","","","","","","","","","$0","","","","$2,208,000","$2,281,000","-3.31%","3","","0.11%","","FALSE",""
"4/4/2024","$2,465,000","0.32%","513.07","435.34","8.40%","7.94%","6.30%","","-2.89%","","","","","","","","","","$250,000","","","","$2,465,000","$2,531,000","-2.68%","4","","-1.22%","","TRUE",""
"4/5/2024","$2,592,000","-0.91%","518.43","440.47","7.41%","9.07%","7.56%","","-3.78%","-0.91%","-3.82%","","","","","","","","$149,500","","","","$2,592,000","$2,680,500","-3.41%","5","","1.04%","","FALSE",""
"4/8/2024","$2,591,000","-0.04%","518.72","440.6","7.37%","9.13%","7.59%","","-3.82%","-0.04%","","","","","","","","","$0","","","","$2,591,000","$2,680,500","-3.45%","6","","0.06%","","FALSE",""
"4/9/2024","$2,570,000","-2.74%","519.32","442.23","4.43%","9.26%","7.99%","","-6.45%","-2.74%","","","","","","","","","$50,000","","","","$2,570,000","$2,730,500","-6.25%","7","","0.12%","","FALSE",""
"4/10/2024","$2,581,000","0.43%","514.12","438.37","4.87%","8.17%","7.04%","","-6.05%","","","","","","","","","","$0","","","","$2,581,000","$2,730,500","-5.79%","8","","-1.00%","","TRUE",""
"4/11/2024","$2,547,000","-1.32%","518","445.37","3.49%","8.98%","8.75%","","-7.29%","-1.32%","","","","","","","","","$0","","","","$2,547,000","$2,730,500","-7.20%","9","","0.75%","","FALSE",""
"4/12/2024","$2,536,000","-0.43%","510.85","438.27","3.04%","7.48%","7.02%","","-7.69%","-0.43%","-4.10%","","","","","","","","$0","","","","$2,536,000","$2,730,500","-7.67%","10","","-1.38%","","TRUE",""
"4/15/2024","$2,537,000","0.04%","504.45","431.06","3.09%","6.13%","5.26%","","-7.65%","","","","","","","","","","$0","","","","$2,537,000","$2,730,500","-7.63%","11","","-1.25%","","TRUE",""
"4/16/2024","$2,532,000","-0.20%","503.53","431.1","2.88%","5.94%","5.27%","","-7.84%","-0.20%","","","","","","","","","$0","","","","$2,532,000","$2,730,500","-7.84%","12","","-0.18%","","FALSE",""
"4/17/2024","$2,660,000","0.12%","500.55","425.84","3.00%","5.31%","3.99%","","-7.73%","","","","","","","","","","$125,000","","","","$2,660,000","$2,855,500","-7.35%","13","","-0.59%","","TRUE",""
"4/18/2024","$2,668,000","0.30%","499.52","423.41","3.31%","5.09%","3.39%","","-7.45%","","","","","","","","","","$0","","","","$2,668,000","$2,855,500","-7.03%","14","","-0.21%","","TRUE",""
"4/19/2024","$2,689,000","0.79%","495.16","414.65","4.13%","4.18%","1.25%","","-6.72%","","1.05%","","","","","","","","$0","","","","$2,689,000","$2,855,500","-6.19%","15","","-0.87%","","TRUE",""
"4/22/2024","$2,672,000","-0.63%","499.72","418.82","3.47%","5.14%","2.27%","","-7.31%","-0.63%","","","","","","","","","$0","","","","$2,672,000","$2,855,500","-6.87%","16","","0.92%","","FALSE",""
"4/23/2024","$2,795,000","4.23%","505.65","425.07","7.84%","6.38%","3.80%","","-3.39%","","","","","","","","","","$10,000","","","","$2,795,000","$2,865,500","-2.52%","17","","1.19%","","TRUE",""
"4/24/2024","$2,754,000","-1.47%","505.41","426.51","6.26%","6.33%","4.15%","","-4.81%","-1.47%","","","","","","","","","$0","","","","$2,754,000","$2,865,500","-4.05%","18","","-0.05%","","FALSE",""
"4/25/2024","$2,750,000","-0.15%","503.49","424.45","6.11%","5.93%","3.65%","","-4.95%","-0.15%","","","","","","","","","$0","","","","$2,750,000","$2,865,500","-4.20%","19","","-0.38%","","TRUE",""
"4/26/2024","$2,753,000","0.11%","508.26","431","6.22%","6.93%","5.25%","","-4.84%","","2.09%","","","","","","","","$0","","","","$2,753,000","$2,865,500","-4.09%","20","","0.95%","","FALSE",""
"4/29/2024","$2,770,000","0.62%","510.06","432.75","6.88%","7.31%","5.67%","","-4.25%","","","","","","","","","","$0","","","","$2,770,000","$2,865,500","-3.45%","21","","0.35%","","TRUE",""
"4/30/2024","$2,736,000","-1.23%","501.98","424.59","5.57%","5.61%","3.68%","April","-5.43%","-1.23%","","-5.43%","-4.03%","-4.37%","","","","","$0","-$129,500","","","$2,736,000","$2,865,500","-4.73%","22","","-1.58%","","TRUE",""
"5/1/2024","$2,731,000","-0.18%","500.35","421.52","5.38%","5.27%","2.93%","","-0.18%","-0.18%","","","","","","","","","$0","","","","$2,731,000","$2,865,500","-4.92%","23","","-0.32%","","TRUE",""
"5/2/2024","$2,734,000","0.11%","505.03","426.9","5.49%","6.25%","4.24%","","-0.07%","","","","","","","","","","$0","","","","$2,734,000","$2,865,500","-4.81%","24","","0.94%","","FALSE",""
"5/3/2024","$2,778,000","1.61%","511.29","435.48","7.19%","7.57%","6.34%","","1.54%","","0.93%","","","","","","","","$0","","","","$2,778,000","$2,865,500","-3.15%","25","","1.24%","","TRUE",""
"5/6/2024","$2,821,000","1.55%","516.57","440.25","8.85%","8.68%","7.50%","","3.11%","","","","","","","","","","$0","","","","$2,821,000","$2,865,500","-1.58%","26","","1.03%","","TRUE",""
"5/7/2024","$2,848,000","0.96%","517.14","440.32","9.89%","8.80%","7.52%","","4.09%","","","","","","","","","","$0","","","","$2,848,000","$2,865,500","-0.61%","27","","0.11%","","TRUE",""
"5/8/2024","$2,823,000","-0.88%","517.19","440.06","8.92%","8.81%","7.46%","","3.18%","-0.88%","","","","","","","","","$0","","","","$2,823,000","$2,865,500","-1.51%","28","","0.01%","","FALSE",""
"5/9/2024","$2,841,000","0.64%","520.17","441.02","9.62%","9.44%","7.69%","","3.84%","","","","","","","","","","$0","","","","$2,841,000","$2,865,500","-0.86%","29","","0.58%","","TRUE",""
"5/10/2024","$2,846,000","0.18%","520.84","442.06","9.81%","9.58%","7.95%","","4.02%","","2.44%","","","","","","","","$0","","","","$2,846,000","$2,865,500","-0.69%","30","","0.13%","","TRUE",""
"5/13/2024","$2,845,000","-0.04%","520.91","443.08","9.77%","9.59%","8.19%","","3.98%","-0.04%","","","","","","","","","$0","","","","$2,845,000","$2,865,500","-0.72%","31","","0.01%","","FALSE",""
"5/14/2024","$2,876,000","1.09%","523.3","445.93","10.97%","10.10%","8.89%","","5.12%","","","","","","","","","","$0","","","","$2,876,000","$2,876,000","0.00%","","","0.46%","","TRUE",""
"5/15/2024","$2,970,000","3.27%","529.78","452.9","14.60%","11.46%","10.59%","","8.55%","","","","","","","","","","$0","","","","$2,970,000","$2,970,000","0.00%","","","1.24%","","TRUE",""
"5/16/2024","$2,934,000","-1.21%","528.69","451.98","13.21%","11.23%","10.37%","","7.24%","-1.21%","","","","","","","","","$0","","","","$2,934,000","$2,970,000","-1.23%","1","","-0.21%","","FALSE",""
"5/17/2024","$2,911,000","-0.78%","529.45","451.76","12.32%","11.39%","10.31%","","6.40%","-0.78%","2.33%","","","","","","","","$0","","","","$2,911,000","$2,970,000","-2.03%","2","","0.14%","","FALSE",""
"5/20/2024","$2,917,000","0.21%","530.06","454.91","12.55%","11.52%","11.08%","","6.62%","","","","","","","","","","$0","","","","$2,917,000","$2,970,000","-1.82%","3","","0.12%","","TRUE",""
"5/21/2024","$2,930,000","0.45%","531.36","455.8","13.05%","11.79%","11.30%","","7.09%","","","","","","","","","","$0","","","","$2,930,000","$2,970,000","-1.37%","4","","0.25%","","TRUE",""
"5/22/2024","$2,860,000","-2.39%","529.83","455.71","10.35%","11.47%","11.28%","","4.53%","-2.39%","","","","","","","","","$0","","","","$2,860,000","$2,970,000","-3.85%","5","","-0.29%","","FALSE",""
"5/23/2024","$2,823,000","0.10%","525.96","453.66","10.47%","10.66%","10.78%","","4.64%","","","","","","","","","","-$40,000","","","","$2,823,000","$2,930,000","-3.79%","6","","-0.73%","","TRUE",""
"5/24/2024","$2,814,000","-0.32%","529.44","457.95","10.12%","11.39%","11.83%","","4.31%","-0.32%","-1.95%","","","","","","","","$0","","","","$2,814,000","$2,930,000","-4.12%","7","","0.66%","","FALSE",""
"5/28/2024","$2,790,000","-0.85%","529.81","459.68","9.18%","11.47%","12.25%","","3.42%","-0.85%","","","","","","","","","$0","","","","$2,790,000","$2,930,000","-5.02%","8","","0.07%","","FALSE",""
"5/29/2024","$2,841,000","1.83%","526.1","456.44","11.17%","10.69%","11.46%","","5.31%","","","","","","","","","","$0","","","","$2,841,000","$2,930,000","-3.13%","9","","-0.70%","","TRUE",""
"5/30/2024","$2,814,000","-0.95%","522.61","451.55","10.12%","9.95%","10.26%","","4.31%","-0.95%","","","","","","","","","$0","","","","$2,814,000","$2,930,000","-4.12%","10","","-0.66%","","FALSE",""
"5/31/2024","$2,797,000","-0.60%","527.37","450.71","9.45%","10.95%","10.06%","May","3.68%","-0.60%","-0.90%","3.68%","5.06%","6.15%","","","","","$0","$101,000","","","$2,797,000","$2,930,000","-4.76%","11","","0.91%","","FALSE",""
"6/3/2024","$2,366,000","-1.11%","527.8","453.13","8.24%","11.04%","10.65%","","-1.11%","-1.11%","","","","","","","","","-$400,000","","","","$2,366,000","$2,530,000","-6.93%","12","","0.08%","","FALSE",""
"6/4/2024","$2,485,000","0.80%","528.39","454.37","9.11%","11.17%","10.95%","","-0.31%","","","","","","","","","","$100,000","","","","$2,485,000","$2,630,000","-5.84%","13","","0.11%","","TRUE",""
"6/5/2024","$2,523,000","1.53%","534.67","463.53","10.78%","12.49%","13.19%","","1.21%","","","","","","","","","","$0","","","","$2,523,000","$2,630,000","-4.24%","14","","1.19%","","TRUE",""
"6/6/2024","$2,498,000","-0.40%","534.66","463.37","10.34%","12.49%","13.15%","","0.81%","-0.40%","","","","","","","","","-$15,000","","","","$2,498,000","$2,615,000","-4.68%","15","","0.00%","","FALSE",""
"6/7/2024","$2,483,000","-0.60%","534.01","462.96","9.67%","12.35%","13.05%","","0.20%","-0.60%","0.23%","","","","","","","","$0","","","","$2,483,000","$2,615,000","-5.32%","16","","-0.12%","","FALSE",""
"6/10/2024","$2,498,000","0.60%","535.66","464.83","10.34%","12.70%","13.51%","","0.81%","","","","","","","","","","$0","","","","$2,498,000","$2,615,000","-4.68%","17","","0.31%","","TRUE",""
"6/11/2024","$2,499,000","0.04%","536.95","468.02","10.38%","12.97%","14.29%","","0.85%","","","","","","","","","","$0","","","","$2,499,000","$2,615,000","-4.64%","18","","0.24%","","FALSE",""
"6/12/2024","$2,505,000","0.24%","541.36","474.15","10.65%","13.90%","15.78%","","1.09%","","","","","","","","","","$0","","","","$2,505,000","$2,615,000","-4.39%","19","","0.82%","","FALSE",""
"6/13/2024","$2,607,000","0.08%","542.45","476.72","10.73%","14.13%","16.41%","","1.17%","","","","","","","","","","$100,000","","","","$2,607,000","$2,715,000","-4.14%","20","","0.20%","","FALSE",""
"6/14/2024","$2,648,000","1.57%","542.78","479.19","12.48%","14.19%","17.01%","","2.76%","","2.54%","","","","","","","","$0","","","","$2,648,000","$2,715,000","-2.53%","21","","0.06%","","TRUE",""
"6/17/2024","$2,660,000","0.45%","547.1","485.06","12.99%","15.10%","18.45%","","3.23%","","","","","","","","","","$0","","","","$2,660,000","$2,715,000","-2.07%","22","","0.80%","","FALSE",""
"6/18/2024","$2,794,000","0.71%","548.49","485.21","13.79%","15.40%","18.48%","","3.97%","","","","","","","","","","$115,000","","","","$2,794,000","$2,830,000","-1.29%","23","","0.25%","","TRUE",""
"6/19/2024","$2,794,000","0.00%","547","481.47","13.79%","15.08%","17.57%","","3.97%","","","","","","","","","","$0","","","","$2,794,000","$2,830,000","-1.29%","24","","-0.27%","","TRUE",""
"6/20/2024","$2,765,000","-1.40%","547","481.47","12.20%","15.08%","17.57%","","2.52%","-1.40%","","","","","","","","","$10,000","","","","$2,765,000","$2,840,000","-2.71%","25","","0.00%","","FALSE",""
"6/21/2024","$2,804,000","1.41%","544.51","480.18","13.79%","14.56%","17.25%","","3.96%","","1.18%","","","","","","","","$0","","","","$2,804,000","$2,840,000","-1.28%","26","","-0.46%","","TRUE",""
"6/24/2024","$2,794,000","-0.36%","542.74","473.96","13.38%","14.19%","15.74%","","3.59%","-0.36%","","","","","","","","","$0","","","","$2,794,000","$2,840,000","-1.65%","27","","-0.33%","","FALSE",""
"6/25/2024","$2,815,000","0.75%","544.83","479.38","14.23%","14.63%","17.06%","","4.37%","","","","","","","","","","$0","","","","$2,815,000","$2,840,000","-0.89%","28","","0.39%","","TRUE",""
"6/26/2024","$2,798,000","-0.60%","545.51","480.37","13.54%","14.77%","17.30%","","3.74%","-0.60%","","","","","","","","","$0","","","","$2,798,000","$2,840,000","-1.50%","29","","0.12%","","FALSE",""
"6/27/2024","$2,808,000","0.36%","546.37","481.61","13.95%","14.95%","17.60%","","4.11%","","","","","","","","","","$0","","","","$2,808,000","$2,840,000","-1.14%","30","","0.16%","","TRUE",""
"6/28/2024","$2,751,000","-2.03%","544.22","479.11","11.64%","14.50%","16.99%","June","2.00%","-2.03%","-1.88%","2.00%","3.20%","6.30%","Q2","0.01%","4.04%","7.91%","$0","$44,000","","","$2,751,000","$2,840,000","-3.24%","31","","-0.39%","","FALSE",""
"7/1/2024","$2,754,000","0.11%","545.34","481.92","11.76%","14.73%","17.68%","","0.11%","","","","","","","","","","$0","","","","$2,754,000","$2,840,000","-3.12%","32","","0.21%","","FALSE",""
"7/2/2024","$2,732,000","-0.80%","549.01","486.98","10.86%","15.51%","18.91%","","-0.69%","-0.80%","","","","","","","","","$0","","","","$2,732,000","$2,840,000","-3.95%","33","","0.67%","","FALSE",""
"7/3/2024","$2,716,000","-0.59%","551.46","491.04","10.22%","16.02%","19.91%","","-1.27%","-0.59%","","","","","","","","","$0","","","","$2,716,000","$2,840,000","-4.57%","34","","0.45%","","FALSE",""
"7/5/2024","$2,732,000","0.59%","554.64","496.16","10.86%","16.69%","21.16%","","-0.69%","","-2.72%","","","","","","","","$0","","","","$2,732,000","$2,840,000","-3.95%","35","","0.58%","","TRUE",""
"7/8/2024","$2,762,000","1.10%","555.28","497.34","12.08%","16.82%","21.44%","","0.40%","","","","","","","","","","$0","","","","$2,762,000","$2,840,000","-2.82%","36","","0.12%","","TRUE",""
"7/9/2024","$2,798,000","1.30%","555.82","497.77","13.54%","16.94%","21.55%","","1.71%","","","","","","","","","","$0","","","","$2,798,000","$2,840,000","-1.50%","37","","0.10%","","TRUE",""
"7/10/2024","$2,804,000","0.21%","561.32","502.96","13.79%","18.10%","22.82%","","1.93%","","","","","","","","","","$0","","","","$2,804,000","$2,840,000","-1.28%","38","","0.99%","","FALSE",""
"7/11/2024","$2,811,000","0.25%","556.48","491.93","14.07%","17.08%","20.12%","","2.18%","","","","","","","","","","$0","","","","$2,811,000","$2,840,000","-1.03%","39","","-0.86%","","TRUE",""
"7/12/2024","$2,709,000","-3.63%","559.99","494.82","9.93%","17.82%","20.83%","","-1.53%","-3.63%","-0.76%","","","","","","","","$0","","","","$2,709,000","$2,840,000","-4.84%","40","","0.63%","","FALSE",""
"7/15/2024","$2,721,000","0.44%","561.53","496.15","10.42%","18.14%","21.15%","","-1.09%","","","","","","","","","","$0","","","","$2,721,000","$2,840,000","-4.37%","41","","0.28%","","TRUE",""
"7/16/2024","$2,758,000","1.36%","564.86","496.34","11.92%","18.84%","21.20%","","0.25%","","","","","","","","","","$0","","","","$2,758,000","$2,840,000","-2.97%","42","","0.59%","","TRUE",""
"7/17/2024","$2,772,000","1.23%","556.94","481.77","13.30%","17.17%","17.64%","","1.49%","","","","","","","","","","-$20,000","","","","$2,772,000","$2,820,000","-1.73%","43","","-1.40%","","TRUE",""
"7/18/2024","$2,758,000","-0.51%","552.66","479.49","12.73%","16.27%","17.09%","","0.98%","-0.51%","","","","","","","","","$0","","","","$2,758,000","$2,820,000","-2.25%","44","","-0.77%","","TRUE",""
"7/19/2024","$2,792,000","1.23%","548.99","475.24","14.12%","15.50%","16.05%","","2.22%","","3.76%","","","","","","","","$0","","","","$2,792,000","$2,820,000","-1.00%","45","","-0.66%","","TRUE",""
"7/22/2024","$2,786,000","-0.21%","554.65","482.32","13.87%","16.69%","17.78%","","2.00%","-0.21%","","","","","","","","","$0","","","","$2,786,000","$2,820,000","-1.22%","46","","1.03%","","FALSE",""
"7/23/2024","$2,784,000","-0.07%","553.78","480.62","13.79%","16.51%","17.36%","","1.93%","-0.07%","","","","","","","","","$0","","","","$2,784,000","$2,820,000","-1.29%","47","","-0.16%","","TRUE",""
"7/24/2024","$2,834,000","1.80%","541.23","463.38","15.83%","13.87%","13.15%","","3.76%","","","","","","","","","","$0","","","","$2,834,000","$2,834,000","0.00%","","","-2.27%","","TRUE",""
"7/25/2024","$2,782,000","-1.83%","538.41","458.27","13.71%","13.28%","11.90%","","1.86%","-1.83%","","","","","","","","","$0","","","","$2,782,000","$2,834,000","-1.87%","1","","-0.52%","","FALSE",""
"7/26/2024","$2,778,000","-0.14%","544.44","462.97","13.54%","14.54%","13.05%","","1.71%","-0.14%","-0.47%","","","","","","","","$0","","","","$2,778,000","$2,834,000","-2.02%","2","","1.12%","","FALSE",""
"7/29/2024","$2,796,000","0.65%","544.76","463.9","14.28%","14.61%","13.28%","","2.37%","","","","","","","","","","$0","","","","$2,796,000","$2,834,000","-1.36%","3","","0.06%","","TRUE",""
"7/30/2024","$2,737,000","-2.11%","542","457.53","11.87%","14.03%","11.72%","","0.21%","-2.11%","","","","","","","","","$0","","","","$2,737,000","$2,834,000","-3.54%","4","","-0.51%","","FALSE",""
"7/31/2024","$2,800,000","2.30%","550.81","471.07","14.44%","15.88%","15.03%","July","2.52%","","","2.52%","1.21%","-1.68%","","","","","$0","$69,000","","","$2,800,000","$2,834,000","-1.21%","5","","1.63%","","TRUE",""
"8/1/2024","$2,673,000","-4.54%","543.01","459.66","9.25%","14.24%","12.24%","","-4.54%","-4.54%","","","","","","","","","$0","","","","$2,673,000","$2,834,000","-6.02%","6","","-1.42%","","FALSE",""
"8/2/2024","$2,690,000","0.64%","532.9","448.75","9.95%","12.12%","9.58%","","-3.93%","","-3.06%","","","","","","","","$0","","","","$2,690,000","$2,834,000","-5.35%","7","","-1.86%","","TRUE",""
"8/5/2024","$2,648,000","-1.56%","517.38","435.37","8.23%","8.85%","6.31%","","-5.43%","-1.56%","","","","","","","","","$0","","","","$2,648,000","$2,834,000","-7.02%","8","","-2.91%","","TRUE",""
"8/6/2024","$2,648,000","0.00%","522.15","439.53","8.23%","9.85%","7.33%","","-5.43%","","","","","","","","","","$0","","","","$2,648,000","$2,834,000","-7.02%","9","","0.92%","","FALSE",""
"8/7/2024","$2,864,000","0.60%","518.66","434.77","8.89%","9.12%","6.17%","","-4.86%","","","","","","","","","","$200,000","","","","$2,864,000","$3,034,000","-5.94%","10","","-0.67%","","TRUE",""
"8/8/2024","$2,933,000","2.41%","530.65","448.07","11.51%","11.64%","9.41%","","-2.56%","","","","","","","","","","$0","","","","$2,933,000","$3,034,000","-3.44%","11","","2.31%","","TRUE",""
"8/9/2024","$2,955,000","0.75%","532.99","450.41","12.34%","12.14%","9.98%","","-1.83%","","2.20%","","","","","","","","$0","","","","$2,955,000","$3,034,000","-2.67%","12","","0.44%","","TRUE",""
"8/12/2024","$2,942,000","-0.44%","533.27","451.38","11.85%","12.19%","10.22%","","-2.27%","-0.44%","","","","","","","","","$0","","","","$2,942,000","$3,034,000","-3.13%","13","","0.05%","","FALSE",""
"8/13/2024","$3,002,000","2.04%","542.04","462.58","14.13%","14.04%","12.96%","","-0.27%","","","","","","","","","","$0","","","","$3,002,000","$3,034,000","-1.07%","14","","1.64%","","TRUE",""
"8/14/2024","$2,986,000","-0.53%","543.75","462.73","13.52%","14.40%","12.99%","","-0.80%","-0.53%","","","","","","","","","$0","","","","$2,986,000","$3,034,000","-1.61%","15","","0.32%","","FALSE",""
"8/15/2024","$3,156,000","5.69%","553.07","474.42","19.99%","16.36%","15.85%","","4.84%","","","","","","","","","","$0","","","","$3,156,000","$3,156,000","0.00%","","","1.71%","","TRUE",""
"8/16/2024","$3,197,000","1.30%","554.31","475.03","21.55%","16.62%","16.00%","","6.21%","","8.06%","","","","","","","","$0","","","","$3,197,000","$3,197,000","0.00%","","","0.22%","","TRUE",""
"8/19/2024","$3,225,000","0.88%","559.61","481.27","22.61%","17.74%","17.52%","","7.14%","","","","","","","","","","$0","","","","$3,225,000","$3,225,000","0.00%","","","0.96%","","FALSE",""
"8/20/2024","$3,251,000","0.81%","558.7","480.26","23.60%","17.54%","17.27%","","8.00%","","","","","","","","","","$0","","","","$3,251,000","$3,251,000","0.00%","","","-0.16%","","TRUE",""
"8/21/2024","$3,263,000","0.37%","560.62","482.5","24.05%","17.95%","17.82%","","8.40%","","","","","","","","","","$0","","","","$3,263,000","$3,263,000","0.00%","","","0.34%","","TRUE",""
"8/22/2024","$3,255,000","-0.25%","556.22","474.85","23.75%","17.02%","15.95%","","8.13%","-0.25%","","","","","","","","","$0","","","","$3,255,000","$3,263,000","-0.25%","1","","-0.78%","","TRUE",""
"8/23/2024","$3,238,000","-0.52%","562.13","480","23.10%","18.27%","17.21%","","7.57%","-0.52%","1.28%","","","","","","","","$0","","","","$3,238,000","$3,263,000","-0.77%","2","","1.06%","","FALSE",""
"8/26/2024","$3,259,000","0.65%","560.79","475.34","23.90%","17.98%","16.07%","","8.26%","","","","","","","","","","$0","","","","$3,259,000","$3,263,000","-0.12%","3","","-0.24%","","TRUE",""
"8/27/2024","$3,256,000","-0.09%","561.56","476.76","23.79%","18.15%","16.42%","","8.17%","-0.09%","","","","","","","","","$0","","","","$3,256,000","$3,263,000","-0.21%","4","","0.14%","","FALSE",""
"8/28/2024","$3,211,000","-1.38%","558.3","471.35","22.08%","17.46%","15.10%","","6.67%","-1.38%","","","","","","","","","$0","","","","$3,211,000","$3,263,000","-1.62%","5","","-0.58%","","FALSE",""
"8/29/2024","$3,157,000","-1.68%","558.35","470.66","20.02%","17.47%","14.93%","","4.88%","-1.68%","","","","","","","","","$0","","","","$3,157,000","$3,263,000","-3.36%","6","","0.01%","","FALSE",""
"8/30/2024","$3,140,000","-0.54%","563.68","476.27","19.38%","18.59%","16.30%","August","4.31%","-0.54%","-3.05%","4.31%","2.34%","1.10%","","","","","$0","$140,000","","","$3,140,000","$3,263,000","-3.92%","7","","0.95%","","FALSE",""
"9/3/2024","$3,141,000","0.03%","552.08","461.81","19.42%","16.15%","12.77%","","0.03%","","","","","","","","","","$0","","","","$3,141,000","$3,263,000","-3.88%","8","","-2.06%","","TRUE",""
"9/4/2024","$3,167,000","0.83%","550.95","460.61","20.40%","15.91%","12.48%","","0.86%","","","","","","","","","","$0","","","","$3,167,000","$3,263,000","-3.03%","9","","-0.20%","","TRUE",""
"9/5/2024","$3,127,000","-1.58%","549.61","461.04","18.50%","15.63%","12.58%","","-0.73%","-1.58%","","","","","","","","","$10,000","","","","$3,127,000","$3,273,000","-4.67%","10","","-0.24%","","FALSE",""
"9/6/2024","$3,190,000","2.01%","540.36","448.69","20.89%","13.69%","9.56%","","1.27%","","0.76%","","","","","","","","$0","","","","$3,190,000","$3,273,000","-2.60%","11","","-1.68%","","TRUE",""
"9/9/2024","$3,318,000","-0.06%","546.41","454.46","20.82%","14.96%","10.97%","","1.20%","-0.06%","","","","","","","","","$130,000","","","","$3,318,000","$3,403,000","-2.56%","12","","1.12%","","FALSE",""
"9/10/2024","$3,432,000","1.93%","548.79","458.66","23.15%","15.46%","12.00%","","3.16%","","","","","","","","","","$50,000","","","","$3,432,000","$3,453,000","-0.61%","13","","0.44%","","TRUE",""
"9/11/2024","$3,425,000","-0.20%","554.42","468.62","22.89%","16.64%","14.43%","","2.95%","-0.20%","","","","","","","","","$0","","","","$3,425,000","$3,453,000","-0.82%","14","","1.03%","","FALSE",""
"9/12/2024","$3,504,000","2.31%","559.09","473.22","25.73%","17.63%","15.55%","","5.32%","","","","","","","","","","$0","","","","$3,504,000","$3,504,000","0.00%","","","0.84%","","TRUE",""
"9/13/2024","$3,597,000","2.65%","562.01","475.34","29.07%","18.24%","16.07%","","8.12%","","6.62%","","","","","","","","$0","","","","$3,597,000","$3,597,000","0.00%","","","0.52%","","TRUE",""
"9/16/2024","$3,679,000","2.28%","562.84","473.24","32.01%","18.42%","15.56%","","10.58%","","","","","","","","","","$0","","","","$3,679,000","$3,679,000","0.00%","","","0.15%","","TRUE",""
"9/17/2024","$3,814,000","0.82%","563.07","473.49","33.09%","18.46%","15.62%","","11.48%","","","","","","","","","","$105,000","","","","$3,814,000","$3,814,000","0.00%","","","0.04%","","TRUE",""
"9/18/2024","$3,852,000","-0.18%","561.4","471.44","32.84%","18.11%","15.12%","","11.28%","-0.18%","","","","","","","","","$45,000","","","","$3,852,000","$3,859,000","-0.18%","1","","-0.30%","","TRUE",""
"9/19/2024","$3,847,000","-0.78%","570.98","483.36","31.81%","20.13%","18.03%","","10.41%","-0.78%","","","","","","","","","$25,000","","","","$3,847,000","$3,884,000","-0.96%","2","","1.71%","","FALSE",""
"9/20/2024","$3,797,000","-1.30%","568.25","482.44","30.09%","19.55%","17.81%","","8.98%","-1.30%","0.83%","","","","","","","","$0","","","","$3,797,000","$3,884,000","-2.29%","3","","-0.48%","","FALSE",""
"9/23/2024","$3,946,000","2.08%","569.67","483.04","32.80%","19.85%","17.95%","","11.24%","","","","","","","","","","$70,000","","","","$3,946,000","$3,954,000","-0.20%","4","","0.25%","","TRUE",""
"9/24/2024","$3,947,000","0.03%","571.3","485.37","32.83%","20.20%","18.52%","","11.27%","","","","","","","","","","$0","","","","$3,947,000","$3,954,000","-0.18%","5","","0.29%","","FALSE",""
"9/25/2024","$3,994,000","1.19%","570.04","485.82","34.42%","19.93%","18.63%","","12.60%","","","","","","","","","","$0","","","","$3,994,000","$3,994,000","0.00%","","","-0.22%","","TRUE",""
"9/26/2024","$3,966,000","-0.70%","572.3","489.47","33.47%","20.41%","19.52%","","11.81%","-0.70%","","","","","","","","","","","","","$3,966,000","$3,994,000","-0.71%","1","","0.40%","","FALSE",""
"9/27/2024","$3,980,000","0.35%","571.47","486.75","33.94%","20.23%","18.86%","","12.20%","","2.95%","","","","","","","","$0","","","","$3,980,000","$3,994,000","-0.35%","2","","-0.15%","","TRUE",""
"9/30/2024","$3,903,000","-2.44%","573.76","488.07","30.68%","20.71%","19.18%","September","9.47%","-2.44%","","9.47%","1.79%","2.48%","Q3","17.06%","5.43%","1.87%","$20,000","$308,000","","","$3,903,000","$4,014,000","-2.84%","3","","0.40%","","FALSE",""
"10/1/2024","$3,898,000","-0.13%","568.62","481.27","30.51%","19.63%","17.52%","","-0.13%","-0.13%","","","","","","","","","$0","","","","$3,898,000","$4,014,000","-2.98%","4","","-0.90%","","TRUE",""
"10/2/2024","$3,949,000","0.74%","568.86","481.95","31.48%","19.68%","17.69%","","0.61%","","","","","","","","","","$22,000","","","","$3,949,000","$4,036,000","-2.20%","5","","0.04%","","TRUE",""
"10/3/2024","$3,925,000","-0.61%","567.82","481.59","30.68%","19.46%","17.60%","","0.00%","-0.61%","","","","","","","","","$0","","","","$3,925,000","$4,036,000","-2.83%","6","","-0.18%","","FALSE",""
"10/4/2024","$3,917,000","-0.20%","572.98","487.32","30.42%","20.55%","19.00%","","-0.20%","-0.20%","-2.63%","","","","","","","","$0","","","","$3,917,000","$4,036,000","-3.04%","7","","0.91%","","",""
"10/7/2024","$3,892,000","-0.64%","567.8","482.1","29.59%","19.46%","17.72%","","-0.84%","-0.64%","","","","","","","","","$0","","","","$3,892,000","$4,036,000","-3.70%","8","","-0.90%","","",""
"10/8/2024","$3,900,000","0.21%","573.17","489.3","29.85%","20.59%","19.48%","","-0.63%","","","","","","","","","","$0","","","","$3,900,000","$4,036,000","-3.49%","9","","0.95%","","",""
"10/9/2024","$3,988,000","2.26%","577.14","493.15","32.78%","21.42%","20.42%","","1.61%","","","","","","","","","","$0","","","","$3,988,000","$4,036,000","-1.20%","10","","0.69%","","",""
"10/10/2024","$3,945,000","-1.08%","576.13","492.59","31.35%","21.21%","20.28%","","0.51%","-1.08%","","","","","","","","","$0","","","","$3,945,000","$4,036,000","-2.31%","11","","-0.18%","","",""
"10/11/2024","$3,934,000","-0.28%","579.58","493.36","30.98%","21.94%","20.47%","","0.23%","-0.28%","0.47%","","","","","","","","$0","","","","$3,934,000","$4,036,000","-2.59%","12","","0.60%","","",""
"10/14/2024","$4,005,000","1.80%","584.32","497.5","33.35%","22.93%","21.48%","","2.04%","","","","","","","","","","$0","","","","$4,005,000","$4,036,000","-0.77%","13","","0.82%","","",""
"10/15/2024","$3,947,000","-1.45%","579.78","490.85","31.42%","21.98%","19.86%","","0.56%","-1.45%","","","","","","","","","$0","","","","$3,947,000","$4,036,000","-2.25%","14","","-0.78%","","",""
"10/16/2024","$3,999,100","1.32%","582.3","490.91","33.15%","22.51%","19.87%","","1.89%","","","","","","","","","","$0","","","","$3,999,100","$4,036,000","-0.92%","15","","0.43%","","",""
"10/17/2024","$3,949,000","-1.25%","582.35","491.25","31.48%","22.52%","19.96%","","0.61%","-1.25%","","","","","","","","","$0","","","","$3,949,000","$4,036,000","-2.20%","16","","0.01%","","",""
"10/18/2024","$4,024,000","-0.51%","584.59","494.47","30.82%","22.99%","20.74%","","0.11%","-0.51%","-0.08%","","","","","","","","$95,000","","","","$4,024,000","$4,131,000","-2.66%","17","","0.38%","","",""
"10/21/2024","$3,991,000","-0.82%","583.63","495.42","29.74%","22.79%","20.98%","","-0.72%","-0.82%","","","","","","","","","$0","","","","$3,991,000","$4,131,000","-3.51%","18","","-0.16%","","",""
"10/22/2024","$4,152,000","-0.18%","583.32","495.96","29.51%","22.72%","21.11%","","-0.89%","-0.18%","","","","","","","","","$168,088","","","","$4,152,000","$4,299,088","-3.54%","19","","-0.05%","","",""
"10/23/2024","$4,145,000","-0.41%","577.99","488.36","28.98%","21.60%","19.25%","","-1.30%","-0.41%","","","","","","","","","$10,000","","","","$4,145,000","$4,309,088","-3.96%","20","","-0.91%","","",""
"10/24/2024","$4,127,000","-0.43%","579.24","492.32","28.42%","21.87%","20.22%","","-1.73%","-0.43%","","","","","","","","","$0","","","","$4,127,000","$4,309,088","-4.41%","21","","0.22%","","",""
"10/25/2024","$4,123,000","-0.10%","579.04","495.32","28.30%","21.82%","20.95%","","-1.82%","-0.10%","-1.94%","","","","","","","","$0","","","","$4,123,000","$4,309,088","-4.51%","22","","-0.03%","","",""
"10/28/2024","$4,150,000","0.65%","580.83","495.4","29.14%","22.20%","20.97%","","-1.18%","","","","","","","","","","$0","","","","$4,150,000","$4,309,088","-3.83%","23","","0.31%","","",""
"10/29/2024","$4,117,000","-0.80%","581.77","500.16","28.11%","22.40%","22.13%","","-1.96%","-0.80%","","","","","","","","","$0","","","","$4,117,000","$4,309,088","-4.67%","24","","0.16%","","",""
"10/30/2024","$4,026,000","-2.21%","580.01","496.38","25.28%","22.03%","21.21%","","-4.13%","-2.21%","","","","","","","","","$0","","","","$4,026,000","$4,309,088","-7.03%","25","","-0.30%","","",""
"10/31/2024","$3,994,000","-0.79%","568.64","483.85","24.28%","19.64%","18.15%","October","-4.89%","-0.79%","","-4.89%","-0.89%","-0.86%","","","","","$0","-$224,088","","","$3,994,000","$4,309,088","-7.89%","26","","-1.96%","","",""
"11/1/2024","$3,942,000","-1.30%","571.04","487.43","22.67%","20.14%","19.02%","","-1.30%","-1.30%","-4.45%","","","","","","","","$0","","","","$3,942,000","$4,309,088","-9.31%","27","","0.42%","","",""
"11/4/2024","$3,926,000","-0.41%","569.81","486.01","22.17%","19.88%","18.68%","","-1.70%","-0.41%","","","","","","","","","$0","","","","$3,926,000","$4,309,088","-9.76%","28","","-0.22%","","",""
"11/5/2024","$4,026,000","2.55%","576.7","492.21","25.28%","21.33%","20.19%","","0.80%","","","","","","","","","","$0","","","","$4,026,000","$4,309,088","-7.03%","29","","1.21%","","",""
"11/6/2024","$4,227,000","4.99%","591.04","505.58","31.54%","24.35%","23.46%","","5.83%","","","","","","","","","","$0","","","","$4,227,000","$4,309,088","-1.94%","30","","2.49%","","",""
"11/7/2024","$4,517,000","2.13%","595.61","513.54","34.34%","25.31%","25.40%","","8.09%","","","","","","","","","","$200,000","","","","$4,517,000","$4,517,000","0.00%","","","0.77%","","",""
"11/8/2024","$4,524,000","0.15%","598.19","514.14","34.54%","25.85%","25.55%","","8.25%","","9.42%","","","","","","","","$0","","","","$4,524,000","$4,524,000","0.00%","","","0.43%","","",""
"11/11/2024","$4,558,000","0.75%","598.76","513.84","35.56%","25.97%","25.47%","","9.07%","","","","","","","","","","$0","","","","$4,558,000","$4,558,000","0.00%","","","0.10%","","",""
"11/12/2024","$4,504,000","-1.18%","596.9","512.91","33.95%","25.58%","25.25%","","7.78%","-1.18%","","","","","","","","","$0","","","","$4,504,000","$4,558,000","-1.20%","1","","-0.31%","","",""
"11/13/2024","$4,421,000","-1.84%","597.19","512.25","31.48%","25.64%","25.09%","","5.79%","-1.84%","","","","","","","","","$0","","","","$4,421,000","$4,558,000","-3.10%","2","","0.05%","","",""
"11/14/2024","$4,342,000","-0.59%","593.35","508.69","30.70%","24.83%","24.22%","","5.16%","-0.59%","","","","","","","","","-$52,750","","","","$4,342,000","$4,505,250","-3.76%","3","","-0.64%","","",""
"11/15/2024","$4,362,000","0.46%","585.75","496.57","31.30%","23.24%","21.26%","","5.65%","","-2.41%","","","","","","","","$0","","","","$4,362,000","$4,505,250","-3.28%","4","","-1.28%","","",""
"11/18/2024","$4,402,000","0.92%","588.15","500.02","32.51%","23.74%","22.10%","","6.61%","","","","","","","","","","$0","","","","$4,402,000","$4,505,250","-2.35%","5","","0.41%","","",""
"11/19/2024","$4,424,000","0.50%","590.3","503.46","33.17%","24.19%","22.94%","","7.15%","","","","","","","","","","$0","","","","$4,424,000","$4,505,250","-1.84%","6","","0.37%","","",""
"11/20/2024","$4,350,000","-1.73%","590.5","503.17","30.87%","24.23%","22.87%","","5.30%","-1.73%","","","","","","","","","$2,500","","","","$4,350,000","$4,507,750","-3.63%","7","","0.03%","","",""
"11/21/2024","$4,407,000","1.02%","593.67","504.98","32.20%","24.90%","23.31%","","6.37%","","","","","","","","","","$12,500","","","","$4,407,000","$4,520,250","-2.57%","8","","0.54%","","",""
"11/22/2024","$4,355,000","-1.18%","595.51","505.79","30.64%","25.29%","23.51%","","5.12%","-1.18%","-0.47%","","","","","","","","$0","","","","$4,355,000","$4,520,250","-3.79%","9","","0.31%","","",""
"11/25/2024","$4,426,000","0.84%","597.53","506.59","31.75%","25.71%","23.70%","","6.00%","","","","","","","","","","$34,273","","","","$4,426,000","$4,554,523","-2.90%","10","","0.34%","","",""
"11/26/2024","$4,486,000","1.07%","600.65","509.31","33.16%","26.37%","24.37%","","7.14%","","","","","","","","","","$12,500","","","","$4,486,000","$4,567,023","-1.81%","11","","0.52%","","",""
"11/27/2024","$4,492,000","0.13%","598.83","505.3","33.34%","25.99%","23.39%","","7.28%","","","","","","","","","","$0","","","","$4,492,000","$4,567,023","-1.67%","12","","-0.30%","","",""
"11/29/2024","$4,638,000","1.02%","602.55","509.74","34.70%","26.77%","24.47%","November","8.38%","","3.07%","8.38%","5.96%","5.35%","","","","","$100,000","$334,977","","","$4,638,000","$4,667,023","-0.63%","13","","0.62%","","",""
"12/2/2024","$4,688,000","1.08%","603.63","515.29","36.16%","27.00%","25.83%","","1.08%","","","","","","","","","","$0","","","","$4,688,000","$4,688,000","0.00%","","","0.18%","","",""
"12/3/2024","$4,715,000","0.58%","603.91","516.87","36.94%","27.06%","26.21%","","1.66%","","","","","","","","","","$0","","","","$4,715,000","$4,715,000","0.00%","","","0.05%","","",""
"12/4/2024","$4,748,000","0.70%","607.66","523.26","37.90%","27.84%","27.77%","","2.37%","","","","","","","","","","$0","","","","$4,748,000","$4,748,000","0.00%","","","0.62%","","",""
"12/5/2024","$4,684,000","-1.35%","606.66","521.81","36.04%","27.63%","27.42%","","0.99%","-1.35%","","","","","","","","","$0","","","","$4,684,000","$4,748,000","-1.37%","1","","-0.16%","","",""
"12/6/2024","$4,683,000","-0.02%","607.81","526.48","36.01%","27.88%","28.56%","","0.97%","-0.02%","0.98%","","","","","","","","$0","","","","$4,683,000","$4,748,000","-1.39%","2","","0.19%","","",""
"12/9/2024","$4,626,000","-1.22%","604.68","522.38","34.36%","27.22%","27.56%","","-0.26%","-1.22%","","","","","","","","","$0","","","","$4,626,000","$4,748,000","-2.64%","3","","-0.51%","","",""
"12/10/2024","$4,610,000","-0.35%","602.8","520.6","33.89%","26.82%","27.12%","","-0.60%","-0.35%","","","","","","","","","$0","","","","$4,610,000","$4,748,000","-2.99%","4","","-0.31%","","",""
"12/11/2024","$4,626,000","0.35%","607.46","529.92","34.36%","27.80%","29.40%","","-0.26%","","","","","","","","","","$0","","","","$4,626,000","$4,748,000","-2.64%","5","","0.77%","","",""
"12/12/2024","$4,550,000","-1.64%","604.33","526.5","32.15%","27.14%","28.57%","","-1.90%","-1.64%","","","","","","","","","$0","","","","$4,550,000","$4,748,000","-4.35%","6","","-0.52%","","",""
"12/13/2024","$4,573,000","0.51%","604.21","530.53","32.82%","27.12%","29.55%","","-1.40%","","-2.35%","","","","","","","","$0","","","","$4,573,000","$4,748,000","-3.83%","7","","-0.02%","","",""
"12/16/2024","$4,536,000","-0.81%","606.79","538.17","31.74%","27.66%","31.41%","","-2.20%","-0.81%","","","","","","","","","$0","","","","$4,536,000","$4,748,000","-4.67%","8","","0.43%","","",""
"12/17/2024","$4,480,000","-0.79%","604.29","535.8","30.70%","27.14%","30.84%","","-2.98%","-0.79%","","","","","","","","","-$20,000","","","","$4,480,000","$4,728,000","-5.54%","9","","-0.41%","","",""
"12/18/2024","$4,562,000","1.83%","586.28","516.47","33.09%","23.35%","26.12%","","-1.20%","","","","","","","","","","$0","","","","$4,562,000","$4,728,000","-3.64%","10","","-2.98%","","",""
"12/19/2024","$4,503,000","-1.29%","586.1","514.17","31.37%","23.31%","25.55%","","-2.48%","-1.29%","","","","","","","","","$0","","","","$4,503,000","$4,728,000","-5.00%","11","","-0.03%","","",""
"12/20/2024","$4,486,000","-0.38%","591.15","518.66","30.87%","24.37%","26.65%","","-2.85%","-0.38%","-1.44%","","","","","","","","$0","","","","$4,486,000","$4,728,000","-5.39%","12","","0.86%","","",""
"12/23/2024","$4,476,000","-0.22%","594.69","522.87","30.58%","25.12%","27.68%","","-3.06%","-0.22%","","","","","","","","","$0","","","","$4,476,000","$4,728,000","-5.63%","13","","0.60%","","",""
"12/24/2024","$4,518,000","0.94%","601.3","529.96","31.80%","26.51%","29.41%","","-2.15%","","","","","","","","","","$0","","","","$4,518,000","$4,728,000","-4.65%","14","","1.11%","","",""
"12/26/2024","$4,556,000","0.84%","601.34","529.6","32.91%","26.52%","29.32%","","-1.33%","","","","","","","","","","$0","","","","$4,556,000","$4,728,000","-3.78%","15","","0.01%","","",""
"12/27/2024","$4,561,000","0.11%","595.01","522.56","33.06%","25.18%","27.60%","","-1.22%","","1.29%","","","","","","","","$0","","","","$4,561,000","$4,728,000","-3.66%","16","","-1.05%","","",""
"12/30/2024","$4,475,000","-1.89%","588.22","515.61","30.55%","23.76%","25.91%","","-3.08%","-1.89%","","","","","","","","","$0","","","","$4,475,000","$4,728,000","-5.65%","17","","-1.14%","","",""
"12/31/2024","$4,851,000","0.58%","586.08","511.23","31.31%","23.30%","24.84%","December","-2.52%","","","-2.52%","-2.73%","0.29%","Q4","0.48%","2.15%","4.75%","$350,000","-$217,000","","","$4,851,000","$5,078,000","-4.68%","18","","-0.36%","","",""
"1/2/2025","$5,389,000","0.29%","584.64","510.23","31.69%","23.00%","24.59%","","-2.24%","","","","","","","","","","$524,000","","","","$5,389,000","$5,389,000","0.00%","","","-0.25%","","",""
"1/3/2025","$5,480,000","1.69%","591.95","518.58","33.91%","24.54%","26.63%","","-0.59%","","1.98%","","","","","","","","","","","","$5,480,000","$5,480,000","0.00%","","","1.25%","","",""
"1/6/2025","$5,508,000","0.51%","595.36","524.54","34.60%","25.26%","28.09%","","-0.08%","","","","","","","","","","","","","","$5,508,000","$5,508,000","0.00%","","","0.58%","","",""
"1/7/2025","$5,487,000","-0.38%","588.63","515.18","34.08%","23.84%","25.80%","","-0.46%","-0.38%","","","","","","","","","","","","","$5,487,000","$5,508,000","-0.38%","","","-1.13%","","",""
"1/8/2025","$5,482,000","-0.09%","589.49","515.27","33.96%","24.02%","25.82%","","-0.55%","-0.09%","","","","","","","","","","","","","$5,482,000","$5,508,000","-0.47%","","","0.15%","","",""
"1/9/2025","$5,482,000","0.00%","580.49","507.19","33.96%","22.13%","23.85%","","-0.55%","","","","","","","","","","","","","","$5,482,000","$5,508,000","-0.47%","","","-1.53%","","",""
"1/10/2025","$5,505,000","0.42%","580.49","507.19","34.52%","22.13%","23.85%","","-0.13%","","0.46%","","","","","","","","","","","","$5,505,000","$5,508,000","-0.05%","4","","0.00%","","",""
"1/13/2025","$5,582,000","1.40%","581.39","505.56","36.40%","22.32%","23.45%","","1.26%","","","","","","","","","","","","","","$5,582,000","$5,582,000","0.00%","","","0.16%","","",""
"1/14/2025","$5,518,000","-1.15%","582.19","505.08","34.84%","22.49%","23.33%","","0.10%","-1.15%","","","","","","","","","","","","","$5,518,000","$5,582,000","-1.16%","1","","0.14%","","",""
"1/15/2025","$5,606,000","1.59%","592.78","516.7","36.99%","24.71%","26.17%","","1.70%","","","","","","","","","","","","","","$5,606,000","$5,606,000","0.00%","","","1.82%","","",""
"1/16/2025","$5,581,000","-0.45%","591.64","513.08","36.38%","24.47%","25.29%","","1.24%","-0.45%","","","","","","","","","","","","","$5,581,000","$5,606,000","-0.45%","1","","-0.19%","","",""
"1/17/2025","$5,715,000","2.40%","597.58","521.74","39.65%","25.72%","27.40%","","3.67%","","3.80%","","","","","","","","","","","","$5,715,000","$5,715,000","0.00%","","","1.00%","","",""
"1/21/2025","$5,821,000","1.85%","603.05","524.8","42.24%","26.88%","28.15%","","5.60%","","","","","","","","","","","","","","$5,821,000","$5,821,000","0.00%","","","0.92%","","",""
"1/22/2025","$5,894,000","1.25%","606.44","531.51","44.03%","27.59%","29.79%","","6.92%","","","","","","","","","","","","","","$5,894,000","$5,894,000","0.00%","","","0.56%","","",""
"1/23/2025","$5,903,000","0.15%","609.75","532.64","44.25%","28.28%","30.06%","","7.09%","","","","","","","","","","","","","","$5,903,000","$5,903,000","0.00%","","","0.55%","","",""
"1/24/2025","$5,957,000","0.91%","607.97","529.63","45.57%","27.91%","29.33%","","8.06%","","","","","","","","","","","","","","$5,957,000","$5,957,000","0.00%","","","-0.29%","","",""
"1/27/2025","$5,806,000","-2.53%","599.37","514.21","41.88%","26.10%","25.56%","","5.33%","-2.53%","1.64%","","","","","","","","","","","","$5,806,000","$5,957,000","-2.60%","","","-1.41%","","",""
"1/28/2025","$5,863,000","0.98%","604.52","521.81","43.27%","27.18%","27.42%","","6.36%","","","","","","","","","","","","","","$5,863,000","$5,957,000","-1.60%","","","0.86%","","",""
"1/29/2025","$5,855,000","-0.14%","601.81","520.83","43.07%","26.61%","27.18%","","6.21%","-0.14%","","","","","","","","","","","","","$5,855,000","$5,957,000","-1.74%","","","-0.45%","","",""
"1/30/2025","$5,719,000","-2.32%","605.04","523.05","39.75%","27.29%","27.72%","","3.75%","-2.32%","","","","","","","","","","","","","$5,719,000","$5,957,000","-4.16%","","","0.54%","","",""
"1/31/2025","$5,701,000","-0.31%","601.82","522.29","39.31%","26.62%","27.54%","January","3.42%","-0.31%","-4.33%","6.09%","2.69%","2.16%","","","","","","","","","$5,701,000","$5,957,000","-4.49%","","","-0.53%","","",""
"2/3/2025","$7,126,000","0.61%","597.77","518.11","40.17%","25.76%","26.52%","","4.06%","","","","","","","","","","$1,390,000","","","","$7,126,000","$7,347,000","-3.10%","","","-0.67%","","",""
"2/4/2025","$7,454,000","1.09%","601.78","524.47","41.70%","26.61%","28.07%","","5.19%","","","","","","","","","","$250,000","","","","$7,454,000","$7,597,000","-1.92%","","","0.67%","","",""
"2/5/2025","$7,526,000","0.97%","604.22","526.85","43.07%","27.12%","28.65%","","6.21%","","","","","","","","","","","","","","$7,526,000","$7,597,000","-0.94%","","","0.41%","","",""
"2/6/2025","$7,495,000","-0.41%","606.32","529.6","42.48%","27.56%","29.32%","","5.77%","-0.41%","","","","","","","","","","","","","$7,495,000","$7,597,000","-1.36%","","","0.35%","","",""
"2/7/2025","$7,516,000","0.28%","600.77","522.92","42.88%","26.40%","27.69%","","6.07%","","2.54%","","","","","","","","","","","","$7,516,000","$7,597,000","-1.08%","","","-0.92%","","",""
"2/10/2025","$7,572,000","0.75%","604.85","529.25","43.94%","27.25%","29.24%","","6.86%","","","","","","","","","","","","","","$7,572,000","$7,597,000","-0.33%","11","","0.68%","","",""
"2/11/2025","$7,605,000","0.44%","605.31","527.99","44.57%","27.35%","28.93%","","7.33%","","","","","","","","","","","","","","$7,605,000","$7,605,000","0.00%","","","0.08%","","",""
"2/12/2025","$7,514,000","-1.20%","603.36","528.3","42.84%","26.94%","29.00%","","6.04%","-1.20%","","","","","","","","","","","","","$7,514,000","$7,605,000","-1.21%","","","-0.32%","","",""
"2/13/2025","$7,547,000","0.44%","609.73","535.9","43.47%","28.28%","30.86%","","6.51%","","","","","","","","","","","","","","$7,547,000","$7,605,000","-0.77%","","","1.06%","","",""
"2/14/2025","$7,585,000","0.50%","609.7","538.15","44.19%","28.27%","31.41%","","7.04%","","0.93%","","","","","","","","","","","","$7,585,000","$7,605,000","-0.26%","","","0.00%","","",""
"2/18/2025","$7,550,000","-0.46%","611.49","539.37","43.53%","28.65%","31.71%","","6.55%","-0.46%","","","","","","","","","","","","","$7,550,000","$7,605,000","-0.73%","","","0.29%","","",""
"2/19/2025","$7,553,000","0.04%","612.93","539.52","43.58%","28.95%","31.74%","","6.59%","","","","","","","","","","","","","","$7,553,000","$7,605,000","-0.69%","","","0.24%","","",""
"2/20/2025","$7,545,000","-0.11%","610.38","537.23","43.43%","28.42%","31.19%","","6.48%","-0.11%","","","","","","","","","","","","","$7,545,000","$7,605,000","-0.80%","6","","-0.42%","","",""
"2/21/2025","$7,694,000","1.97%","599.94","526.08","46.26%","26.22%","28.46%","","8.58%","","1.95%","","","","","","","","","","","","$7,694,000","$7,694,000","0.00%","","","-1.71%","","",""
"2/24/2025","$7,691,000","-0.04%","597.21","519.87","46.21%","25.65%","26.95%","","8.54%","-0.04%","","","","","","","","","","","","","$7,691,000","$7,694,000","-0.04%","","","-0.46%","","",""
"2/25/2025","$7,629,000","-0.81%","594.24","513.32","45.03%","25.02%","25.35%","","7.66%","-0.81%","","","","","","","","","","","","","$7,629,000","$7,694,000","-0.85%","","","-0.50%","","",""
"2/26/2025","$7,628,000","-0.01%","594.54","514.56","45.01%","25.08%","25.65%","","7.65%","-0.01%","","","","","","","","","","","","","$7,628,000","$7,694,000","-0.87%","","","0.05%","","",""
"2/27/2025","$7,634,000","0.08%","585.05","500.27","45.12%","23.09%","22.16%","","7.73%","","","","","","","","","","","","","","$7,634,000","$7,694,000","-0.79%","","","-1.60%","","",""
"2/28/2025","$7,390,000","-3.20%","594.18","508.17","40.48%","25.01%","24.09%","February","4.29%","-3.20%","-3.98%","0.84%","-1.27%","-2.70%","","","","","","","","","$7,390,000","$7,694,000","-4.11%","","","1.56%","","",""
"3/3/2025","$7,344,000","-0.62%","583.77","497.05","39.61%","22.82%","21.37%","","3.64%","-0.62%","","","","","","","","","","","","","$7,344,000","$7,694,000","-4.77%","","","-1.75%","","",""
"3/4/2025","$8,227,000","-0.91%","576.86","495.55","38.34%","21.37%","21.01%","","2.70%","-0.91%","","","","","","","","","$950,000","","","","$8,227,000","$8,644,000","-5.07%","","","-1.18%","","",""
"3/5/2025","$8,297,000","0.85%","583.06","502.01","39.51%","22.67%","22.58%","","3.57%","","","","","","","","","","","","","","$8,297,000","$8,644,000","-4.18%","","","1.07%","","",""
"3/6/2025","$8,264,000","-0.40%","572.71","488.2","38.96%","20.49%","19.21%","","3.16%","-0.40%","","","","","","","","","","","","","$8,264,000","$8,644,000","-4.60%","","","-1.78%","","",""
"3/7/2025","$8,236,000","-0.34%","575.92","491.79","38.49%","21.17%","20.09%","","2.81%","-0.34%","-1.42%","","","","","","","","","","","","$8,236,000","$8,644,000","-4.95%","","","0.56%","","",""
"3/10/2025","$8,122,000","-1.38%","560.58","472.73","36.57%","17.94%","15.44%","","1.39%","-1.38%","","","","","","","","","","","","","$8,122,000","$8,644,000","-6.43%","","","-2.66%","","",""
"3/11/2025","$8,150,000","0.34%","555.92","471.6","37.04%","16.96%","15.16%","","1.74%","","","","","","","","","","","","","","$8,150,000","$8,644,000","-6.06%","","","-0.83%","","",""
"3/12/2025","$8,187,000","0.45%","558.87","476.92","37.66%","17.58%","16.46%","","2.20%","","","","","","","","","","","","","","$8,187,000","$8,644,000","-5.58%","","","0.53%","","",""
"3/13/2025","$8,286,000","1.21%","551.42","468.34","39.33%","16.01%","14.36%","","3.43%","","","","","","","","","","","","","","$8,286,000","$8,644,000","-4.32%","","","-1.33%","","",""
"3/14/2025","$8,344,000","0.70%","562.81","479.66","40.30%","18.41%","17.13%","","4.16%","","1.32%","","","","","","","","","","","","$8,344,000","$8,644,000","-3.60%","","","2.07%","","",""
"3/17/2025","$8,421,000","0.92%","567.15","482.77","41.60%","19.32%","17.89%","","5.12%","","","","","","","","","","","","","","$8,421,000","$8,644,000","-2.65%","","","0.77%","","",""
"3/18/2025","$8,530,000","1.29%","561.02","474.54","43.43%","18.03%","15.88%","","6.48%","","","","","","","","","","","","","","$8,530,000","$8,644,000","-1.34%","","","-1.08%","","",""
"3/19/2025","$8,566,000","0.42%","567.13","480.89","44.04%","19.32%","17.43%","","6.93%","","","","","","","","","","","","","","$8,566,000","$8,644,000","-0.91%","","","1.09%","","",""
"3/20/2025","$8,549,000","-0.20%","565.49","479.26","43.75%","18.97%","17.03%","","6.72%","-0.20%","","","","","","","","","","","","","$8,549,000","$8,644,000","-1.11%","","","-0.29%","","",""
"3/21/2025","$8,623,000","0.87%","563.98","480.84","45.00%","18.66%","17.42%","","7.64%","","3.31%","","","","","","","","","","","","$8,623,000","$8,644,000","-0.24%","20","","-0.27%","","",""
"3/24/2025","$8,672,000","0.57%","574.08","490.66","45.82%","20.78%","19.81%","","8.25%","","","","","","","","","","","","","","$8,672,000","$8,672,000","0.00%","","","1.79%","","",""
"3/25/2025","$8,781,000","1.26%","575.46","493.46","47.65%","21.07%","20.50%","","9.61%","","","","","","","","","","","","","","$8,781,000","$8,781,000","0.00%","","","0.24%","","",""
"3/26/2025","$8,774,000","-0.08%","568.59","484.38","47.53%","19.63%","18.28%","","9.52%","-0.08%","","","","","","","","","","","","","$8,774,000","$8,781,000","-0.08%","","","-1.19%","","",""
"3/27/2025","$8,740,000","-0.39%","567.08","481.62","46.96%","19.31%","17.61%","","9.10%","-0.39%","","","","","","","","","","","","","$8,740,000","$8,781,000","-0.47%","2","","-0.27%","","",""
"3/28/2025","$8,816,000","0.87%","555.66","468.94","48.24%","16.90%","14.51%","","10.05%","","2.23%","","","","","","","","","","","","$8,816,000","$8,816,000","0.00%","","","-2.01%","","",""
"3/31/2025","$8,814,000","-0.02%","559.39","468.92","48.21%","17.69%","14.50%","March","10.02%","-0.02%","","5.50%","-5.86%","-7.72%","Q1","12.87%","-4.55%","-8.28%","","","","","$8,814,000","$8,816,000","-0.02%","","","0.67%","","",""
"4/1/2025","$9,752,000","-0.14%","560.97","472.7","48.00%","18.02%","15.43%","","9.87%","-0.14%","","","","","","","","","$950,000","","","","$9,752,000","$9,766,000","-0.14%","","","0.28%","","",""
"4/2/2025","$9,704,000","-0.49%","564.52","476.15","47.28%","18.77%","16.27%","","9.33%","-0.49%","","","","","","","","","","","","","$9,704,000","$9,766,000","-0.64%","3","","0.63%","","",""
"4/3/2025","$9,782,000","0.80%","536.7","450.66","48.46%","12.92%","10.05%","","10.21%","","","","","","","","","","","","","","$9,782,000","$9,782,000","0.00%","","","-4.93%","","",""
"4/4/2025","$9,900,000","1.21%","505.28","422.67","50.25%","6.31%","3.21%","","11.54%","","1.36%","","","","","","","","","","","","$9,900,000","$9,900,000","0.00%","","","-5.85%","","",""
"4/7/2025","$9,884,000","-0.16%","504.38","423.69","50.01%","6.12%","3.46%","","11.36%","-0.16%","","","","","","","","","","","","","$9,884,000","$9,900,000","-0.16%","1","","-0.18%","","",""
"4/8/2025","$9,943,000","0.60%","496.48","416.06","50.90%","4.45%","1.60%","","12.03%","","","","","","","","","","","","","","$9,943,000","$9,943,000","0.00%","","","-1.57%","","",""
"4/9/2025","$10,211,000","2.70%","548.62","466","54.97%","15.42%","13.79%","","15.05%","","","","","","","","","","","","","","$10,211,000","$10,211,000","0.00%","","","10.50%","","",""
"4/10/2025","$10,085,000","-1.23%","524.58","446.18","53.06%","10.37%","8.95%","","13.63%","-1.23%","","","","","","","","","","","","","$10,085,000","$10,211,000","-1.25%","","","-4.38%","","",""
"4/11/2025","$10,185,000","0.99%","533.94","454.4","54.58%","12.34%","10.96%","","14.75%","","2.89%","","","","","","","","","","","","$10,185,000","$10,211,000","-0.26%","2","","1.78%","","",""
"4/14/2025","$10,255,000","0.69%","539.12","457.48","55.64%","13.42%","11.71%","","15.54%","","","","","","","","","","","","","","$10,255,000","$10,255,000","0.00%","","","0.97%","","",""
"4/15/2025","$10,402,000","1.43%","537.61","457.99","57.87%","13.11%","11.84%","","17.20%","","","","","","","","","","","","","","$10,402,000","$10,402,000","0.00%","","","-0.28%","","",""
"4/16/2025","$10,357,000","-0.43%","525.66","444.18","57.19%","10.59%","8.46%","","16.69%","-0.43%","","","","","","","","","","","","","$10,357,000","$10,402,000","-0.43%","","","-2.22%","","",""
"4/17/2025","$10,343,000","-0.14%","526.41","444.1","56.97%","10.75%","8.44%","","16.53%","-0.14%","2.54%","","","","","","","","","","","","$10,343,000","$10,402,000","-0.57%","","","0.14%","","",""
"4/21/2025","$10,389,000","0.44%","513.88","433.11","57.67%","8.11%","5.76%","","17.05%","","","","","","","","","","","","","","$10,389,000","$10,402,000","-0.13%","","","-2.38%","","",""
"4/22/2025","$10,310,000","-0.76%","527.25","444.48","56.47%","10.93%","8.54%","","16.16%","-0.76%","","","","","","","","","","","","","$10,310,000","$10,402,000","-0.89%","","","2.60%","","",""
"4/23/2025","$10,376,000","0.64%","535.42","454.56","57.48%","12.65%","11.00%","","16.90%","","","","","","","","","","","","","","$10,376,000","$10,402,000","-0.25%","5","","1.55%","","",""
"4/24/2025","$10,722,000","3.33%","546.69","467.35","62.73%","15.02%","14.12%","","20.80%","","","","","","","","","","","","","","$10,722,000","$10,722,000","0.00%","","","2.10%","","",""
"4/25/2025","$10,810,000","0.82%","550.64","472.56","64.06%","15.85%","15.39%","","21.79%","","4.48%","","","","","","","","","","","","$10,810,000","$10,810,000","0.00%","","","0.72%","","",""
"4/28/2025","$10,780,000","-0.28%","550.85","472.41","63.61%","15.89%","15.36%","","21.46%","-0.28%","","","","","","","","","","","","","$10,780,000","$10,810,000","-0.28%","1","","0.04%","","",""
"4/29/2025","$10,836,000","0.52%","554.32","475.53","64.46%","16.62%","16.12%","","22.09%","","","","","","","","","","","","","","$10,836,000","$10,836,000","0.00%","","","0.63%","","",""
"4/30/2025","$10,833,000","-0.03%","554.54","475.47","64.41%","16.67%","16.10%","April","22.05%","-0.03%","","10.93%","-0.87%","1.40%","","","","","","","","","$10,833,000","$10,836,000","-0.03%","","","0.04%","","",""
"5/1/2025","$13,570,000","-1.97%","558.47","481.68","61.18%","17.50%","17.62%","","19.65%","-1.97%","","","","","","","","","$2,950,000","","","","$13,570,000","$13,786,000","-1.59%","2","","0.71%","","",""
"5/2/2025","$13,831,000","1.92%","566.76","488.83","64.28%","19.24%","19.37%","","21.96%","","0.17%","","","","","","","","","","","","$13,831,000","$13,831,000","0.00%","","","1.48%","","",""
"5/5/2025","$13,847,000","0.12%","563.51","485.93","64.47%","18.56%","18.66%","","22.10%","","","","","","","","","","","","","","$13,847,000","$13,847,000","0.00%","","","-0.57%","","",""
"5/6/2025","$13,744,000","-0.74%","558.8","481.41","63.25%","17.57%","17.55%","","21.19%","-0.74%","","","","","","","","","","","","","$13,744,000","$13,847,000","-0.75%","","","-0.84%","","",""
"5/7/2025","$13,787,000","0.31%","561.15","483.3","63.76%","18.06%","18.02%","","21.57%","","","","","","","","","","","","","","$13,787,000","$13,847,000","-0.44%","","","0.42%","","",""
"5/8/2025","$13,833,000","0.33%","565.06","488.29","64.30%","18.88%","19.23%","","21.97%","","","","","","","","","","","","","","$13,833,000","$13,847,000","-0.10%","3","","0.70%","","",""
"5/9/2025","$14,024,000","1.38%","564.34","487.97","66.57%","18.73%","19.16%","","23.66%","","1.40%","","","","","","","","","","","","$14,024,000","$14,024,000","0.00%","","","-0.13%","","",""
"5/12/2025","$14,247,000","1.59%","582.99","507.85","69.22%","22.65%","24.01%","","25.62%","","","","","","","","","","","","","","$14,247,000","$14,247,000","0.00%","","","3.30%","","",""
"5/13/2025","$14,332,000","0.60%","586.84","515.59","70.23%","23.46%","25.90%","","26.37%","","","","","","","","","","","","","","$14,332,000","$14,332,000","0.00%","","","0.66%","","",""
"5/14/2025","$14,310,000","-0.15%","587.59","518.68","69.97%","23.62%","26.66%","","26.18%","-0.15%","","","","","","","","","","","","","$14,310,000","$14,332,000","-0.15%","","","0.13%","","",""
"5/15/2025","$14,301,000","-0.06%","590.46","519.25","69.86%","24.23%","26.79%","","26.10%","-0.06%","","","","","","","","","","","","","$14,301,000","$14,332,000","-0.22%","2","","0.49%","","",""
"5/16/2025","$14,422,000","0.85%","594.2","521.51","71.30%","25.01%","27.35%","","27.17%","","2.82%","","","","","","","","","","","","$14,422,000","$14,422,000","0.00%","","","0.63%","","",""
"5/19/2025","$14,457,000","0.24%","594.85","522.01","71.71%","25.15%","27.47%","","27.48%","","","","","","","","","","","","","","$14,457,000","$14,457,000","0.00%","","","0.11%","","",""
"5/20/2025","$14,451,000","-0.04%","592.85","520.27","71.64%","24.73%","27.04%","","27.42%","-0.04%","","","","","","","","","","","","","$14,451,000","$14,457,000","-0.04%","","","-0.34%","","",""
"5/21/2025","$14,297,000","-1.07%","582.86","513.04","69.81%","22.63%","25.28%","","26.06%","-1.07%","","","","","","","","","","","","","$14,297,000","$14,457,000","-1.12%","","","-1.69%","","",""
"5/22/2025","$14,198,000","-0.69%","582.86","514","68.64%","22.63%","25.51%","","25.19%","-0.69%","","","","","","","","","","","","","$14,198,000","$14,457,000","-1.82%","","","0.00%","","",""
"5/23/2025","$14,390,000","1.35%","579.11","509.24","70.92%","21.84%","24.35%","","26.88%","","-0.20%","","","","","","","","","","","","$14,390,000","$14,457,000","-0.47%","4","","-0.64%","","",""
"5/27/2025","$14,606,000","1.50%","591.15","521.22","73.48%","24.37%","27.28%","","28.79%","","","","","","","","","","","","","","$14,606,000","$14,606,000","0.00%","","","2.08%","","",""
"5/28/2025","$14,487,000","-0.81%","587.73","518.91","72.07%","23.65%","26.71%","","27.74%","-0.81%","","","","","","","","","","","","","$14,487,000","$14,606,000","-0.82%","","","-0.58%","","",""
"5/29/2025","$14,472,000","-0.10%","590.05","519.93","71.89%","24.14%","26.96%","","27.61%","-0.10%","","","","","","","","","","","","","$14,472,000","$14,606,000","-0.93%","","","0.39%","","",""
"5/30/2025","$14,350,000","-0.84%","589.39","519.11","70.44%","24.00%","26.76%","May","26.53%","-0.84%","-0.26%","3.67%","6.28%","9.18%","","","","","","","","","$14,350,000","$14,606,000","-1.78%","","","-0.11%","","",""
"6/2/2025","$18,160,000","0.80%","592.71","523.21","71.81%","24.70%","27.76%","","27.55%","","","","","","","","","","$3,695,000","","","","$18,160,000","$18,301,000","-0.78%","","","0.56%","","",""
"6/3/2025","$18,272,000","0.62%","596.09","527.3","72.87%","25.41%","28.76%","","28.33%","","","","","","","","","","","","","","$18,272,000","$18,301,000","-0.16%","","","0.57%","","",""
"6/4/2025","$18,290,000","0.10%","595.93","528.77","73.04%","25.38%","29.12%","","28.46%","","","","","","","","","","","","","","$18,290,000","$18,301,000","-0.06%","","","-0.03%","","",""
"6/5/2025","$18,021,000","-1.47%","593.05","524.79","70.49%","24.77%","28.15%","","26.57%","-1.47%","","","","","","","","","","","","","$18,021,000","$18,301,000","-1.55%","","","-0.48%","","",""
"6/6/2025","$17,895,000","-0.70%","599.14","529.92","69.30%","26.05%","29.40%","","25.68%","-0.70%","-0.65%","","","","","","","","","","","","$17,895,000","$18,301,000","-2.27%","","","1.03%","","",""
"6/9/2025","$17,905,000","0.06%","599.68","530.7","69.40%","26.17%","29.59%","","25.75%","","","","","","","","","","","","","","$17,905,000","$18,301,000","-2.21%","","","0.09%","","",""
"6/10/2025","$17,623,000","-1.57%","603.08","534.21","66.73%","26.88%","30.45%","","23.77%","-1.57%","","","","","","","","","","","","","$17,623,000","$18,301,000","-3.85%","","","0.57%","","",""
"6/11/2025","$17,562,000","-0.35%","601.36","532.41","66.15%","26.52%","30.01%","","23.35%","-0.35%","","","","","","","","","","","","","$17,562,000","$18,301,000","-4.21%","","","-0.29%","","",""
"6/12/2025","$17,647,000","0.48%","603.75","533.66","66.96%","27.02%","30.31%","","23.94%","","","","","","","","","","","","","","$17,647,000","$18,301,000","-3.71%","","","0.40%","","",""
"6/13/2025","$17,403,000","-1.38%","597","526.96","64.65%","25.60%","28.68%","","22.23%","-1.38%","-2.76%","","","","","","","","","","","","$17,403,000","$18,301,000","-5.16%","","","-1.12%","","",""
"6/16/2025","$17,534,000","0.75%","602.68","534.29","65.89%","26.80%","30.47%","","23.15%","","","","","","","","","","","","","","$17,534,000","$18,301,000","-4.37%","","","0.95%","","",""
"6/17/2025","$17,607,000","0.42%","597.53","529.08","66.58%","25.71%","29.20%","","23.66%","","","","","","","","","","","","","","$17,607,000","$18,301,000","-3.94%","","","-0.85%","","",""
"6/18/2025","$17,622,000","0.09%","597.44","528.99","66.72%","25.69%","29.17%","","23.77%","","","","","","","","","","","","","","$17,622,000","$18,301,000","-3.85%","","","-0.02%","","",""
"6/19/2025","$17,622,000","0.00%","594.28","526.83","66.72%","25.03%","28.65%","","23.77%","","","","","","","","","","","","","","$17,622,000","$18,301,000","-3.85%","","","-0.53%","","",""
"6/20/2025","$17,600,000","-0.12%","594.28","526.83","66.51%","25.03%","28.65%","","23.61%","-0.12%","1.13%","","","","","","","","","","","","$17,600,000","$18,301,000","-3.98%","","","0.00%","","",""
"6/23/2025","$17,310,000","-1.65%","600.15","531.65","63.77%","26.26%","29.82%","","21.58%","-1.65%","","","","","","","","","","","","","$17,310,000","$18,301,000","-5.73%","","","0.99%","","",""
"6/24/2025","$17,673,000","2.10%","606.78","539.78","67.20%","27.66%","31.81%","","24.13%","","","","","","","","","","","","","","$17,673,000","$18,301,000","-3.55%","","","1.10%","","",""
"6/25/2025","$17,706,000","0.19%","607.12","541.16","67.51%","27.73%","32.14%","","24.36%","","","","","","","","","","","","","","$17,706,000","$18,301,000","-3.36%","","","0.06%","","",""
"6/26/2025","$17,935,000","1.29%","611.87","546.22","69.68%","28.73%","33.38%","","25.97%","","","","","","","","","","","","","","$17,935,000","$18,301,000","-2.04%","","","0.78%","","",""
"6/27/2025","$17,721,000","-1.19%","614.91","548.09","67.66%","29.37%","33.84%","","24.46%","-1.19%","0.74%","","","","","","","","","","","","$17,721,000","$18,301,000","-3.27%","","","0.50%","","",""
"6/30/2025","$17,664,000","-0.32%","617.85","551.64","67.12%","29.99%","34.70%","June","24.06%","-0.32%","","-1.95%","4.83%","6.27%","Q2","12.76%","10.45%","17.64%","","","","","$17,664,000","$18,301,000","-3.61%","","","0.48%","","",""
"7/1/2025","$19,890,000","-1.55%","617.65","546.99","64.52%","29.95%","33.57%","","22.14%","-1.55%","","","","","","","","","$2,500,000","","","","$19,890,000","$20,801,000","-4.58%","","","-0.03%","","",""
"7/2/2025","$20,137,000","1.24%","620.45","550.8","66.57%","30.54%","34.50%","","23.65%","","","","","","","","","","","","","","$20,137,000","$20,801,000","-3.30%","","","0.45%","","",""
"7/3/2025","$20,418,000","1.40%","625.34","556.22","68.89%","31.56%","35.82%","","25.38%","","0.76%","","","","","","","","","","","","$20,418,000","$20,801,000","-1.88%","","","0.79%","","",""
"7/7/2025","$20,404,000","-0.07%","620.68","552.03","68.78%","30.58%","34.80%","","25.29%","-0.07%","","","","","","","","","","","","","$20,404,000","$20,801,000","-1.95%","","","-0.75%","","",""
"7/8/2025","$20,394,000","-0.05%","620.34","552.34","68.69%","30.51%","34.87%","","25.23%","-0.05%","","","","","","","","","","","","","$20,394,000","$20,801,000","-2.00%","","","-0.05%","","",""
"7/9/2025","$20,548,000","0.76%","624.06","556.25","69.97%","31.30%","35.83%","","26.18%","","","","","","","","","","","","","","$20,548,000","$20,801,000","-1.23%","","","0.60%","","",""
"7/10/2025","$20,621,000","0.36%","625.82","555.45","70.57%","31.67%","35.63%","","26.63%","","","","","","","","","","","","","","$20,621,000","$20,801,000","-0.87%","","","0.28%","","",""
"7/11/2025","$20,628,000","0.03%","623.62","554.2","70.63%","31.20%","35.33%","","26.67%","","1.03%","","","","","","","","","","","","$20,628,000","$20,801,000","-0.84%","32","","-0.35%","","",""
"7/14/2025","$20,717,000","1.40%","624.81","556.21","73.02%","31.45%","35.82%","","28.44%","","","","","","","","","","-$200,000","","","","$20,717,000","$20,717,000","0.00%","","","0.19%","","",""
"7/15/2025","$20,544,000","-0.84%","622.14","556.72","71.57%","30.89%","35.94%","","27.37%","-0.84%","","","","","","","","","","","","","$20,544,000","$20,717,000","-0.84%","","","-0.43%","","",""
"7/16/2025","$20,489,000","-0.27%","624.22","557.29","71.11%","31.33%","36.08%","","27.03%","-0.27%","","","","","","","","","","","","","$20,489,000","$20,717,000","-1.11%","","","0.33%","","",""
"7/17/2025","$20,658,000","0.82%","628.04","561.8","72.53%","32.13%","37.18%","","28.08%","","","","","","","","","","","","","","$20,658,000","$20,717,000","-0.29%","3","","0.61%","","",""
"7/18/2025","$20,875,000","1.05%","627.58","561.26","74.34%","32.04%","37.05%","","29.42%","","2.17%","","","","","","","","","","","","$20,875,000","$20,875,000","0.00%","","","-0.07%","","",""
"7/21/2025","$20,695,000","-0.86%","628.77","564.17","72.84%","32.29%","37.76%","","28.31%","-0.86%","","","","","","","","","","","","","$20,695,000","$20,875,000","-0.87%","","","0.19%","","",""
"7/22/2025","$20,614,000","-0.39%","628.86","561.25","72.16%","32.31%","37.05%","","27.81%","-0.39%","","","","","","","","","","","","","$20,614,000","$20,875,000","-1.27%","","","0.01%","","",""
"7/23/2025","$20,706,000","0.45%","634.21","563.81","72.93%","33.43%","37.68%","","28.38%","","","","","","","","","","","","","","$20,706,000","$20,875,000","-0.82%","","","0.85%","","",""
"7/24/2025","$20,370,000","-1.62%","634.42","565.01","70.12%","33.47%","37.97%","","26.29%","-1.62%","","","","","","","","","","","","","$20,370,000","$20,875,000","-2.48%","","","0.03%","","",""
"7/25/2025","$20,600,000","1.13%","637.1","566.37","72.04%","34.04%","38.30%","","27.72%","","-1.30%","","","","","","","","","","","","$20,600,000","$20,875,000","-1.33%","","","0.42%","","",""
"7/28/2025","$20,622,000","0.11%","636.94","568.14","72.23%","34.01%","38.73%","","27.86%","","","","","","","","","","","","","","$20,622,000","$20,875,000","-1.23%","","","-0.03%","","",""
"7/29/2025","$20,670,000","0.23%","635.26","567.26","72.63%","33.65%","38.52%","","28.15%","","","","","","","","","","","","","","$20,670,000","$20,875,000","-0.99%","","","-0.26%","","",""
"7/30/2025","$20,662,000","-0.04%","634.46","568.02","72.56%","33.48%","38.70%","","28.10%","-0.04%","","","","","","","","","","","","","$20,662,000","$20,875,000","-1.03%","","","-0.13%","","",""
"7/31/2025","$20,561,000","-0.49%","632.08","565.01","71.72%","32.98%","37.97%","July","27.48%","-0.49%","","2.77%","2.30%","2.42%","","","","","","","","","$20,561,000","$20,875,000","-1.53%","","","-0.38%","","",""
"8/1/2025","$20,584,000","0.11%","621.72","553.88","71.91%","30.80%","35.25%","","27.62%","","-0.08%","","","","","","","","","","","","$20,584,000","$20,875,000","-1.41%","10","","-1.64%","","",""
"8/4/2025","$20,875,000","1.41%","631.17","564.1","74.34%","32.79%","37.75%","","29.42%","","","","","","","","","","","","","","$20,875,000","$20,875,000","0.00%","","","1.52%","","",""
"8/5/2025","$20,677,000","-0.95%","627.97","560.27","72.69%","32.12%","36.81%","","28.20%","-0.95%","","","","","","","","","","","","","$20,677,000","$20,875,000","-0.96%","","","-0.51%","","",""
"8/6/2025","$20,853,000","0.85%","632.78","567.32","74.15%","33.13%","38.53%","","29.29%","","","","","","","","","","","","","","$20,853,000","$20,875,000","-0.11%","2","","0.77%","","",""
"8/7/2025","$20,980,000","0.61%","632.25","569.24","75.22%","33.02%","39.00%","","30.07%","","","","","","","","","","","","","","$20,980,000","$20,980,000","0.00%","","","-0.08%","","",""
"8/8/2025","$20,945,000","-0.17%","637.18","574.55","74.92%","34.06%","40.30%","","29.86%","-0.17%","1.76%","","","","","","","","","","","","$20,945,000","$20,980,000","-0.17%","","","0.78%","","",""
"8/11/2025","$20,647,000","-1.42%","635.92","572.85","72.43%","33.79%","39.88%","","28.01%","-1.42%","","","","","","","","","","","","","$20,647,000","$20,980,000","-1.61%","2","","-0.20%","","",""
"8/12/2025","$21,013,000","1.77%","642.69","580.05","75.49%","35.21%","41.64%","","30.28%","","","","","","","","","","","","","","$21,013,000","$21,013,000","0.00%","","","1.06%","","",""
"8/13/2025","$21,006,000","-0.03%","644.89","580.34","75.43%","35.68%","41.71%","","30.24%","-0.03%","","","","","","","","","","","","","$21,006,000","$21,013,000","-0.03%","","","0.34%","","",""
"8/14/2025","$20,944,000","-0.30%","644.95","579.89","74.91%","35.69%","41.60%","","29.85%","-0.30%","","","","","","","","","","","","","$20,944,000","$21,013,000","-0.33%","","","0.01%","","",""
"8/15/2025","$20,979,000","0.17%","643.44","577.34","75.21%","35.37%","40.98%","","30.07%","","0.19%","","","","","","","","","","","","$20,979,000","$21,013,000","-0.16%","3","","-0.23%","","",""
"8/18/2025","$21,168,000","0.90%","643.3","577.11","76.79%","35.34%","40.92%","","31.24%","","","","","","","","","","","","","","$21,168,000","$21,168,000","0.00%","","","-0.02%","","",""
"8/19/2025","$21,258,000","0.43%","639.81","569.28","77.54%","34.61%","39.01%","","31.80%","","","","","","","","","","","","","","$21,258,000","$21,258,000","0.00%","","","-0.54%","","",""
"8/20/2025","$21,069,000","-0.89%","638.11","565.9","75.96%","34.25%","38.19%","","30.63%","-0.89%","","","","","","","","","","","","","$21,069,000","$21,258,000","-0.90%","","","-0.27%","","",""
"8/21/2025","$21,152,000","0.39%","635.55","563.28","76.65%","33.71%","37.55%","","31.14%","","","","","","","","","","","","","","$21,152,000","$21,258,000","-0.50%","","","-0.40%","","",""
"8/22/2025","$21,243,000","0.43%","645.31","571.97","77.41%","35.77%","39.67%","","31.71%","","1.26%","","","","","","","","","","","","$21,243,000","$21,258,000","-0.07%","","","1.54%","","",""
"8/25/2025","$21,130,000","-0.53%","642.47","570.32","76.47%","35.17%","39.27%","","31.00%","-0.53%","","","","","","","","","","","","","$21,130,000","$21,258,000","-0.61%","","","-0.44%","","",""
"8/26/2025","$21,068,000","-0.29%","645.16","572.61","75.95%","35.73%","39.82%","","30.62%","-0.29%","","","","","","","","","","","","","$21,068,000","$21,258,000","-0.90%","","","0.42%","","",""
"8/27/2025","$20,835,000","-1.11%","646.63","573.49","74.00%","36.04%","40.04%","","29.18%","-1.11%","","","","","","","","","","","","","$20,835,000","$21,258,000","-2.03%","","","0.23%","","",""
"8/28/2025","$20,912,000","0.37%","648.92","577.08","74.65%","36.53%","40.92%","","29.65%","","","","","","","","","","","","","","$20,912,000","$21,258,000","-1.65%","","","0.35%","","",""
"8/29/2025","$20,985,000","0.35%","645.05","570.4","75.26%","35.71%","39.29%","August","30.11%","","-1.21%","2.06%","2.05%","0.95%","","","","","","","","","$20,985,000","$21,258,000","-1.30%","","","-0.60%","","",""
"9/2/2025","$22,093,000","0.04%","640.27","565.62","75.32%","34.71%","38.12%","","30.16%","","","","","","","","","","$1,100,000","","","","$22,093,000","$22,358,000","-1.20%","","","-0.74%","","",""
"9/3/2025","$21,838,000","-1.15%","643.74","570.07","73.30%","35.44%","39.20%","","28.65%","-1.15%","","","","","","","","","","","","","$21,838,000","$22,358,000","-2.38%","","","0.54%","","",""
"9/4/2025","$22,058,000","1.01%","649.12","575.23","75.05%","36.57%","40.46%","","29.95%","","","","","","","","","","","","","","$22,058,000","$22,358,000","-1.36%","","","0.84%","","",""
"9/5/2025","$22,172,000","0.52%","647.24","576.06","75.95%","36.17%","40.67%","","30.62%","","0.41%","","","","","","","","","","","","$22,172,000","$22,358,000","-0.84%","","","-0.29%","","",""
"9/8/2025","$22,157,000","-0.07%","648.83","578.87","75.83%","36.51%","41.35%","","30.53%","-0.07%","","","","","","","","","","","","","$22,157,000","$22,358,000","-0.91%","","","0.25%","","",""
"9/9/2025","$22,182,000","0.11%","650.33","580.51","76.03%","36.82%","41.75%","","30.68%","","","","","","","","","","","","","","$22,182,000","$22,358,000","-0.79%","","","0.23%","","",""
"9/10/2025","$22,254,000","0.32%","652.21","580.7","76.60%","37.22%","41.80%","","31.10%","","","","","","","","","","","","","","$22,254,000","$22,358,000","-0.47%","15","","0.29%","","",""
"9/11/2025","$22,465,000","0.95%","657.63","584.08","78.28%","38.36%","42.63%","","32.35%","","","","","","","","","","","","","","$22,465,000","$22,465,000","0.00%","","","0.83%","","",""
"9/12/2025","$22,168,000","-1.32%","657.41","586.66","75.92%","38.31%","43.26%","","30.60%","-1.32%","0.00%","","","","","","","","","","","","$22,168,000","$22,465,000","-1.34%","","","-0.03%","","",""
"9/15/2025","$22,098,000","-0.32%","660.91","591.68","75.36%","39.05%","44.48%","","30.18%","-0.32%","","","","","","","","","","","","","$22,098,000","$22,465,000","-1.66%","","","0.53%","","",""
"9/16/2025","$22,148,000","0.23%","660","591.18","75.76%","38.86%","44.36%","","30.48%","","","","","","","","","","","","","","$22,148,000","$22,465,000","-1.43%","","","-0.14%","","",""
"9/17/2025","$22,165,000","0.08%","659.18","590","75.90%","38.68%","44.07%","","30.58%","","","","","","","","","","","","","","$22,165,000","$22,465,000","-1.35%","","","-0.12%","","",""
"9/18/2025","$22,175,000","0.05%","662.26","595.32","75.97%","39.33%","45.37%","","30.64%","","","","","","","","","","","","","","$22,175,000","$22,465,000","-1.31%","","","0.47%","","",""
"9/19/2025","$22,129,000","-0.21%","663.7","599.35","75.61%","39.64%","46.35%","","30.37%","-0.21%","-0.18%","","","","","","","","","","","","$22,129,000","$22,465,000","-1.52%","","","0.22%","","",""
"9/22/2025","$22,263,000","0.61%","666.84","602.2","76.67%","40.30%","47.05%","","31.16%","","","","","","","","","","","","","","$22,263,000","$22,465,000","-0.91%","","","0.47%","","",""
"9/23/2025","$22,415,000","0.68%","663.21","598.2","77.88%","39.53%","46.07%","","32.05%","","","","","","","","","","","","","","$22,415,000","$22,465,000","-0.22%","8","","-0.54%","","",""
"9/24/2025","$22,496,000","0.36%","661.1","596.1","78.52%","39.09%","45.56%","","32.53%","","","","","","","","","","","","","","$22,496,000","$22,496,000","0.00%","","","-0.32%","","",""
"9/25/2025","$22,466,000","-0.13%","658.05","593.53","78.28%","38.45%","44.93%","","32.35%","-0.13%","","","","","","","","","","","","","$22,466,000","$22,496,000","-0.13%","1","","-0.46%","","",""
"9/26/2025","$22,535,000","0.31%","661.82","595.97","78.83%","39.24%","45.53%","","32.76%","","1.82%","","","","","","","","","","","","$22,535,000","$22,535,000","0.00%","","","0.57%","","",""
"9/29/2025","$22,541,000","0.03%","663.68","598.73","78.88%","39.63%","46.20%","","32.79%","","","","","","","","","","","","","","$22,541,000","$22,541,000","0.00%","","","0.28%","","",""
"9/30/2025","$22,594,000","0.24%","666.18","600.37","79.30%","40.16%","46.60%","September","33.11%","","","2.31%","3.28%","5.25%","Q3","7.31%","7.82%","8.83%","","","","","$22,594,000","$22,594,000","0.00%","","","0.38%","","",""
"10/1/2025","$25,023,000","0.57%","668.45","603.25","80.32%","40.63%","47.31%","","33.87%","","","","","","","","","","$2,300,000","","","","$25,023,000","$25,023,000","0.00%","","","0.34%","","",""
"10/2/2025","$25,204,000","0.72%","669.22","605.73","81.63%","40.80%","47.91%","","34.83%","","","","","","","","","","","","","","$25,204,000","$25,204,000","0.00%","","","0.12%","","",""
"10/3/2025","$25,135,000","-0.27%","669.21","603.18","81.13%","40.79%","47.29%","","34.47%","-0.27%","1.28%","","","","","","","","","","","","$25,135,000","$25,204,000","-0.27%","1","","0.00%","","",""
"10/6/2025","$25,351,000","0.86%","671.61","607.71","82.69%","41.30%","48.40%","","35.62%","","","","","","","","","","","","","","$25,351,000","$25,351,000","0.00%","","","0.36%","","",""
"10/7/2025","$25,514,000","0.64%","669.12","604.51","83.86%","40.78%","47.61%","","36.49%","","","","","","","","","","","","","","$25,514,000","$25,514,000","0.00%","","","-0.37%","","",""
"10/8/2025","$25,787,000","1.07%","673.11","611.44","85.83%","41.61%","49.31%","","37.95%","","","","","","","","","","","","","","$25,787,000","$25,787,000","0.00%","","","0.60%","","",""
"10/9/2025","$25,838,000","0.20%","671.16","610.7","86.20%","41.20%","49.13%","","38.23%","","","","","","","","","","","","","","$25,838,000","$25,838,000","0.00%","","","-0.29%","","",""
"10/10/2025","$25,965,900","0.50%","653.02","589.5","87.12%","37.39%","43.95%","","38.91%","","3.27%","","","","","","","","","","","","$25,965,900","$25,965,900","0.00%","","","-2.70%","","",""
"10/13/2025","$26,039,000","0.28%","663.04","602.01","87.65%","39.50%","47.00%","","39.30%","","","","","","","","","","","","","","$26,039,000","$26,039,000","0.00%","","","1.53%","","",""
"10/14/2025","$25,396,000","-2.47%","662.23","598","83.01%","39.33%","46.02%","","35.86%","-2.47%","","","","","","","","","","","","","$25,396,000","$26,039,000","-2.53%","","","-0.12%","","",""
"10/15/2025","$25,197,000","-0.78%","665.17","602.22","81.58%","39.94%","47.06%","","34.80%","-0.78%","","","","","","","","","","","","","$25,197,000","$26,039,000","-3.34%","","","0.44%","","",""
"10/16/2025","$25,062,000","-0.54%","660.64","599.99","80.60%","38.99%","46.51%","","34.08%","-0.54%","","","","","","","","","","","","","$25,062,000","$26,039,000","-3.90%","","","-0.68%","","",""
"10/17/2025","$25,226,000","0.65%","664.39","603.93","81.79%","39.78%","47.47%","","34.95%","","-2.85%","","","","","","","","","","","","$25,226,000","$26,039,000","-3.22%","","","0.57%","","",""
"10/20/2025","$25,399,000","0.69%","671.3","611.54","83.03%","41.23%","49.33%","","35.88%","","","","","","","","","","","","","","$25,399,000","$26,039,000","-2.52%","","","1.04%","","",""
"10/21/2025","$25,404,000","0.02%","671.29","611.38","83.07%","41.23%","49.29%","","35.90%","","","","","","","","","","","","","","$25,404,000","$26,039,000","-2.50%","","","0.00%","","",""
"10/22/2025","$25,163,000","-0.95%","667.8","605.49","81.33%","40.50%","47.85%","","34.62%","-0.95%","","","","","","","","","","","","","$25,163,000","$26,039,000","-3.48%","","","-0.52%","","",""
"10/23/2025","$25,321,000","0.63%","671.76","610.58","82.47%","41.33%","49.10%","","35.46%","","","","","","","","","","","","","","$25,321,000","$26,039,000","-2.84%","","","0.59%","","",""
"10/24/2025","$25,352,600","0.12%","677.25","617.1","82.70%","42.49%","50.69%","","35.63%","","0.51%","","","","","","","","","","","","$25,352,600","$26,039,000","-2.71%","","","0.82%","","",""
"10/27/2025","$25,504,000","0.60%","685.24","628.09","83.79%","44.17%","53.37%","","36.44%","","","","","","","","","","","","","","$25,504,000","$26,039,000","-2.10%","","","1.18%","","",""
"10/28/2025","$25,410,000","-0.37%","687.06","632.92","83.11%","44.55%","54.55%","","35.94%","-0.37%","","","","","","","","","","","","","$25,410,000","$26,039,000","-2.48%","","","0.27%","","",""
"10/29/2025","$25,327,000","-0.33%","687.39","635.77","82.51%","44.62%","55.25%","","35.49%","-0.33%","","","","","","","","","","","","","$25,327,000","$26,039,000","-2.81%","","","0.05%","","",""
"10/30/2025","$25,381,300","0.21%","679.83","626.05","82.91%","43.03%","52.87%","","35.78%","","","","","","","","","","","","","","$25,381,300","$26,039,000","-2.59%","","","-1.10%","","",""
"10/31/2025","$25,337,000","-0.17%","682.06","629.07","82.59%","43.50%","53.61%","October","35.55%","-0.17%","-0.06%","1.83%","2.38%","4.78%","","","","","","","","","$25,337,000","$26,039,000","-2.77%","","","0.33%","","",""
"11/3/2025","$26,196,000","0.63%","683.34","632.08","83.73%","43.77%","54.35%","","36.40%","","","","","","","","","","$700,000","","","","$26,196,000","$26,739,000","-2.07%","","","0.19%","","",""
"11/4/2025","$26,361,000","0.63%","675.24","619.25","84.89%","42.06%","51.21%","","37.26%","","","","","","","","","","","","","","$26,361,000","$26,739,000","-1.43%","","","-1.19%","","",""
"11/5/2025","$26,298,000","-0.24%","677.58","623.28","84.45%","42.56%","52.20%","","36.93%","-0.24%","","","","","","","","","","","","","$26,298,000","$26,739,000","-1.68%","","","0.35%","","",""
"11/6/2025","$26,285,000","-0.05%","670.31","611.67","84.36%","41.03%","49.36%","","36.86%","-0.05%","","","","","","","","","","","","","$26,285,000","$26,739,000","-1.73%","","","-1.07%","","",""
"11/7/2025","$26,313,000","0.11%","670.97","609.74","84.55%","41.16%","48.89%","","37.01%","","1.08%","","","","","","","","","","","","$26,313,000","$26,739,000","-1.62%","","","0.10%","","",""
"11/10/2025","$26,343,000","0.11%","681.44","623.23","84.76%","43.37%","52.19%","","37.16%","","","","","","","","","","","","","","$26,343,000","$26,739,000","-1.50%","","","1.56%","","",""
"11/11/2025","$26,388,000","0.17%","683","621.57","85.08%","43.70%","51.78%","","37.40%","","","","","","","","","","","","","","$26,388,000","$26,739,000","-1.33%","","","0.23%","","",""
"11/12/2025","$26,556,000","0.64%","683.38","621.08","86.26%","43.78%","51.66%","","38.27%","","","","","","","","","","","","","","$26,556,000","$26,739,000","-0.69%","","","0.06%","","",""
"11/13/2025","$26,510,000","-0.17%","672.04","608.4","85.93%","41.39%","48.56%","","38.03%","-0.17%","","","","","","","","","","","","","$26,510,000","$26,739,000","-0.86%","","","-1.66%","","",""
"11/14/2025","$26,612,000","0.38%","671.93","608.86","86.65%","41.37%","48.68%","","38.56%","","1.13%","","","","","","","","","","","","$26,612,000","$26,739,000","-0.48%","","","-0.02%","","",""
"11/17/2025","$26,506,000","-0.40%","665.67","603.66","85.91%","40.05%","47.41%","","38.01%","-0.40%","","","","","","","","","","","","","$26,506,000","$26,739,000","-0.88%","","","-0.93%","","",""
"11/18/2025","$26,533,000","0.10%","660.08","596.31","86.10%","38.87%","45.61%","","38.15%","","","","","","","","","","","","","","$26,533,000","$26,739,000","-0.78%","","","-0.84%","","",""
"11/19/2025","$26,474,000","-0.22%","662.63","599.87","85.68%","39.41%","46.48%","","37.84%","-0.22%","","","","","","","","","","","","","$26,474,000","$26,739,000","-1.00%","","","0.39%","","",""
"11/20/2025","$26,387,000","-0.33%","652.53","585.67","85.07%","37.29%","43.01%","","37.39%","-0.33%","","","","","","","","","","","","","$26,387,000","$26,739,000","-1.33%","","","-1.52%","","",""
"11/21/2025","$26,227,000","-0.61%","659.03","590.07","83.95%","38.65%","44.09%","","36.56%","-0.61%","-1.45%","","","","","","","","","","","","$26,227,000","$26,739,000","-1.95%","","","1.00%","","",""
"11/24/2025","$26,253,000","0.10%","668.73","605.16","84.13%","40.69%","47.77%","","36.69%","","","","","","","","","","","","","","$26,253,000","$26,739,000","-1.85%","","","1.47%","","",""
"11/25/2025","$26,163,000","-0.34%","675.02","608.89","83.50%","42.02%","48.68%","","36.23%","-0.34%","","","","","","","","","","","","","$26,163,000","$26,739,000","-2.20%","","","0.94%","","",""
"11/26/2025","$26,158,000","-0.02%","679.68","614.27","83.47%","43.00%","50.00%","","36.20%","-0.02%","","","","","","","","","","","","","$26,158,000","$26,739,000","-2.22%","","","0.69%","","",""
"11/28/2025","$26,161,000","0.01%","683.39","619.25","83.49%","43.78%","51.21%","November","36.21%","","-0.86%","0.49%","0.19%","-1.56%","","","","","","","","","$26,161,000","$26,739,000","-2.21%","","","0.55%","","",""
"12/1/2025","$27,096,000","-0.25%","680.27","617.17","83.03%","43.12%","50.71%","","35.88%","-0.25%","","","","","","","","","$1,000,000","","","","$27,096,000","$27,739,000","-2.37%","","","-0.46%","","",""
"12/2/2025","$27,003,000","-0.34%","681.53","622","82.40%","43.39%","51.89%","","35.41%","-0.34%","","","","","","","","","","","","","$27,003,000","$27,739,000","-2.73%","","","0.19%","","",""
"12/3/2025","$27,229,000","0.84%","683.89","623.52","83.93%","43.88%","52.26%","","36.54%","","","","","","","","","","","","","","$27,229,000","$27,739,000","-1.87%","","","0.35%","","",""
"12/4/2025","$27,092,000","-0.50%","684.39","622.94","83.00%","43.99%","52.11%","","35.86%","-0.50%","","","","","","","","","","","","","$27,092,000","$27,739,000","-2.39%","","","0.07%","","",""
"12/5/2025","$27,038,000","-0.20%","685.69","625.48","82.64%","44.26%","52.73%","","35.59%","-0.20%","-0.46%","","","","","","","","","","","","$27,038,000","$27,739,000","-2.59%","","","0.19%","","",""
"12/8/2025","$27,074,000","0.13%","683.63","624.28","82.88%","43.83%","52.44%","","35.77%","","","","","","","","","","","","","","$27,074,000","$27,739,000","-2.46%","","","-0.30%","","",""
"12/9/2025","$27,199,000","0.46%","683.04","625.05","83.73%","43.70%","52.63%","","36.39%","","","","","","","","","","","","","","$27,199,000","$27,739,000","-1.99%","","","-0.09%","","",""
"12/10/2025","$27,215,000","0.06%","687.57","627.61","83.83%","44.66%","53.26%","","36.47%","","","","","","","","","","","","","","$27,215,000","$27,739,000","-1.93%","","","0.66%","","",""
"12/11/2025","$27,145,000","-0.26%","689.17","625.58","83.36%","44.99%","52.76%","","36.12%","-0.26%","","","","","","","","","","","","","$27,145,000","$27,739,000","-2.19%","","","0.23%","","",""
"12/12/2025","$27,124,000","-0.08%","681.76","613.62","83.22%","43.43%","49.84%","","36.02%","-0.08%","0.32%","","","","","","","","","","","","$27,124,000","$27,739,000","-2.27%","","","-1.08%","","",""
"12/15/2025","$27,130,000","0.02%","680.73","610.54","83.26%","43.22%","49.09%","","36.05%","","","","","","","","","","","","","","$27,130,000","$27,739,000","-2.24%","","","-0.15%","","",""
"12/16/2025","$26,897,700","-0.86%","678.87","611.75","81.69%","42.83%","49.38%","","34.88%","-0.86%","","","","","","","","","","","","","$26,897,700","$27,739,000","-3.13%","","","-0.27%","","",""
"12/17/2025","$27,148,000","0.93%","671.4","600.41","83.38%","41.26%","46.61%","","36.14%","","","","","","","","","","","","","","$27,148,000","$27,739,000","-2.18%","","","-1.10%","","",""
"12/18/2025","$26,902,000","-0.91%","676.47","609.11","81.72%","42.32%","48.74%","","34.90%","-0.91%","","","","","","","","","","","","","$26,902,000","$27,739,000","-3.11%","","","0.76%","","",""
"12/19/2025","$27,010,000","0.40%","680.59","617.05","82.45%","43.19%","50.68%","","35.45%","","-0.41%","","","","","","","","","","","","$27,010,000","$27,739,000","-2.70%","","","0.61%","","",""
"12/22/2025","$27,109,000","0.37%","684.83","619.21","83.12%","44.08%","51.20%","","35.94%","","","","","","","","","","","","","","$27,109,000","$27,739,000","-2.32%","","","0.62%","","",""
"12/23/2025","$27,250,000","0.52%","687.96","622.11","84.07%","44.74%","51.91%","","36.65%","","","","","","","","","","","","","","$27,250,000","$27,739,000","-1.79%","","","0.46%","","",""
"12/24/2025","$27,265,000","0.06%","690.38","623.93","84.17%","45.25%","52.36%","","36.72%","","","","","","","","","","","","","","$27,265,000","$27,739,000","-1.74%","","","0.35%","","",""
"12/26/2025","$27,401,000","0.50%","690.31","623.89","85.09%","45.23%","52.35%","","37.41%","","1.44%","","","","","","","","","","","","$27,401,000","$27,739,000","-1.23%","","","-0.01%","","",""
"12/29/2025","$27,368,000","-0.12%","687.85","620.87","84.87%","44.72%","51.61%","","37.24%","-0.12%","","","","","","","","","","","","","$27,368,000","$27,739,000","-1.36%","","","-0.36%","","",""
"12/30/2025","$27,357,000","-0.04%","687.01","619.43","84.79%","44.54%","51.26%","","37.19%","-0.04%","","","","","","","","","","","","","$27,357,000","$27,739,000","-1.40%","","","-0.12%","","",""
"12/31/2025","$27,393,000","0.13%","681.92","614.31","85.04%","43.47%","50.01%","December","37.37%","","-0.03%","0.84%","-0.22%","-0.80%","Q4","3.20%","2.36%","2.32%","","","","","$27,393,000","$27,739,000","-1.26%","","","-0.74%","","",""
"1/2/2026","$28,632,000","-0.82%","683.17","613.12","83.52%","43.73%","49.72%","","36.24%","-0.82%","","","","","","","","","$1,500,000","","","","$28,632,000","$28,857,000","-0.79%","","","0.18%","","",""
"1/5/2026","$28,710,000","0.27%","687.72","617.99","84.02%","44.69%","50.91%","","36.61%","","","","","","","","","","","","","","$28,710,000","$28,857,000","-0.51%","","","0.67%","","",""
"1/6/2026","$28,785,000","0.26%","691.81","623.42","84.50%","45.55%","52.23%","","36.96%","","","","","","","","","","","","","","$28,785,000","$28,857,000","-0.25%","","","0.59%","","",""
"1/7/2026","$28,612,000","-0.60%","689.58","624.02","83.39%","45.08%","52.38%","","36.14%","-0.60%","","","","","","","","","","","","","$28,612,000","$28,857,000","-0.86%","","","-0.32%","","",""
"1/8/2026","$28,736,000","0.43%","689.51","620.47","84.18%","45.07%","51.51%","","36.73%","","","","","","","","","","","","","","$28,736,000","$28,857,000","-0.42%","","","-0.01%","","",""
"1/9/2026","$28,772,000","0.13%","694.07","626.65","84.41%","46.02%","53.02%","","36.90%","","0.49%","","","","","","","","","","","","$28,772,000","$28,857,000","-0.30%","","","0.66%","","",""
"1/12/2026","$28,953,000","0.63%","695.16","627.17","85.57%","46.25%","53.15%","","37.76%","","","","","","","","","","","","","","$28,953,000","$28,953,000","0.00%","","","0.16%","","",""
"1/13/2026","$28,741,000","-0.73%","693.77","626.24","84.21%","45.96%","52.92%","","36.75%","-0.73%","","","","","","","","","","","","","$28,741,000","$28,953,000","-0.74%","","","-0.20%","","",""
"1/14/2026","$28,506,000","-0.82%","690.36","619.55","82.71%","45.24%","51.29%","","35.64%","-0.82%","","","","","","","","","","","","","$28,506,000","$28,953,000","-1.57%","","","-0.49%","","",""
"1/15/2026","$28,338,000","-0.59%","692.24","621.78","81.63%","45.64%","51.83%","","34.84%","-0.59%","","","","","","","","","","","","","$28,338,000","$28,953,000","-2.17%","","","0.27%","","",""
"1/16/2026","$28,436,000","0.35%","691.66","621.26","82.26%","45.52%","51.70%","","35.30%","","-1.16%","","","","","","","","","","","","$28,436,000","$28,953,000","-1.82%","","","-0.08%","","",""
"1/20/2026","$28,578,000","0.50%","677.58","608.06","83.17%","42.56%","48.48%","","35.98%","","","","","","","","","","","","","","$28,578,000","$28,953,000","-1.31%","","","-2.04%","","",""
"1/21/2026","$28,375,000","-0.71%","685.4","616.28","81.87%","44.20%","50.49%","","35.01%","-0.71%","","","","","","","","","","","","","$28,375,000","$28,953,000","-2.04%","","","1.15%","","",""
"1/22/2026","$28,332,000","-0.15%","688.98","620.76","81.59%","44.95%","51.58%","","34.81%","-0.15%","","","","","","","","","","","","","$28,332,000","$28,953,000","-2.19%","","","0.52%","","",""
"1/23/2026","$28,295,000","-0.13%","689.23","622.72","81.36%","45.01%","52.06%","","34.63%","-0.13%","-0.49%","","","","","","","","","","","","$28,295,000","$28,953,000","-2.33%","","","0.04%","","",""
"1/26/2026","$28,525,000","0.81%","692.73","625.46","82.83%","45.74%","52.73%","","35.73%","","","","","","","","","","","","","","$28,525,000","$28,953,000","-1.50%","","","0.51%","","",""
"1/27/2026","$28,725,000","0.70%","695.49","631.13","84.11%","46.32%","54.11%","","36.68%","","","","","","","","","","","","","","$28,725,000","$28,953,000","-0.79%","","","0.40%","","",""
"1/28/2026","$28,692,000","-0.11%","695.42","633.22","83.90%","46.31%","54.62%","","36.52%","-0.11%","","","","","","","","","","","","","$28,692,000","$28,953,000","-0.91%","","","-0.01%","","",""
"1/29/2026","$28,664,000","-0.10%","694.04","629.43","83.72%","46.02%","53.70%","","36.39%","-0.10%","","","","","","","","","","","","","$28,664,000","$28,953,000","-1.01%","","","-0.20%","","",""
"1/30/2026","$28,631,000","-0.12%","691.97","621.87","83.51%","45.58%","51.85%","January","36.23%","-0.12%","1.19%","-0.83%","1.98%","1.93%","","","","","","","","","$28,631,000","$28,953,000","-1.12%","","","-0.30%","","",""
"2/2/2026","$28,739,000","0.38%","695.41","626.14","84.20%","46.31%","52.90%","","36.75%","","","","","","","","","","","","","","$28,739,000","$28,953,000","-0.74%","","","0.50%","","",""
"2/3/2026","$29,210,000","0.77%","689.53","616.52","85.62%","45.07%","50.55%","","37.80%","","","","","","","","","","$250,000","","","","$29,210,000","$29,210,000","0.00%","","","-0.85%","","",""
"2/4/2026","$29,060,000","-0.51%","686.19","605.75","84.66%","44.37%","47.92%","","37.09%","-0.51%","","","","","","","","","","","","","$29,060,000","$29,210,000","-0.52%","","","-0.48%","","",""
"2/5/2026","$29,170,000","0.38%","677.62","597.03","85.36%","42.56%","45.79%","","37.61%","","","","","","","","","","","","","","$29,170,000","$29,210,000","-0.14%","","","-1.25%","","",""
"2/6/2026","$29,208,000","0.13%","690.62","609.65","85.60%","45.30%","48.87%","","37.79%","","1.14%","","","","","","","","","","","","$29,208,000","$29,210,000","-0.01%","","","1.92%","","",""
"2/9/2026","$29,091,000","-0.40%","693.95","614.32","84.86%","46.00%","50.01%","","37.24%","-0.40%","","","","","","","","","","","","","$29,091,000","$29,210,000","-0.41%","","","0.48%","","",""
"2/10/2026","$29,061,000","-0.10%","692.12","611.47","84.67%","45.61%","49.31%","","37.09%","-0.10%","","","","","","","","","","","","","$29,061,000","$29,210,000","-0.51%","","","-0.26%","","",""
"2/11/2026","$29,120,000","0.20%","691.96","613.11","85.05%","45.58%","49.71%","","37.37%","","","","","","","","","","","","","","$29,120,000","$29,210,000","-0.31%","","","-0.02%","","",""
"2/12/2026","$29,172,000","0.18%","681.27","600.64","85.38%","43.33%","46.67%","","37.62%","","","","","","","","","","","","","","$29,172,000","$29,210,000","-0.13%","","","-1.54%","","",""
"2/13/2026","$29,227,000","0.19%","681.75","601.92","85.73%","43.43%","46.98%","","37.88%","","0.07%","","","","","","","","","","","","$29,227,000","$29,227,000","0.00%","","","0.07%","","",""
"2/17/2026","$29,168,000","-0.20%","682.85","601.3","85.35%","43.66%","46.83%","","37.60%","-0.20%","","","","","","","","","","","","","$29,168,000","$29,227,000","-0.20%","","","0.16%","","",""
"2/18/2026","$28,879,000","-0.99%","686.29","605.79","83.51%","44.39%","47.93%","","36.24%","-0.99%","","","","","","","","","","","","","$28,879,000","$29,227,000","-1.21%","","","0.50%","","",""
"2/19/2026","$29,214,000","1.16%","684.48","603.47","85.64%","44.01%","47.36%","","37.82%","","","","","","","","","","","","","","$29,214,000","$29,227,000","-0.04%","","","-0.26%","","",""
"2/20/2026","$29,131,000","-0.28%","689.43","608.81","85.12%","45.05%","48.66%","","37.42%","-0.28%","-0.32%","","","","","","","","","","","","$29,131,000","$29,227,000","-0.33%","","","0.72%","","",""
"2/23/2026","$29,139,000","0.03%","682.39","601.41","85.17%","43.57%","46.86%","","37.46%","","","","","","","","","","","","","","$29,139,000","$29,227,000","-0.30%","","","-1.02%","","",""
"2/24/2026","$29,039,000","-0.34%","687.35","607.87","84.53%","44.61%","48.43%","","36.99%","-0.34%","","","","","","","","","","","","","$29,039,000","$29,227,000","-0.65%","","","0.73%","","",""
"2/25/2026","$29,092,000","0.18%","693.15","616.68","84.87%","45.83%","50.59%","","37.24%","","","","","","","","","","","","","","$29,092,000","$29,227,000","-0.46%","","","0.84%","","",""
"2/26/2026","$29,320,000","0.78%","689.3","609.24","86.32%","45.02%","48.77%","","38.32%","","","","","","","","","","","","","","$29,320,000","$29,320,000","0.00%","","","-0.56%","","",""
"2/27/2026","$29,349,000","0.10%","685.99","607.29","86.50%","44.32%","48.29%","February","38.45%","","0.75%","1.63%","-1.30%","-2.88%","","","","","","","","","$29,349,000","$29,349,000","0.00%","","","-0.48%","","",""
"3/2/2026","$29,433,000","0.29%","686.38","608.09","87.03%","44.41%","48.49%","","38.85%","","","","","","","","","","","","","","$29,433,000","$29,433,000","0.00%","","","0.06%","","",""
"3/3/2026","$28,873,000","0.66%","680.33","601.58","88.27%","43.13%","46.90%","","39.77%","","","","","","","","","","-$755,000","","","","$28,873,000","$28,873,000","0.00%","","","-0.88%","","",""
"3/4/2026","$29,142,000","0.93%","685.13","610.75","90.03%","44.14%","49.14%","","41.07%","","","","","","","","","","","","","","$29,142,000","$29,142,000","0.00%","","","0.71%","","",""
"3/5/2026","$29,251,000","0.37%","681.31","608.91","90.74%","43.34%","48.69%","","41.60%","","","","","","","","","","","","","","$29,251,000","$29,251,000","0.00%","","","-0.56%","","",""
"3/6/2026","$29,202,000","0.52%","672.38","599.75","91.72%","41.46%","46.45%","","42.33%","","2.77%","","","","","","","","-$200,000","","","","$29,202,000","$29,202,000","0.00%","","","-1.31%","","",""
"3/9/2026","$29,167,000","-0.12%","678.27","607.76","91.49%","42.70%","48.41%","","42.16%","-0.12%","","","","","","","","","","","","","$29,167,000","$29,202,000","-0.12%","","","0.88%","","",""
"3/10/2026","$28,865,000","-1.04%","677.18","607.77","89.51%","42.47%","48.41%","","40.69%","-1.04%","","","","","","","","","","","","","$28,865,000","$29,202,000","-1.17%","","","-0.16%","","",""
"3/11/2026","$28,993,000","0.44%","676.33","607.69","90.35%","42.29%","48.39%","","41.31%","","","","","","","","","","","","","","$28,993,000","$29,202,000","-0.72%","","","-0.13%","","",""
"3/12/2026","$29,298,000","1.05%","666.06","597.26","92.35%","40.13%","45.84%","","42.80%","","","","","","","","","","","","","","$29,298,000","$29,298,000","0.00%","","","-1.52%","","",""
"3/13/2026","$29,458,000","0.55%","662.29","593.72","93.40%","39.34%","44.98%","","43.58%","","0.89%","","","","","","","","","","","","$29,458,000","$29,458,000","0.00%","","","-0.57%","","",""
"3/16/2026","$29,285,000","-0.59%","669.03","600.38","92.27%","40.76%","46.61%","","42.73%","-0.59%","","","","","","","","","","","","","$29,285,000","$29,458,000","-0.59%","","","1.02%","","",""
"3/17/2026","$29,666,000","1.30%","670.79","603.31","94.77%","41.13%","47.32%","","44.59%","","","","","","","","","","","","","","$29,666,000","$29,666,000","0.00%","","","0.26%","","",""
"3/18/2026","$29,750,000","0.28%","661.43","594.9","95.32%","39.16%","45.27%","","45.00%","","","","","","","","","","","","","","$29,750,000","$29,750,000","0.00%","","","-1.40%","","",""
"3/19/2026","$29,392,000","-1.20%","659.8","593.02","92.97%","38.81%","44.81%","","43.26%","-1.20%","","","","","","","","","","","","","$29,392,000","$29,750,000","-1.22%","","","-0.25%","","",""
"3/20/2026","$29,312,000","-0.27%","648.57","582.06","92.45%","36.45%","42.13%","","42.87%","-0.27%","-0.48%","","","","","","","","","","","","$29,312,000","$29,750,000","-1.49%","","","-1.70%","","",""
"3/23/2026","$29,261,200","-0.17%","655.38","588","92.11%","37.88%","43.58%","","42.62%","-0.17%","","","","","","","","","","","","","$29,261,200","$29,750,000","-1.67%","","","1.05%","","",""
"3/24/2026","$29,127,000","-0.46%","653.18","583.98","91.23%","37.42%","42.60%","","41.96%","-0.46%","","","","","","","","","","","","","$29,127,000","$29,750,000","-2.14%","","","-0.34%","","",""
"3/25/2026","$29,169,000","0.14%","656.82","587.82","91.51%","38.19%","43.54%","","42.17%","","","","","","","","","","","","","","$29,169,000","$29,750,000","-1.99%","","","0.56%","","",""
"3/26/2026","$29,445,000","0.95%","645.09","573.79","93.32%","35.72%","40.11%","","43.51%","","","","","","","","","","","","","","$29,445,000","$29,750,000","-1.04%","","","-1.79%","","",""
"3/27/2026","$29,524,000","0.27%","634.09","562.58","93.84%","33.41%","37.38%","","43.90%","","0.73%","","","","","","","","","","","","$29,524,000","$29,750,000","-0.77%","","","-1.71%","","",""
"3/30/2026","$29,474,000","-0.17%","631.97","558.28","93.51%","32.96%","36.33%","","43.66%","-0.17%","","","","","","","","","","","","","$29,474,000","$29,750,000","-0.94%","","","-0.33%","","",""
"3/31/2026","$29,493,000","0.06%","650.34","577.18","93.63%","36.82%","40.94%","March","43.75%","","","3.82%","-5.25%","-5.08%","Q1","4.65%","-4.63%","-6.04%","","","","","$29,493,000","$29,750,000","-0.87%","","","2.91%","","",""
"4/1/2026","$34,837,000","-0.53%","655.24","584.31","92.61%","37.86%","42.68%","","42.99%","-0.53%","","","","","","","","","$5,500,000","","","","$34,837,000","$35,250,000","-1.19%","","","0.75%","","",""
"4/2/2026","$35,172,000","0.96%","655.83","584.98","94.46%","37.98%","42.85%","","44.36%","","0.33%","","","","","","","","","","","","$35,172,000","$35,250,000","-0.22%","","","0.09%","","",""
"4/6/2026","$35,282,000","0.31%","658.93","588.5","95.07%","38.63%","43.70%","","44.81%","","","","","","","","","","","","","","$35,282,000","$35,282,000","0.00%","","","0.47%","","",""
"4/7/2026","$34,797,200","-1.37%","659.22","588.59","92.39%","38.69%","43.73%","","42.82%","-1.37%","","","","","","","","","","","","","$34,797,200","$35,282,000","-1.39%","","","0.04%","","",""
"4/8/2026","$34,634,000","-0.47%","676.01","606.09","91.49%","42.23%","48.00%","","42.15%","-0.47%","","","","","","","","","","","","","$34,634,000","$35,282,000","-1.87%","","","2.55%","","",""
"4/9/2026","$34,588,000","0.59%","679.91","610.19","92.62%","43.05%","49.00%","","42.99%","","","","","","","","","","-$250,000","","","","$34,588,000","$35,032,000","-1.28%","","","0.58%","","",""
"4/10/2026","$34,923,000","0.97%","679.46","611.07","94.48%","42.95%","49.22%","","44.38%","","0.03%","","","","","","","","","","","","$34,923,000","$35,032,000","-0.31%","","","-0.07%","","",""
"4/13/2026","$35,071,000","0.42%","686.1","617.39","95.30%","44.35%","50.76%","","44.99%","","","","","","","","","","","","","","$35,071,000","$35,071,000","0.00%","","","0.98%","","",""
"4/14/2026","$35,096,000","0.07%","694.46","628.6","95.44%","46.11%","53.50%","","45.09%","","","","","","","","","","","","","","$35,096,000","$35,096,000","0.00%","","","1.22%","","",""
"4/15/2026","$35,026,600","-0.20%","699.94","637.4","95.06%","47.26%","55.65%","","44.80%","-0.20%","","","","","","","","","","","","","$35,026,600","$35,096,000","-0.20%","","","0.79%","","",""
"4/16/2026","$35,279,000","0.72%","701.66","640.47","96.46%","47.62%","56.40%","","45.85%","","","","","","","","","","","","","","$35,279,000","$35,279,000","0.00%","","","0.25%","","",""
"4/17/2026","$35,516,000","0.67%","710.14","648.85","97.78%","49.41%","58.44%","","46.83%","","1.69%","","","","","","","","","","","","$35,516,000","$35,516,000","0.00%","","","1.21%","","",""
"4/20/2026","$35,843,000","0.92%","708.72","646.79","99.60%","49.11%","57.94%","","48.18%","","","","","","","","","","","","","","$35,843,000","$35,843,000","0.00%","","","-0.20%","","",""
"4/21/2026","$35,293,000","-1.53%","704.08","644.33","96.54%","48.13%","57.34%","","45.91%","-1.53%","","","","","","","","","","","","","$35,293,000","$35,843,000","-1.56%","","","-0.65%","","",""
"4/22/2026","$35,415,000","0.35%","711.21","655.11","97.22%","49.63%","59.97%","","46.41%","","","","","","","","","","","","","","$35,415,000","$35,843,000","-1.21%","","","1.01%","","",""
"4/23/2026","$34,732,000","-1.93%","708.45","651.42","93.42%","49.05%","59.07%","","43.59%","-1.93%","","","","","","","","","","","","","$34,732,000","$35,843,000","-3.20%","","","-0.39%","","",""
"4/24/2026","$34,972,000","0.69%","713.94","663.88","94.75%","50.21%","62.11%","","44.58%","","-1.51%","","","","","","","","","","","","$34,972,000","$35,843,000","-2.49%","","","0.77%","","",""
"4/27/2026","$35,416,000","1.27%","715.17","664.23","97.23%","50.46%","62.20%","","46.41%","","","","","","","","","","","","","","$35,416,000","$35,843,000","-1.21%","","","0.17%","","",""
"4/28/2026","$35,632,000","0.61%","711.69","657.55","98.43%","49.73%","60.57%","","47.31%","","","","","","","","","","","","","","$35,632,000","$35,843,000","-0.59%","","","-0.49%","","",""
"4/29/2026","$35,639,000","0.02%","711.58","661.57","98.47%","49.71%","61.55%","","47.34%","","","","","","","","","","","","","","$35,639,000","$35,843,000","-0.57%","","","-0.02%","","",""
"4/30/2026","$35,745,000","0.30%","718.66","667.74","99.06%","51.20%","63.05%","April","47.77%","","","2.80%","10.51%","15.69%","","","","","","","","","$35,745,000","$35,843,000","-0.27%","","","0.99%","","",""
"5/1/2026","$35,567,000","-0.50%","720.65","674.15","98.07%","51.62%","64.62%","","47.04%","-0.50%","1.70%","","","","","","","","","","","","$35,567,000","$35,843,000","-0.78%","","","0.28%","","",""
"5/4/2026","$35,762,000","0.55%","718.01","672.88","99.15%","51.06%","64.31%","","47.84%","","","","","","","","","","","","","","$35,762,000","$35,843,000","-0.23%","","","-0.37%","","",""
"5/5/2026","$34,697,000","0.10%","723.77","681.61","99.35%","52.27%","66.44%","","47.99%","","","","","","","","","","-$1,100,000","","","","$34,697,000","$34,743,000","-0.13%","","","0.80%","","",""
"5/6/2026","$34,702,000","0.01%","733.83","695.77","99.38%","54.39%","69.90%","","48.01%","","","","","","","","","","","","","","$34,702,000","$34,743,000","-0.12%","","","1.39%","","",""
"5/7/2026","$34,712,000","0.03%","731.58","694.94","99.43%","53.92%","69.70%","","48.05%","","","","","","","","","","","","","","$34,712,000","$34,743,000","-0.09%","","","-0.31%","","",""
"5/8/2026","$34,812,000","0.29%","737.62","711.23","100.01%","55.19%","73.67%","","48.48%","","0.98%","","","","","","","","","","","","$34,812,000","$34,812,000","0.00%","","","0.83%","","",""
"5/11/2026","$34,713,000","-0.28%","739.3","713.29","99.44%","55.54%","74.18%","","48.06%","-0.28%","","","","","","","","","","","","","$34,713,000","$34,812,000","-0.29%","","","0.23%","","",""
"5/12/2026","$34,424,000","-0.83%","738.18","707.24","97.78%","55.30%","72.70%","","46.83%","-0.83%","","","","","","","","","","","","","$34,424,000","$34,812,000","-1.13%","","","-0.15%","","",""
"5/13/2026","$34,667,800","0.71%","742.31","714.71","99.18%","56.17%","74.52%","","47.87%","","","","","","","","","","","","","","$34,667,800","$34,812,000","-0.42%","","","0.56%","","",""
"5/14/2026","$34,831,000","0.47%","748.17","719.79","100.12%","57.41%","75.76%","","48.56%","","","","","","","","","","","","","","$34,831,000","$34,831,000","0.00%","","","0.79%","","",""
"5/15/2026","$34,916,000","0.24%","739.17","708.93","100.61%","55.51%","73.11%","","48.92%","","0.31%","","","","","","","","","","","","$34,916,000","$34,916,000","0.00%","","","-1.20%","","",""
"5/18/2026","$34,078,000","-2.40%","738.65","705.88","95.79%","55.40%","72.37%","","45.35%","-2.40%","","","","","","","","","","","","","$34,078,000","$34,916,000","-2.46%","","","-0.07%","","",""
"5/19/2026","$33,681,621","-1.16%","733.73","701.53","93.51%","54.37%","71.31%","","43.66%","-1.16%","","","","","","","","","","","","","$33,681,621","$34,916,000","-3.66%","","","-0.67%","","",""
"5/20/2026","$33,857,000","0.52%","741.25","713.15","94.52%","55.95%","74.14%","","44.41%","","","","","","","","","","","","","","$33,857,000","$34,916,000","-3.13%","","","1.02%","","",""
"5/21/2026","$33,766,000","-0.27%","742.72","714.51","94.00%","56.26%","74.47%","","44.02%","-0.27%","","","","","","","","","","","","","$33,766,000","$34,916,000","-3.41%","","","0.20%","","",""
"5/22/2026","$33,901,600","0.40%","745.64","717.54","94.78%","56.87%","75.21%","","44.60%","","-2.91%","","","","","","","","","","","","$33,901,600","$34,916,000","-2.99%","","","0.39%","","",""
"5/26/2026","$34,092,000","0.56%","750.59","730.28","95.87%","57.92%","78.33%","","45.41%","","","","","","","","","","","","","","$34,092,000","$34,916,000","-2.42%","","","0.66%","","",""
"5/27/2026","$34,264,000","0.50%","750.46","729.45","96.86%","57.89%","78.12%","","46.14%","","","","","","","","","","","","","","$34,264,000","$34,916,000","-1.90%","","","-0.02%","","",""
"5/28/2026","$34,640,000","1.10%","754.6","735.6","99.02%","58.76%","79.62%","","47.75%","","","","","","","","","","","","","","$34,640,000","$34,916,000","-0.80%","","","0.55%","","",""
"5/29/2026","$34,644,000","0.01%","756.48","738.31","99.04%","59.16%","80.29%","May","47.76%","","2.18%","-0.01%","5.55%","11.23%","","","","","","","","","$34,644,000","$34,916,000","-0.79%","","","0.25%","","",""
"6/1/2026","$34,568,000","-0.22%","758.54","742.74","98.61%","59.59%","81.37%","","47.44%","-0.22%","","","","","","","","","","","","","$34,568,000","$34,916,000","-1.01%","","","0.27%","","",""
"6/2/2026","$35,102,000","1.54%","759.57","746.16","101.67%","59.81%","82.20%","","49.72%","","","","","","","","","","","","","","$35,102,000","$35,102,000","0.00%","","","0.14%","","",""
"6/3/2026","$34,884,000","-0.62%","754.24","744.21","100.42%","58.68%","81.73%","","48.79%","-0.62%","","","","","","","","","","","","","$34,884,000","$35,102,000","-0.62%","","","-0.70%","","",""
"6/4/2026","$34,972,254","0.25%","757.09","740.61","100.93%","59.28%","80.85%","","49.16%","","","","","","","","","","","","","","$34,972,254","$35,102,000","-0.37%","","","0.38%","","",""
"6/5/2026","$35,092,000","0.34%","737.55","705.06","101.62%","55.17%","72.17%","","49.67%","","1.30%","","","","","","","","","","","","$35,092,000","$35,102,000","-0.03%","","","-2.58%","","",""
"6/8/2026","$35,134,000","0.12%","739.22","716.07","101.86%","55.52%","74.86%","","49.85%","","","","","","","","","","","","","","$35,134,000","$35,134,000","0.00%","","","0.23%","","",""
"6/9/2026","$34,887,000","-0.70%","737.05","707.83","100.44%","55.07%","72.84%","","48.80%","-0.70%","","","","","","","","","","","","","$34,887,000","$35,134,000","-0.71%","","","-0.29%","","",""
"6/10/2026","$34,670,000","-0.62%","725.43","693.69","99.19%","52.62%","69.39%","","47.87%","-0.62%","","","","","","","","","","","","","$34,670,000","$35,134,000","-1.34%","","","-1.58%","","",""
"6/11/2026","$33,993,000","-1.95%","737.76","717.12","95.30%","55.22%","75.11%","","44.99%","-1.95%","","","","","","","","","","","","","$33,993,000","$35,134,000","-3.36%","","","1.70%","","",""
"6/12/2026","$34,180,000","0.55%","741.75","721.34","96.38%","56.06%","76.14%","","45.78%","","-2.61%","","","","","","","","","","","","$34,180,000","$35,134,000","-2.79%","","","0.54%","","",""
"6/15/2026","$34,360,000","0.53%","754.83","744","97.41%","58.81%","81.68%","","46.55%","","","","","","","","","","","","","","$34,360,000","$35,134,000","-2.25%","","","1.76%","","",""
"6/16/2026","$34,430,000","0.20%","750.33","729.86","97.81%","57.86%","78.22%","","46.85%","","","","","","","","","","","","","","$34,430,000","$35,134,000","-2.04%","","","-0.60%","","",""
"6/17/2026","$34,296,000","-0.39%","740.96","722.51","97.04%","55.89%","76.43%","","46.28%","-0.39%","","","","","","","","","","","","","$34,296,000","$35,134,000","-2.44%","","","-1.25%","","",""
"6/18/2026","$34,190,000","-0.31%","746.74","740.62","96.43%","57.11%","80.85%","","45.83%","-0.31%","","","","","","","","","","","","","$34,190,000","$35,134,000","-2.76%","","","0.78%","","",""
"6/19/2026","$34,190,000","0.00%","744.39","737.95","96.43%","56.61%","80.20%","","45.83%","","0.03%","","","","","","","","","","","","$34,190,000","$35,134,000","-2.76%","","","-0.31%","","",""
"6/22/2026","$34,330,000","0.41%","744.39","737.95","97.24%","56.61%","80.20%","","46.42%","","","","","","","","","","","","","","$34,330,000","$35,134,000","-2.34%","","","0.00%","","",""
"6/23/2026","$34,264,000","-0.19%","733.58","713.65","96.86%","54.34%","74.26%","","46.14%","-0.19%","","","","","","","","","","","","","$34,264,000","$35,134,000","-2.54%","","","-1.45%","","",""
"6/24/2026","$34,264,000","0.00%","736.75","716.43","96.86%","55.00%","74.94%","","46.14%","","","","","","","","","","","","","","$34,264,000","$35,134,000","-2.54%","","","0.43%","","",""
"6/25/2026","$34,264,000","","736.75","716.43","96.86%","55.00%","74.94%","","46.14%","","","","","","","","","","","","","","$34,264,000","$35,134,000","-2.54%","","","","","",""
"6/26/2026","$34,264,000","","736.75","716.43","96.86%","55.00%","74.94%","","46.14%","","0.22%","","","","","","","","","","","","$34,264,000","$35,134,000","-2.54%","","","","","",""
"6/29/2026","$34,264,000","","736.75","716.43","96.86%","55.00%","74.94%","","46.14%","","","","","","","","","","","","","","$34,264,000","$35,134,000","-2.54%","","","","","",""
"6/30/2026","$34,264,000","","736.75","716.43","96.86%","55.00%","74.94%","June","46.14%","","","-1.10%","-2.87%","-3.54%","Q2","1.67%","13.29%","24.13%","","","","","$34,264,000","$35,134,000","-2.54%","","","","","",""
"7/1/2026","$34,264,000","","736.75","716.43","96.86%","55.00%","74.94%","","46.14%","","","","","","","","","","","","","","$34,264,000","$35,134,000","-2.54%","","","","","",""
"7/2/2026","$34,264,000","","736.75","716.43","96.86%","55.00%","74.94%","","46.14%","","0.00%","","","","","","","","","","","","$34,264,000","$35,134,000","-2.54%","","","","","",""
"7/6/2026","$34,264,000","","736.75","716.43","96.86%","55.00%","74.94%","","46.14%","","","","","","","","","","","","","","$34,264,000","$35,134,000","-2.54%","","","","","",""
"7/7/2026","$34,264,000","","736.75","716.43","96.86%","55.00%","74.94%","","46.14%","","","","","","","","","","","","","","$34,264,000","$35,134,000","-2.54%","","","","","",""
"7/8/2026","$34,264,000","","736.75","716.43","96.86%","55.00%","74.94%","","46.14%","","","","","","","","","","","","","","$34,264,000","$35,134,000","-2.54%","","","","","",""
"7/9/2026","$34,264,000","","736.75","716.43","96.86%","55.00%","74.94%","","46.14%","","","","","","","","","","","","","","$34,264,000","$35,134,000","-2.54%","","","","","",""
"7/10/2026","$34,264,000","","736.75","716.43","96.86%","55.00%","74.94%","","46.14%","","0.00%","","","","","","","","","","","","$34,264,000","$35,134,000","-2.54%","","","","","",""
"7/13/2026","$34,264,000","","736.75","716.43","96.86%","55.00%","74.94%","","46.14%","","","","","","","","","","","","","","$34,264,000","$35,134,000","-2.54%","","","","","",""
"7/14/2026","$34,264,000","","736.75","716.43","96.86%","55.00%","74.94%","","46.14%","","","","","","","","","","","","","","$34,264,000","$35,134,000","-2.54%","","","","","",""
"7/15/2026","$34,264,000","","736.75","716.43","96.86%","55.00%","74.94%","","46.14%","","","","","","","","","","","","","","$34,264,000","$35,134,000","-2.54%","","","","","",""
"7/16/2026","$34,264,000","","736.75","716.43","96.86%","55.00%","74.94%","","46.14%","","","","","","","","","","","","","","$34,264,000","$35,134,000","-2.54%","","","","","",""
"7/17/2026","$34,264,000","","736.75","716.43","96.86%","55.00%","74.94%","","46.14%","","0.00%","","","","","","","","","","","","$34,264,000","$35,134,000","-2.54%","","","","","",""
"7/20/2026","$34,264,000","","736.75","716.43","96.86%","55.00%","74.94%","","46.14%","","","","","","","","","","","","","","$34,264,000","$35,134,000","-2.54%","","","","","",""
"7/21/2026","$34,264,000","","736.75","716.43","96.86%","55.00%","74.94%","","46.14%","","","","","","","","","","","","","","$34,264,000","$35,134,000","-2.54%","","","","","",""
"7/22/2026","$34,264,000","","736.75","716.43","96.86%","55.00%","74.94%","","46.14%","","","","","","","","","","","","","","$34,264,000","$35,134,000","-2.54%","","","","","",""
"7/23/2026","$34,264,000","","736.75","716.43","96.86%","55.00%","74.94%","","46.14%","","","","","","","","","","","","","","$34,264,000","$35,134,000","-2.54%","","","","","",""
"7/24/2026","$34,264,000","","736.75","716.43","96.86%","55.00%","74.94%","","46.14%","","0.00%","","","","","","","","","","","","$34,264,000","$35,134,000","-2.54%","","","","","",""
"7/27/2026","$34,264,000","","736.75","716.43","96.86%","55.00%","74.94%","","46.14%","","","","","","","","","","","","","","$34,264,000","$35,134,000","-2.54%","","","","","",""
"7/28/2026","$34,264,000","","736.75","716.43","96.86%","55.00%","74.94%","","46.14%","","","","","","","","","","","","","","$34,264,000","$35,134,000","-2.54%","","","","","",""
"7/29/2026","$34,264,000","","736.75","716.43","96.86%","55.00%","74.94%","","46.14%","","","","","","","","","","","","","","$34,264,000","$35,134,000","-2.54%","","","","","",""
"7/30/2026","$34,264,000","","736.75","716.43","96.86%","55.00%","74.94%","","46.14%","","","","","","","","","","","","","","$34,264,000","$35,134,000","-2.54%","","","","","",""
"7/31/2026","$34,264,000","","736.75","716.43","96.86%","55.00%","74.94%","July","46.14%","","0.00%","0.00%","0.00%","0.00%","","","","","","","","","$34,264,000","$35,134,000","-2.54%","","","","","",""
"8/3/2026","$34,264,000","","736.75","716.43","96.86%","55.00%","74.94%","","46.14%","","","","","","","","","","","","","","$34,264,000","$35,134,000","-2.54%","","","","","",""
"8/4/2026","$34,264,000","","736.75","716.43","96.86%","55.00%","74.94%","","46.14%","","","","","","","","","","","","","","$34,264,000","$35,134,000","-2.54%","","","","","",""
"8/5/2026","$34,264,000","","736.75","716.43","96.86%","55.00%","74.94%","","46.14%","","","","","","","","","","","","","","$34,264,000","$35,134,000","-2.54%","","","","","",""
"8/6/2026","$34,264,000","","736.75","716.43","96.86%","55.00%","74.94%","","46.14%","","","","","","","","","","","","","","$34,264,000","$35,134,000","-2.54%","","","","","",""
"8/7/2026","$34,264,000","","736.75","716.43","96.86%","55.00%","74.94%","","46.14%","","0.00%","","","","","","","","","","","","$34,264,000","$35,134,000","-2.54%","","","","","",""
"8/10/2026","$34,264,000","","736.75","716.43","96.86%","55.00%","74.94%","","46.14%","","","","","","","","","","","","","","$34,264,000","$35,134,000","-2.54%","","","","","",""
"8/11/2026","$34,264,000","","736.75","716.43","96.86%","55.00%","74.94%","","46.14%","","","","","","","","","","","","","","$34,264,000","$35,134,000","-2.54%","","","","","",""
"8/12/2026","$34,264,000","","736.75","716.43","96.86%","55.00%","74.94%","","46.14%","","","","","","","","","","","","","","$34,264,000","$35,134,000","-2.54%","","","","","",""
"8/13/2026","$34,264,000","","736.75","716.43","96.86%","55.00%","74.94%","","46.14%","","","","","","","","","","","","","","$34,264,000","$35,134,000","-2.54%","","","","","",""
"8/14/2026","$34,264,000","","736.75","716.43","96.86%","55.00%","74.94%","","46.14%","","0.00%","","","","","","","","","","","","$34,264,000","$35,134,000","-2.54%","","","","","",""
"8/17/2026","$34,264,000","","736.75","716.43","96.86%","55.00%","74.94%","","46.14%","","","","","","","","","","","","","","$34,264,000","$35,134,000","-2.54%","","","","","",""
"8/18/2026","$34,264,000","","736.75","716.43","96.86%","55.00%","74.94%","","46.14%","","","","","","","","","","","","","","$34,264,000","$35,134,000","-2.54%","","","","","",""
"8/19/2026","$34,264,000","","736.75","716.43","96.86%","55.00%","74.94%","","46.14%","","","","","","","","","","","","","","$34,264,000","$35,134,000","-2.54%","","","","","",""
"8/20/2026","$34,264,000","","736.75","716.43","96.86%","55.00%","74.94%","","46.14%","","","","","","","","","","","","","","$34,264,000","$35,134,000","-2.54%","","","","","",""
"8/21/2026","$34,264,000","","736.75","716.43","96.86%","55.00%","74.94%","","46.14%","","0.00%","","","","","","","","","","","","$34,264,000","$35,134,000","-2.54%","","","","","",""
"8/24/2026","$34,264,000","","736.75","716.43","96.86%","55.00%","74.94%","","46.14%","","","","","","","","","","","","","","$34,264,000","$35,134,000","-2.54%","","","","","",""
"8/25/2026","$34,264,000","","736.75","716.43","96.86%","55.00%","74.94%","","46.14%","","","","","","","","","","","","","","$34,264,000","$35,134,000","-2.54%","","","","","",""
"8/26/2026","$34,264,000","","736.75","716.43","96.86%","55.00%","74.94%","","46.14%","","","","","","","","","","","","","","$34,264,000","$35,134,000","-2.54%","","","","","",""
"8/27/2026","$34,264,000","","736.75","716.43","96.86%","55.00%","74.94%","","46.14%","","","","","","","","","","","","","","$34,264,000","$35,134,000","-2.54%","","","","","",""
"8/28/2026","$34,264,000","","736.75","716.43","96.86%","55.00%","74.94%","","46.14%","","0.00%","","","","","","","","","","","","$34,264,000","$35,134,000","-2.54%","","","","","",""
"8/31/2026","$34,264,000","","736.75","716.43","96.86%","55.00%","74.94%","August","46.14%","","","0.00%","0.00%","0.00%","","","","","","","","","$34,264,000","$35,134,000","-2.54%","","","","","",""
"9/1/2026","$34,264,000","","736.75","716.43","96.86%","55.00%","74.94%","","46.14%","","","","","","","","","","","","","","$34,264,000","$35,134,000","-2.54%","","","","","",""
"9/2/2026","$34,264,000","","736.75","716.43","96.86%","55.00%","74.94%","","46.14%","","","","","","","","","","","","","","$34,264,000","$35,134,000","-2.54%","","","","","",""
"9/3/2026","$34,264,000","","736.75","716.43","96.86%","55.00%","74.94%","","46.14%","","","","","","","","","","","","","","$34,264,000","$35,134,000","-2.54%","","","","","",""
"9/4/2026","$34,264,000","","736.75","716.43","96.86%","55.00%","74.94%","","46.14%","","0.00%","","","","","","","","","","","","$34,264,000","$35,134,000","-2.54%","","","","","",""
"9/8/2026","$34,264,000","","736.75","716.43","96.86%","55.00%","74.94%","","46.14%","","","","","","","","","","","","","","$34,264,000","$35,134,000","-2.54%","","","","","",""
"9/9/2026","$34,264,000","","736.75","716.43","96.86%","55.00%","74.94%","","46.14%","","","","","","","","","","","","","","$34,264,000","$35,134,000","-2.54%","","","","","",""
"9/10/2026","$34,264,000","","736.75","716.43","96.86%","55.00%","74.94%","","46.14%","","","","","","","","","","","","","","$34,264,000","$35,134,000","-2.54%","","","","","",""
"9/11/2026","$34,264,000","","736.75","716.43","96.86%","55.00%","74.94%","","46.14%","","0.00%","","","","","","","","","","","","$34,264,000","$35,134,000","-2.54%","","","","","",""
"9/14/2026","$34,264,000","","736.75","716.43","96.86%","55.00%","74.94%","","46.14%","","","","","","","","","","","","","","$34,264,000","$35,134,000","-2.54%","","","","","",""
"9/15/2026","$34,264,000","","736.75","716.43","96.86%","55.00%","74.94%","","46.14%","","","","","","","","","","","","","","$34,264,000","$35,134,000","-2.54%","","","","","",""
"9/16/2026","$34,264,000","","736.75","716.43","96.86%","55.00%","74.94%","","46.14%","","","","","","","","","","","","","","$34,264,000","$35,134,000","-2.54%","","","","","",""
"9/17/2026","$34,264,000","","736.75","716.43","96.86%","55.00%","74.94%","","46.14%","","","","","","","","","","","","","","$34,264,000","$35,134,000","-2.54%","","","","","",""
"9/18/2026","$34,264,000","","736.75","716.43","96.86%","55.00%","74.94%","","46.14%","","0.00%","","","","","","","","","","","","$34,264,000","$35,134,000","-2.54%","","","","","",""
"9/21/2026","$34,264,000","","736.75","716.43","96.86%","55.00%","74.94%","","46.14%","","","","","","","","","","","","","","$34,264,000","$35,134,000","-2.54%","","","","","",""
"9/22/2026","$34,264,000","","736.75","716.43","96.86%","55.00%","74.94%","","46.14%","","","","","","","","","","","","","","$34,264,000","$35,134,000","-2.54%","","","","","",""
"9/23/2026","$34,264,000","","736.75","716.43","96.86%","55.00%","74.94%","","46.14%","","","","","","","","","","","","","","$34,264,000","$35,134,000","-2.54%","","","","","",""
"9/24/2026","$34,264,000","","736.75","716.43","96.86%","55.00%","74.94%","","46.14%","","","","","","","","","","","","","","$34,264,000","$35,134,000","-2.54%","","","","","",""
"9/25/2026","$34,264,000","","736.75","716.43","96.86%","55.00%","74.94%","","46.14%","","0.00%","","","","","","","","","","","","$34,264,000","$35,134,000","-2.54%","","","","","",""
"9/28/2026","$34,264,000","","736.75","716.43","96.86%","55.00%","74.94%","","46.14%","","","","","","","","","","","","","","$34,264,000","$35,134,000","-2.54%","","","","","",""
"9/29/2026","$34,264,000","","736.75","716.43","96.86%","55.00%","74.94%","","46.14%","","","","","","","","","","","","","","$34,264,000","$35,134,000","-2.54%","","","","","",""
"9/30/2026","$34,264,000","","736.75","716.43","96.86%","55.00%","74.94%","September","46.14%","","","0.00%","0.00%","0.00%","Q3","0.00%","0.00%","0.00%","","","","","$34,264,000","$35,134,000","-2.54%","","","","","",""
"10/1/2026","$34,264,000","","736.75","716.43","96.86%","55.00%","74.94%","","46.14%","","","","","","","","","","","","","","$34,264,000","$35,134,000","-2.54%","","","","","",""
"10/2/2026","$34,264,000","","736.75","716.43","96.86%","55.00%","74.94%","","46.14%","","0.00%","","","","","","","","","","","","$34,264,000","$35,134,000","-2.54%","","","","","",""
"10/5/2026","$34,264,000","","736.75","716.43","96.86%","55.00%","74.94%","","46.14%","","","","","","","","","","","","","","$34,264,000","$35,134,000","-2.54%","","","","","",""
"10/6/2026","$34,264,000","","736.75","716.43","96.86%","55.00%","74.94%","","46.14%","","","","","","","","","","","","","","$34,264,000","$35,134,000","-2.54%","","","","","",""
"10/7/2026","$34,264,000","","736.75","716.43","96.86%","55.00%","74.94%","","46.14%","","","","","","","","","","","","","","$34,264,000","$35,134,000","-2.54%","","","","","",""
"10/8/2026","$34,264,000","","736.75","716.43","96.86%","55.00%","74.94%","","46.14%","","","","","","","","","","","","","","$34,264,000","$35,134,000","-2.54%","","","","","",""
"10/9/2026","$34,264,000","","736.75","716.43","96.86%","55.00%","74.94%","","46.14%","","0.00%","","","","","","","","","","","","$34,264,000","$35,134,000","-2.54%","","","","","",""
"10/12/2026","$34,264,000","","736.75","716.43","96.86%","55.00%","74.94%","","46.14%","","","","","","","","","","","","","","$34,264,000","$35,134,000","-2.54%","","","","","",""
"10/13/2026","$34,264,000","","736.75","716.43","96.86%","55.00%","74.94%","","46.14%","","","","","","","","","","","","","","$34,264,000","$35,134,000","-2.54%","","","","","",""
"10/14/2026","$34,264,000","","736.75","716.43","96.86%","55.00%","74.94%","","46.14%","","","","","","","","","","","","","","$34,264,000","$35,134,000","-2.54%","","","","","",""
"10/15/2026","$34,264,000","","736.75","716.43","96.86%","55.00%","74.94%","","46.14%","","","","","","","","","","","","","","$34,264,000","$35,134,000","-2.54%","","","","","",""
"10/16/2026","$34,264,000","","736.75","716.43","96.86%","55.00%","74.94%","","46.14%","","0.00%","","","","","","","","","","","","$34,264,000","$35,134,000","-2.54%","","","","","",""
"10/19/2026","$34,264,000","","736.75","716.43","96.86%","55.00%","74.94%","","46.14%","","","","","","","","","","","","","","$34,264,000","$35,134,000","-2.54%","","","","","",""
"10/20/2026","$34,264,000","","736.75","716.43","96.86%","55.00%","74.94%","","46.14%","","","","","","","","","","","","","","$34,264,000","$35,134,000","-2.54%","","","","","",""
"10/21/2026","$34,264,000","","736.75","716.43","96.86%","55.00%","74.94%","","46.14%","","","","","","","","","","","","","","$34,264,000","$35,134,000","-2.54%","","","","","",""
"10/22/2026","$34,264,000","","736.75","716.43","96.86%","55.00%","74.94%","","46.14%","","","","","","","","","","","","","","$34,264,000","$35,134,000","-2.54%","","","","","",""
"10/23/2026","$34,264,000","","736.75","716.43","96.86%","55.00%","74.94%","","46.14%","","0.00%","","","","","","","","","","","","$34,264,000","$35,134,000","-2.54%","","","","","",""
"10/26/2026","$34,264,000","","736.75","716.43","96.86%","55.00%","74.94%","","46.14%","","","","","","","","","","","","","","$34,264,000","$35,134,000","-2.54%","","","","","",""
"10/27/2026","$34,264,000","","736.75","716.43","96.86%","55.00%","74.94%","","46.14%","","","","","","","","","","","","","","$34,264,000","$35,134,000","-2.54%","","","","","",""
"10/28/2026","$34,264,000","","736.75","716.43","96.86%","55.00%","74.94%","","46.14%","","","","","","","","","","","","","","$34,264,000","$35,134,000","-2.54%","","","","","",""
"10/29/2026","$34,264,000","","736.75","716.43","96.86%","55.00%","74.94%","","46.14%","","","","","","","","","","","","","","$34,264,000","$35,134,000","-2.54%","","","","","",""
"10/30/2026","$34,264,000","","736.75","716.43","96.86%","55.00%","74.94%","October","46.14%","","0.00%","0.00%","0.00%","0.00%","","","","","","","","","$34,264,000","$35,134,000","-2.54%","","","","","",""
"11/2/2026","$34,264,000","","736.75","716.43","96.86%","55.00%","74.94%","","46.14%","","","","","","","","","","","","","","$34,264,000","$35,134,000","-2.54%","","","","","",""
"11/3/2026","$34,264,000","","736.75","716.43","96.86%","55.00%","74.94%","","46.14%","","","","","","","","","","","","","","$34,264,000","$35,134,000","-2.54%","","","","","",""
"11/4/2026","$34,264,000","","736.75","716.43","96.86%","55.00%","74.94%","","46.14%","","","","","","","","","","","","","","$34,264,000","$35,134,000","-2.54%","","","","","",""
"11/5/2026","$34,264,000","","736.75","716.43","96.86%","55.00%","74.94%","","46.14%","","","","","","","","","","","","","","$34,264,000","$35,134,000","-2.54%","","","","","",""
"11/6/2026","$34,264,000","","736.75","716.43","96.86%","55.00%","74.94%","","46.14%","","0.00%","","","","","","","","","","","","$34,264,000","$35,134,000","-2.54%","","","","","",""
"11/9/2026","$34,264,000","","736.75","716.43","96.86%","55.00%","74.94%","","46.14%","","","","","","","","","","","","","","$34,264,000","$35,134,000","-2.54%","","","","","",""
"11/10/2026","$34,264,000","","736.75","716.43","96.86%","55.00%","74.94%","","46.14%","","","","","","","","","","","","","","$34,264,000","$35,134,000","-2.54%","","","","","",""
"11/11/2026","$34,264,000","","736.75","716.43","96.86%","55.00%","74.94%","","46.14%","","","","","","","","","","","","","","$34,264,000","$35,134,000","-2.54%","","","","","",""
"11/12/2026","$34,264,000","","736.75","716.43","96.86%","55.00%","74.94%","","46.14%","","","","","","","","","","","","","","$34,264,000","$35,134,000","-2.54%","","","","","",""
"11/13/2026","$34,264,000","","736.75","716.43","96.86%","55.00%","74.94%","","46.14%","","0.00%","","","","","","","","","","","","$34,264,000","$35,134,000","-2.54%","","","","","",""
"11/16/2026","$34,264,000","","736.75","716.43","96.86%","55.00%","74.94%","","46.14%","","","","","","","","","","","","","","$34,264,000","$35,134,000","-2.54%","","","","","",""
"11/17/2026","$34,264,000","","736.75","716.43","96.86%","55.00%","74.94%","","46.14%","","","","","","","","","","","","","","$34,264,000","$35,134,000","-2.54%","","","","","",""
"11/18/2026","$34,264,000","","736.75","716.43","96.86%","55.00%","74.94%","","46.14%","","","","","","","","","","","","","","$34,264,000","$35,134,000","-2.54%","","","","","",""
"11/19/2026","$34,264,000","","736.75","716.43","96.86%","55.00%","74.94%","","46.14%","","","","","","","","","","","","","","$34,264,000","$35,134,000","-2.54%","","","","","",""
"11/20/2026","$34,264,000","","736.75","716.43","96.86%","55.00%","74.94%","","46.14%","","0.00%","","","","","","","","","","","","$34,264,000","$35,134,000","-2.54%","","","","","",""
"11/23/2026","$34,264,000","","736.75","716.43","96.86%","55.00%","74.94%","","46.14%","","","","","","","","","","","","","","$34,264,000","$35,134,000","-2.54%","","","","","",""
"11/24/2026","$34,264,000","","736.75","716.43","96.86%","55.00%","74.94%","","46.14%","","","","","","","","","","","","","","$34,264,000","$35,134,000","-2.54%","","","","","",""
"11/25/2026","$34,264,000","","736.75","716.43","96.86%","55.00%","74.94%","","46.14%","","","","","","","","","","","","","","$34,264,000","$35,134,000","-2.54%","","","","","",""
"11/27/2026","$34,264,000","","736.75","716.43","96.86%","55.00%","74.94%","","46.14%","","0.00%","","","","","","","","","","","","$34,264,000","$35,134,000","-2.54%","","","","","",""
"11/30/2026","$34,264,000","","736.75","716.43","96.86%","55.00%","74.94%","November","46.14%","","","0.00%","0.00%","0.00%","","","","","","","","","$34,264,000","$35,134,000","-2.54%","","","","","",""
"12/1/2026","$34,264,000","","736.75","716.43","96.86%","55.00%","74.94%","","46.14%","","","","","","","","","","","","","","$34,264,000","$35,134,000","-2.54%","","","","","",""
"12/2/2026","$34,264,000","","736.75","716.43","96.86%","55.00%","74.94%","","46.14%","","","","","","","","","","","","","","$34,264,000","$35,134,000","-2.54%","","","","","",""
"12/3/2026","$34,264,000","","736.75","716.43","96.86%","55.00%","74.94%","","46.14%","","","","","","","","","","","","","","$34,264,000","$35,134,000","-2.54%","","","","","",""
"12/4/2026","$34,264,000","","736.75","716.43","96.86%","55.00%","74.94%","","46.14%","","0.00%","","","","","","","","","","","","$34,264,000","$35,134,000","-2.54%","","","","","",""
"12/7/2026","$34,264,000","","736.75","716.43","96.86%","55.00%","74.94%","","46.14%","","","","","","","","","","","","","","$34,264,000","$35,134,000","-2.54%","","","","","",""
"12/8/2026","$34,264,000","","736.75","716.43","96.86%","55.00%","74.94%","","46.14%","","","","","","","","","","","","","","$34,264,000","$35,134,000","-2.54%","","","","","",""
"12/9/2026","$34,264,000","","736.75","716.43","96.86%","55.00%","74.94%","","46.14%","","","","","","","","","","","","","","$34,264,000","$35,134,000","-2.54%","","","","","",""
"12/10/2026","$34,264,000","","736.75","716.43","96.86%","55.00%","74.94%","","46.14%","","","","","","","","","","","","","","$34,264,000","$35,134,000","-2.54%","","","","","",""
"12/11/2026","$34,264,000","","736.75","716.43","96.86%","55.00%","74.94%","","46.14%","","0.00%","","","","","","","","","","","","$34,264,000","$35,134,000","-2.54%","","","","","",""
"12/14/2026","$34,264,000","","736.75","716.43","96.86%","55.00%","74.94%","","46.14%","","","","","","","","","","","","","","$34,264,000","$35,134,000","-2.54%","","","","","",""
"12/15/2026","$34,264,000","","736.75","716.43","96.86%","55.00%","74.94%","","46.14%","","","","","","","","","","","","","","$34,264,000","$35,134,000","-2.54%","","","","","",""
"12/16/2026","$34,264,000","","736.75","716.43","96.86%","55.00%","74.94%","","46.14%","","","","","","","","","","","","","","$34,264,000","$35,134,000","-2.54%","","","","","",""
"12/17/2026","$34,264,000","","736.75","716.43","96.86%","55.00%","74.94%","","46.14%","","","","","","","","","","","","","","$34,264,000","$35,134,000","-2.54%","","","","","",""
"12/18/2026","$34,264,000","","736.75","716.43","96.86%","55.00%","74.94%","","46.14%","","0.00%","","","","","","","","","","","","$34,264,000","$35,134,000","-2.54%","","","","","",""
"12/21/2026","$34,264,000","","736.75","716.43","96.86%","55.00%","74.94%","","46.14%","","","","","","","","","","","","","","$34,264,000","$35,134,000","-2.54%","","","","","",""
"12/22/2026","$34,264,000","","736.75","716.43","96.86%","55.00%","74.94%","","46.14%","","","","","","","","","","","","","","$34,264,000","$35,134,000","-2.54%","","","","","",""
"12/23/2026","$34,264,000","","736.75","716.43","96.86%","55.00%","74.94%","","46.14%","","","","","","","","","","","","","","$34,264,000","$35,134,000","-2.54%","","","","","",""
"12/24/2026","$34,264,000","","736.75","716.43","96.86%","55.00%","74.94%","","46.14%","","0.00%","","","","","","","","","","","","$34,264,000","$35,134,000","-2.54%","","","","","",""
"12/28/2026","$34,264,000","","736.75","716.43","96.86%","55.00%","74.94%","","46.14%","","","","","","","","","","","","","","$34,264,000","$35,134,000","-2.54%","","","","","",""
"12/29/2026","$34,264,000","","736.75","716.43","96.86%","55.00%","74.94%","","46.14%","","","","","","","","","","","","","","$34,264,000","$35,134,000","-2.54%","","","","","",""
"12/30/2026","$34,264,000","","736.75","716.43","96.86%","55.00%","74.94%","","46.14%","","","","","","","","","","","","","","$34,264,000","$35,134,000","-2.54%","","","","","",""
"12/31/2026","$34,264,000","","736.75","716.43","96.86%","55.00%","74.94%","December","46.14%","","0.00%","0.00%","0.00%","0.00%","Q4","0.00%","0.00%","0.00%","","","","","$34,264,000","$35,134,000","-2.54%","","","","","",""