date,open,high,low,close,prior_close
2019-01-02,6506.9102,6693.7100,6506.8799,6665.9399,
2019-01-03,6584.7700,6600.2100,6457.1299,6463.5000,6665.9399
2019-01-04,6567.1401,6760.6899,6554.2402,6738.8599,6463.5000
2019-01-07,6757.5298,6855.6001,6741.3999,6823.4702,6738.8599
2019-01-08,6893.4399,6909.5801,6795.8599,6897.0000,6823.4702
2019-01-09,6923.0601,6985.2202,6899.5601,6957.0801,6897.0000
2019-01-10,6908.6499,6991.3701,6877.0801,6986.0698,6957.0801
2019-01-11,6947.4600,6975.6499,6933.6001,6971.4800,6986.0698
2019-01-14,6908.0298,6936.2202,6887.4800,6905.9199,6971.4800
2019-01-15,6931.3901,7025.8501,6928.1201,7023.8301,6905.9199
2019-01-16,7033.7500,7079.6299,7028.1201,7034.6899,7023.8301
2019-01-17,7010.1299,7113.9502,7003.6201,7084.4600,7034.6899
2019-01-18,7134.1001,7185.3799,7096.6201,7157.2300,7084.4600
2019-01-22,7109.5698,7110.1602,6979.8101,7020.3599,7157.2300
2019-01-23,7061.6499,7084.8501,6953.2300,7025.7700,7020.3599
2019-01-24,7042.2500,7078.9600,7029.9502,7073.4600,7025.7700
2019-01-25,7128.1802,7174.5601,7111.0898,7164.8599,7073.4600
2019-01-28,7075.0098,7086.2998,7034.2500,7085.6802,7164.8599
2019-01-29,7087.4902,7092.2900,7011.4702,7028.2900,7085.6802
2019-01-30,7094.7900,7201.3101,7065.5698,7183.0801,7028.2900
2019-01-31,7208.1699,7303.1201,7205.9502,7281.7402,7183.0801
2019-02-01,7256.3701,7299.9399,7243.4102,7263.8701,7281.7402
2019-02-04,7266.2798,7348.2300,7261.0698,7347.5400,7263.8701
2019-02-05,7356.3398,7408.6802,7355.3599,7402.0801,7347.5400
2019-02-06,7400.4399,7410.7700,7346.7202,7375.2798,7402.0801
2019-02-07,7316.5000,7336.7402,7235.0498,7288.3501,7375.2798
2019-02-08,7232.2998,7299.4399,7225.1401,7298.2002,7288.3501
2019-02-11,7327.3701,7343.5601,7290.0298,7307.8999,7298.2002
2019-02-12,7358.8501,7419.4302,7349.7998,7414.6201,7307.8999
2019-02-13,7437.4600,7461.6602,7413.8398,7420.3799,7414.6201
2019-02-14,7390.2500,7454.4199,7375.7100,7426.9502,7420.3799
2019-02-15,7468.5698,7477.2798,7440.2598,7472.4102,7426.9502
2019-02-19,7450.7500,7507.7900,7450.2700,7486.7700,7472.4102
2019-02-20,7490.3101,7513.7002,7455.2500,7489.0698,7486.7700
2019-02-21,7475.4102,7485.7500,7430.8901,7459.7100,7489.0698
2019-02-22,7481.6299,7527.5400,7479.0098,7527.5400,7459.7100
2019-02-25,7585.2998,7602.6899,7551.6099,7554.4600,7527.5400
2019-02-26,7535.2900,7573.2202,7524.3101,7549.2998,7554.4600
2019-02-27,7526.4199,7562.2900,7485.3901,7554.5098,7549.2998
2019-02-28,7533.3101,7561.8999,7516.4800,7532.5298,7554.5098
2019-03-01,7587.4502,7603.0400,7540.7500,7595.3501,7532.5298
2019-03-04,7636.6201,7643.6602,7501.5601,7577.5698,7595.3501
2019-03-05,7582.2900,7598.6602,7543.5400,7576.3599,7577.5698
2019-03-06,7575.3799,7579.0200,7499.8701,7505.9199,7576.3599
2019-03-07,7483.7900,7489.0801,7397.1899,7421.4600,7505.9199
2019-03-08,7334.3501,7411.5200,7332.9199,7408.1401,7421.4600
2019-03-11,7442.5601,7558.2300,7442.3999,7558.0601,7408.1401
2019-03-12,7571.8501,7611.1299,7560.4600,7591.0298,7558.0601
2019-03-13,7621.3799,7677.0698,7619.4600,7643.4102,7591.0298
2019-03-14,7644.7900,7653.1001,7627.0200,7630.9102,7643.4102
2019-03-15,7658.4102,7714.9600,7652.0400,7688.5298,7630.9102
2019-03-18,7696.3799,7737.6699,7677.7402,7714.4800,7688.5298
2019-03-19,7747.3999,7767.8901,7699.1499,7723.9502,7714.4800
2019-03-20,7721.9502,7779.2402,7674.0400,7728.9702,7723.9502
2019-03-21,7705.4302,7850.1099,7705.4302,7838.9600,7728.9702
2019-03-22,7800.2500,7817.8301,7642.5698,7642.6699,7838.9600
2019-03-25,7618.9800,7662.3799,7579.2900,7637.5400,7642.6699
2019-03-26,7700.0000,7738.1699,7649.2100,7691.5200,7637.5400
2019-03-27,7702.0498,7712.8398,7582.0898,7643.3799,7691.5200
2019-03-28,7660.0698,7689.1602,7619.8198,7669.1699,7643.3799
2019-03-29,7726.7100,7733.6201,7688.5098,7729.3198,7669.1699
2019-04-01,7800.2402,7831.4502,7777.0898,7828.9102,7729.3198
2019-04-02,7824.6099,7854.9199,7811.2798,7848.6899,7828.9102
2019-04-03,7891.1802,7938.2598,7870.8999,7895.5498,7848.6899
2019-04-04,7894.2598,7917.6499,7844.9600,7891.7798,7895.5498
2019-04-05,7914.5098,7940.4502,7909.1401,7938.6899,7891.7798
2019-04-08,7924.8901,7955.8999,7891.8501,7953.8799,7938.6899
2019-04-09,7924.7700,7945.5498,7897.6099,7909.2798,7953.8799
2019-04-10,7922.7300,7965.3301,7916.8999,7964.2402,7909.2798
2019-04-11,7975.2002,7975.2002,7933.4102,7947.3599,7964.2402
2019-04-12,7984.1499,7992.0898,7952.6099,7984.1602,7947.3599
2019-04-15,7987.1602,7993.3301,7933.5698,7976.0098,7984.1602
2019-04-16,8000.5698,8017.5601,7978.8101,8000.2300,7976.0098
2019-04-17,8044.9702,8052.3999,7973.3799,7996.0801,8000.2300
2019-04-18,7998.4502,8002.3101,7950.9702,7998.0601,7996.0801
2019-04-22,7969.3701,8017.1499,7965.8999,8015.2700,7998.0601
2019-04-23,8026.7500,8128.8701,8023.8101,8120.8198,8015.2700
2019-04-24,8122.8799,8139.5498,8101.7002,8102.0098,8120.8198
2019-04-25,8150.8501,8151.8398,8075.4102,8118.6802,8102.0098
2019-04-26,8100.2798,8146.4199,8060.8901,8146.3999,8118.6802
2019-04-29,8147.6499,8176.0801,8136.4102,8161.8501,8146.3999
2019-04-30,8104.9102,8124.6099,8050.5498,8095.3901,8161.8501
2019-05-01,8132.9302,8146.0000,8048.2300,8049.6401,8095.3901
2019-05-02,8046.4800,8094.0601,7976.7700,8036.7700,8049.6401
2019-05-03,8092.8799,8164.7100,8084.7998,8164.0000,8036.7700
2019-05-06,7981.8501,8135.5400,7981.8501,8123.2900,8164.0000
2019-05-07,8043.5200,8070.9702,7899.0200,7963.7598,8123.2900
2019-05-08,7946.2402,8004.4902,7923.3501,7943.3198,7963.7598
2019-05-09,7853.2100,7929.7798,7796.1602,7910.5898,7943.3198
2019-05-10,7881.3101,7949.3398,7759.3398,7916.9399,7910.5898
2019-05-13,7720.0698,7760.8301,7627.2202,7647.0200,7916.9399
2019-05-14,7689.6602,7776.2002,7665.2998,7734.4902,7647.0200
2019-05-15,7682.7998,7838.7202,7682.2402,7822.1499,7734.4902
2019-05-16,7832.5801,7946.2300,7826.6699,7898.0498,7822.1499
2019-05-17,7829.0298,7918.7100,7810.3501,7816.2798,7898.0498
2019-05-20,7714.0601,7747.2700,7678.3501,7702.3799,7816.2798
2019-05-21,7765.5698,7804.4399,7752.9199,7785.7202,7702.3799
2019-05-22,7749.7998,7786.3301,7738.3501,7750.8398,7785.7202
2019-05-23,7660.7202,7665.1499,7585.3198,7628.2798,7750.8398
2019-05-24,7675.5698,7694.1499,7631.2500,7637.0098,7628.2798
2019-05-28,7655.6602,7693.7402,7603.7598,7607.3501,7637.0098
2019-05-29,7553.0200,7581.1099,7503.9399,7547.3101,7607.3501
2019-05-30,7565.4600,7595.8999,7527.6602,7567.7202,7547.3101
2019-05-31,7470.9502,7506.8599,7448.2300,7453.1499,7567.7202
2019-06-03,7441.2100,7457.6602,7292.2202,7333.0200,7453.1499
2019-06-04,7413.9399,7529.5000,7385.0200,7527.1201,7333.0200
2019-06-05,7585.6802,7589.4702,7498.1699,7575.4800,7527.1201
2019-06-06,7582.2402,7634.1201,7546.2202,7615.5498,7575.4800
2019-06-07,7652.9702,7767.0200,7647.9102,7742.1001,7615.5498
2019-06-10,7798.8701,7895.4399,7795.7598,7823.1699,7742.1001
2019-06-11,7901.0400,7909.9902,7798.6299,7822.5698,7823.1699
2019-06-12,7803.1299,7819.1602,7773.9702,7792.7202,7822.5698
2019-06-13,7822.5601,7848.3599,7813.6001,7837.1299,7792.7202
2019-06-14,7807.1899,7819.2100,7778.1201,7796.6602,7837.1299
2019-06-17,7819.4302,7865.9800,7812.6099,7845.0200,7796.6602
2019-06-18,7920.9800,8005.2100,7911.6699,7953.8799,7845.0200
2019-06-19,7970.2598,7998.5898,7930.3799,7987.3198,7953.8799
2019-06-20,8087.4502,8088.8799,7996.8701,8051.3398,7987.3198
2019-06-21,8028.6899,8073.0200,8011.2002,8031.7100,8051.3398
2019-06-24,8040.5801,8047.5601,8004.6299,8005.7002,8031.7100
2019-06-25,8005.2700,8007.3101,7879.1499,7884.7202,8005.7002
2019-06-26,7933.9199,7974.2798,7903.0698,7909.9702,7884.7202
2019-06-27,7939.3599,7976.5801,7935.4702,7967.7598,7909.9702
2019-06-28,7988.7598,8010.1499,7961.4600,8006.2402,7967.7598
2019-07-01,8145.8501,8150.4502,8059.2900,8091.1602,8006.2402
2019-07-02,8086.6499,8109.3701,8063.1099,8109.0898,8091.1602
2019-07-03,8129.5698,8170.2300,8122.3398,8170.2300,8109.0898
2019-07-05,8123.2798,8171.9702,8093.6602,8161.7900,8170.2300
2019-07-08,8112.9102,8161.7900,8078.3901,8098.3799,8161.7900
2019-07-09,8061.4102,8146.9800,8061.3198,8141.7300,8098.3799
2019-07-10,8183.1899,8228.5996,8160.5601,8202.5303,8141.7300
2019-07-11,8219.2803,8226.1797,8171.6299,8196.0400,8202.5303
2019-07-12,8209.2002,8245.6602,8201.5195,8244.1396,8196.0400
2019-07-15,8263.1797,8264.7803,8236.2695,8258.1904,8244.1396
2019-07-16,8251.6602,8259.7500,8204.2305,8222.7998,8258.1904
2019-07-17,8224.0000,8230.6699,8184.6602,8185.2100,8222.7998
2019-07-18,8151.7598,8215.5801,8135.1201,8207.2402,8185.2100
2019-07-19,8241.3398,8245.7803,8144.6299,8146.4902,8207.2402
2019-07-22,8171.9902,8218.4199,8171.5400,8204.1396,8146.4902
2019-07-23,8242.5000,8251.8301,8193.8896,8251.4004,8204.1396
2019-07-24,8227.3604,8321.8096,8226.5000,8321.5000,8251.4004
2019-07-25,8294.6797,8295.9502,8233.4004,8238.5400,8321.5000
2019-07-26,8294.2998,8339.6396,8291.1201,8330.2100,8238.5400
2019-07-29,8325.0996,8325.2803,8247.3701,8293.3301,8330.2100
2019-07-30,8231.7695,8295.4600,8228.0195,8273.6104,8293.3301
2019-07-31,8290.7998,8299.8301,8110.0200,8175.4199,8273.6104
2019-08-01,8190.5601,8311.0400,8080.5200,8111.1201,8175.4199
2019-08-02,8056.4199,8068.7998,7953.6699,8004.0698,8111.1201
2019-08-05,7823.3301,7836.4502,7662.8999,7726.0400,8004.0698
2019-08-06,7804.5098,7845.0098,7739.5698,7833.2700,7726.0400
2019-08-07,7747.2700,7881.3799,7702.4199,7862.8301,7833.2700
2019-08-08,7921.5898,8041.1201,7896.1499,8039.1602,7862.8301
2019-08-09,7997.1899,8020.5601,7910.3501,7959.1401,8039.1602
2019-08-12,7907.4902,7924.9902,7833.7900,7863.4102,7959.1401
2019-08-13,7852.3701,8065.2402,7851.5801,8016.3599,7863.4102
2019-08-14,7877.3301,7900.2798,7762.8701,7773.9399,8016.3599
2019-08-15,7790.2002,7805.9302,7716.5498,7766.6201,7773.9399
2019-08-16,7828.3501,7907.5200,7828.3501,7895.9902,7766.6201
2019-08-19,8006.1802,8026.7500,7895.9902,8002.8101,7895.9902
2019-08-20,7989.3599,8010.5801,7948.0898,7948.5601,8002.8101
2019-08-21,8017.0698,8036.9399,7998.5000,8020.2100,7948.5601
2019-08-22,8038.7900,8048.5801,7937.1201,7991.3901,8020.2100
2019-08-23,7943.6499,8005.3398,7730.7700,7751.7700,7991.3901
2019-08-26,7829.5801,7856.0400,7789.0498,7853.7402,7751.7700
2019-08-27,7908.7798,7916.8301,7795.1802,7826.9502,7853.7402
2019-08-28,7798.3501,7866.8701,7766.6699,7856.8799,7826.9502
2019-08-29,7945.7798,7992.2900,7925.8301,7973.3901,7856.8799
2019-08-30,8015.1602,8017.9102,7914.7402,7962.8799,7973.3901
2019-09-03,7906.4399,7940.3701,7847.3198,7874.1602,7962.8799
2019-09-04,7949.8101,7981.4102,7928.9399,7976.8799,7874.1602
2019-09-05,8061.2900,8134.4199,8061.2900,8116.8301,7976.8799
2019-09-06,8125.5801,8134.3901,8098.5200,8103.0698,8116.8301
2019-09-09,8130.9102,8131.6602,8052.3398,8087.4399,8103.0698
2019-09-10,8049.9800,8086.5298,8001.6802,8084.1602,8087.4399
2019-09-11,8091.6802,8169.6802,8081.5601,8169.6802,8084.1602
2019-09-12,8206.5801,8243.7998,8176.7300,8194.4697,8169.6802
2019-09-13,8190.5698,8210.2002,8165.4702,8176.7100,8194.4697
2019-09-16,8121.6401,8165.3301,8121.2500,8153.5400,8176.7100
2019-09-17,8148.6499,8188.2300,8139.8198,8186.0200,8153.5400
2019-09-18,8174.6201,8179.8701,8086.2202,8177.3901,8186.0200
2019-09-19,8193.5898,8237.4297,8174.3198,8182.8799,8177.3901
2019-09-20,8184.8799,8202.8203,8086.1602,8117.6699,8182.8799
2019-09-23,8106.4902,8135.8101,8085.3398,8112.4600,8117.6699
2019-09-24,8147.2300,8158.8301,7969.6499,7993.6299,8112.4600
2019-09-25,7990.6602,8095.0000,7935.5698,8077.3799,7993.6299
2019-09-26,8070.1201,8072.1099,7991.0200,8030.6602,8077.3799
2019-09-27,8047.1099,8051.8301,7890.2798,7939.6299,8030.6602
2019-09-30,7964.0898,8012.1602,7949.6299,7999.3398,7939.6299
2019-10-01,8026.8301,8062.5000,7906.2900,7908.6802,7999.3398
2019-10-02,7851.1299,7852.7002,7744.9600,7785.2500,7908.6802
2019-10-03,7787.0200,7872.2598,7700.0000,7872.2598,7785.2500
2019-10-04,7908.4399,7986.6201,7899.3901,7982.4702,7872.2598
2019-10-07,7956.4102,8013.3101,7942.0801,7956.2900,7982.4702
2019-10-08,7898.2700,7921.8799,7823.7300,7823.7798,7956.2900
2019-10-09,7895.9600,7930.9199,7873.5200,7903.7402,7823.7798
2019-10-10,7904.5601,7982.8398,7899.8101,7950.7798,7903.7402
2019-10-11,8047.3398,8115.7998,8046.7998,8057.0400,7950.7798
2019-10-14,8044.3501,8069.8501,8036.4102,8048.6499,8057.0400
2019-10-15,8074.8501,8166.1802,8071.8101,8148.7100,8048.6499
2019-10-16,8119.8101,8146.1499,8103.3799,8124.1802,8148.7100
2019-10-17,8176.9102,8183.6401,8131.2500,8156.8501,8124.1802
2019-10-18,8149.8501,8157.3599,8045.3701,8089.5400,8156.8501
2019-10-21,8137.4199,8164.1401,8117.2598,8162.9902,8089.5400
2019-10-22,8188.1201,8194.6201,8101.9800,8104.2998,8162.9902
2019-10-23,8090.2402,8122.8799,8078.3501,8119.7900,8104.2998
2019-10-24,8180.0400,8187.8398,8137.6602,8185.7998,8119.7900
2019-10-25,8150.5898,8249.9697,8150.5898,8243.1201,8185.7998
2019-10-28,8285.7695,8335.5596,8285.2695,8325.9902,8243.1201
2019-10-29,8313.3496,8319.2900,8275.1396,8276.8496,8325.9902
2019-10-30,8284.2803,8315.5000,8241.7002,8303.9805,8276.8496
2019-10-31,8314.3799,8321.7998,8248.8096,8292.3604,8303.9805
2019-11-01,8335.0498,8386.7500,8326.5596,8386.4004,8292.3604
2019-11-04,8445.5000,8451.3701,8421.2998,8433.2002,8386.4004
2019-11-05,8446.6201,8457.3896,8421.0498,8434.6797,8433.2002
2019-11-06,8426.5703,8426.5703,8379.3301,8410.6299,8434.6797
2019-11-07,8455.1104,8483.1602,8415.8701,8434.5195,8410.6299
2019-11-08,8422.6699,8475.5703,8405.8896,8475.3096,8434.5195
2019-11-11,8431.2598,8467.2900,8425.4805,8464.2803,8475.3096
2019-11-12,8471.0703,8514.8398,8462.9902,8486.0898,8464.2803
2019-11-13,8455.0195,8496.9004,8451.3398,8482.0996,8486.0898
2019-11-14,8461.0596,8485.3604,8441.5801,8479.0195,8482.0996
2019-11-15,8524.4805,8540.8301,8506.7998,8540.8301,8479.0195
2019-11-18,8529.1602,8559.7803,8503.6201,8549.9404,8540.8301
2019-11-19,8578.0195,8589.7598,8536.7305,8570.6602,8549.9404
2019-11-20,8543.5703,8578.2695,8468.6299,8526.7305,8570.6602
2019-11-21,8527.8701,8530.7305,8487.2900,8506.2100,8526.7305
2019-11-22,8530.5400,8535.4600,8477.4902,8519.8799,8506.2100
2019-11-25,8559.6504,8633.1504,8559.6504,8632.4902,8519.8799
2019-11-26,8635.4004,8659.7305,8625.6201,8647.9297,8632.4902
2019-11-27,8669.5898,8705.9102,8662.5801,8705.1797,8647.9297
2019-11-29,8682.0098,8697.3203,8664.0400,8665.4697,8705.1797
2019-12-02,8672.8398,8672.8398,8540.1602,8567.9902,8665.4697
2019-12-03,8460.7197,8523.9805,8435.4004,8520.6396,8567.9902
2019-12-04,8557.4502,8584.8799,8552.3799,8566.6699,8520.6396
2019-12-05,8587.9297,8588.8896,8541.9199,8570.7002,8566.6699
2019-12-06,8634.2500,8665.4404,8630.5801,8656.5303,8570.7002
2019-12-09,8650.8604,8678.8496,8619.7695,8621.8301,8656.5303
2019-12-10,8623.5596,8650.7598,8600.8203,8616.1797,8621.8301
2019-12-11,8631.1201,8658.4805,8622.3604,8654.0498,8616.1797
2019-12-12,8645.3604,8745.8203,8633.5996,8717.3203,8654.0498
2019-12-13,8713.9102,8768.8701,8697.5801,8734.8799,8717.3203
2019-12-16,8791.3096,8833.4502,8789.7695,8814.2305,8734.8799
2019-12-17,8829.4697,8831.9902,8804.5996,8823.3604,8814.2305
2019-12-18,8834.6504,8848.7598,8820.4199,8827.7402,8823.3604
2019-12-19,8838.9697,8888.1299,8838.9697,8887.2197,8827.7402
2019-12-20,8911.8398,8931.9102,8901.8701,8924.9600,8887.2197
2019-12-23,8950.2002,8956.6396,8934.5498,8945.6504,8924.9600
2019-12-24,8955.0098,8957.1201,8934.3604,8952.8799,8945.6504
2019-12-26,8970.2100,9022.4600,8968.4600,9022.3896,8952.8799
2019-12-27,9049.4697,9052.0000,8987.3203,9006.6201,9022.3896
2019-12-30,9004.4502,9006.3604,8909.1904,8945.9902,9006.6201
2019-12-31,8918.7402,8975.3604,8912.7695,8972.5996,8945.9902
2020-01-02,9039.4600,9093.4297,9010.8896,9092.1904,8972.5996
2020-01-03,8976.4297,9065.7598,8976.4297,9020.7695,9092.1904
2020-01-06,8943.5000,9072.4102,8943.5000,9071.4697,9020.7695
2020-01-07,9076.6396,9091.9297,9042.5498,9068.5801,9071.4697
2020-01-08,9068.0303,9168.8896,9059.3799,9129.2402,9068.5801
2020-01-09,9202.2695,9215.9502,9158.5000,9203.4297,9129.2402
2020-01-10,9232.9502,9235.2002,9164.6602,9178.8604,9203.4297
2020-01-13,9213.7197,9274.4902,9193.0596,9273.9297,9178.8604
2020-01-14,9270.6104,9298.3301,9226.4902,9251.3301,9273.9297
2020-01-15,9253.7598,9298.8203,9231.1396,9258.7002,9251.3301
2020-01-16,9313.4502,9357.9199,9301.3203,9357.1299,9258.7002
2020-01-17,9392.3701,9393.4805,9346.8096,9388.9404,9357.1299
2020-01-21,9361.0703,9397.5801,9350.2002,9370.8096,9388.9404
2020-01-22,9413.6104,9439.2900,9375.1299,9383.7695,9370.8096
2020-01-23,9377.7197,9409.2002,9334.1299,9402.4805,9383.7695
2020-01-24,9446.2100,9451.4297,9273.2305,9314.9102,9402.4805
2020-01-27,9092.4600,9185.4502,9088.0400,9139.3096,9314.9102
2020-01-28,9201.8203,9288.8701,9182.3301,9269.6797,9139.3096
2020-01-29,9318.2598,9329.1201,9249.0400,9275.1602,9269.6797
2020-01-30,9211.1504,9303.0000,9185.1797,9298.9297,9275.1602
2020-01-31,9324.3301,9324.7998,9123.2197,9150.9404,9298.9297
2020-02-03,9190.7197,9299.8496,9188.5498,9273.4004,9150.9404
2020-02-04,9398.3896,9485.3799,9374.0498,9467.9697,9273.4004
2020-02-05,9574.0996,9574.9404,9454.9297,9508.6797,9467.9697
2020-02-06,9540.9805,9575.6602,9505.6797,9572.1504,9508.6797
2020-02-07,9526.6396,9570.0898,9496.5303,9520.5098,9572.1504
2020-02-10,9493.6299,9628.6602,9493.6299,9628.3896,9520.5098
2020-02-11,9680.8896,9714.7402,9617.2100,9638.9404,9628.3896
2020-02-12,9688.5996,9728.7695,9666.6904,9725.9600,9638.9404
2020-02-13,9657.0400,9748.3203,9650.0195,9711.9697,9725.9600
2020-02-14,9728.9004,9746.3604,9693.0498,9731.1797,9711.9697
2020-02-18,9679.0400,9747.6797,9675.7998,9732.7402,9731.1797
2020-02-19,9782.8096,9838.3701,9777.0996,9817.1797,9732.7402
2020-02-20,9799.2002,9820.8604,9636.9404,9750.9697,9817.1797
2020-02-21,9708.0098,9715.9502,9542.3301,9576.5898,9750.9697
2020-02-24,9188.4404,9322.8799,9166.0098,9221.2803,9576.5898
2020-02-25,9301.2002,9315.2598,8940.4902,8965.6104,9221.2803
2020-02-26,9011.5498,9148.3203,8927.7998,8980.7803,8965.6104
2020-02-27,8744.0303,8904.1104,8562.0498,8566.4805,8980.7803
2020-02-28,8269.7402,8591.8203,8264.1602,8567.3701,8566.4805
2020-03-02,8667.1396,8952.8096,8543.3496,8952.1699,8567.3701
2020-03-03,8965.0996,9070.3203,8602.8896,8684.0898,8952.1699
2020-03-04,8834.0996,9019.9600,8757.6602,9018.0898,8684.0898
2020-03-05,8790.0898,8921.0801,8677.3896,8738.5898,9018.0898
2020-03-06,8469.0195,8612.3604,8375.1299,8575.6201,8738.5898
2020-03-09,7957.9302,8243.3096,7943.1602,7950.6802,8575.6201
2020-03-10,8219.7598,8347.4004,7930.4302,8344.2500,7950.6802
2020-03-11,8136.2500,8181.3599,7850.9502,7952.0498,8344.2500
2020-03-12,7398.5801,7712.3301,7194.6699,7201.7998,7952.0498
2020-03-13,7610.3901,7875.9302,7219.0898,7874.8799,7201.7998
2020-03-16,7392.7300,7422.2002,6882.8599,6904.5898,7874.8799
2020-03-17,7072.0000,7406.2300,6828.9102,7334.7798,6904.5898
2020-03-18,6902.3198,7182.8301,6686.3599,6989.8398,7334.7798
2020-03-19,6996.4502,7341.3799,6858.3799,7150.5801,6989.8398
2020-03-20,7248.0698,7354.4399,6854.6699,6879.5200,7150.5801
2020-03-23,6847.2798,6984.9399,6631.4199,6860.6699,6879.5200
2020-03-24,7196.1499,7418.3701,7169.8599,7417.8599,6860.6699
2020-03-25,7421.3599,7671.2100,7276.3999,7384.2998,7417.8599
2020-03-26,7462.2100,7809.8301,7462.2100,7797.5400,7384.2998
2020-03-27,7554.2500,7716.2402,7491.1401,7502.3799,7797.5400
2020-03-30,7583.4600,7784.3501,7539.9702,7774.1499,7502.3799
2020-03-31,7740.0601,7880.3101,7642.8599,7700.1001,7774.1499
2020-04-01,7459.5000,7566.3701,7301.9800,7360.5801,7700.1001
2020-04-02,7317.4502,7501.7002,7307.9502,7487.3101,7360.5801
2020-04-03,7477.2700,7518.7202,7288.1099,7373.0801,7487.3101
2020-04-06,7660.1699,7938.3301,7617.7900,7913.2402,7373.0801
2020-04-07,8129.9902,8146.4302,7881.2202,7887.2598,7913.2402
2020-04-08,7975.7202,8114.4302,7901.9399,8090.8999,7887.2598
2020-04-09,8169.0098,8227.9102,8072.3198,8153.5801,8090.8999
2020-04-13,8127.6899,8200.4404,8035.9502,8192.4199,8153.5801
2020-04-14,8353.2100,8531.1104,8338.0801,8515.7402,8192.4199
2020-04-15,8355.9600,8464.6602,8308.7900,8393.1797,8515.7402
2020-04-16,8479.1104,8560.1602,8393.2695,8532.3604,8393.1797
2020-04-17,8667.4805,8670.2998,8531.6904,8650.1396,8532.3604
2020-04-20,8553.3799,8684.9102,8553.3799,8560.7305,8650.1396
2020-04-21,8460.6904,8480.2900,8215.6904,8263.2305,8560.7305
2020-04-22,8434.5498,8537.3096,8404.5400,8495.3799,8263.2305
2020-04-23,8528.8398,8635.2305,8475.2002,8494.7500,8495.3799
2020-04-24,8530.0801,8642.9297,8464.4199,8634.5195,8494.7500
2020-04-27,8717.9805,8754.5703,8697.3701,8730.1602,8634.5195
2020-04-28,8825.6904,8830.5703,8600.7002,8607.7305,8730.1602
2020-04-29,8802.7002,8957.2695,8765.0098,8914.7100,8607.7305
2020-04-30,8911.0195,8926.1104,8825.8301,8889.5498,8914.7100
2020-05-01,8681.2900,8754.4600,8566.8398,8604.9502,8889.5498
2020-05-04,8555.3203,8715.8203,8537.8301,8710.7100,8604.9502
2020-05-05,8809.6602,8909.9600,8781.3096,8809.1201,8710.7100
2020-05-06,8874.7002,8933.2500,8819.3701,8854.3896,8809.1201
2020-05-07,8973.7803,9015.9902,8932.8604,8979.6602,8854.3896
2020-05-08,9056.8896,9125.9805,9018.2100,9121.3203,8979.6602
2020-05-11,9054.9102,9241.9199,9053.1699,9192.3398,9121.3203
2020-05-12,9225.1504,9250.9600,9000.0703,9002.5498,9192.3398
2020-05-13,9006.0498,9074.1602,8752.6797,8863.1699,9002.5498
2020-05-14,8788.0400,8945.7100,8705.2500,8943.7197,8863.1699
2020-05-15,8839.9902,9018.4004,8821.3799,9014.5596,8943.7197
2020-05-18,9177.1504,9267.2197,9154.3496,9234.8301,9014.5596
2020-05-19,9227.4600,9317.2500,9183.2500,9185.0996,9234.8301
2020-05-20,9305.6201,9392.8203,9304.2002,9375.7803,9185.0996
2020-05-21,9375.1904,9405.2500,9254.8496,9284.8799,9375.7803
2020-05-22,9278.5498,9328.2803,9239.4102,9324.5898,9284.8799
2020-05-26,9501.2100,9501.2100,9333.1602,9340.2197,9324.5898
2020-05-27,9346.1201,9414.6201,9144.2803,9412.3604,9340.2197
2020-05-28,9392.9902,9523.6396,9345.2803,9368.9902,9412.3604
2020-05-29,9382.3496,9505.5498,9324.7305,9489.8701,9368.9902
2020-06-01,9471.4199,9571.2803,9462.3203,9552.0498,9489.8701
2020-06-02,9566.5303,9611.2197,9472.0801,9608.3799,9552.0498
2020-06-03,9651.8604,9707.7803,9627.1699,9682.9102,9608.3799
2020-06-04,9649.6504,9716.1396,9560.4102,9615.8096,9682.9102
2020-06-05,9703.5400,9845.6904,9685.3496,9814.0801,9615.8096
2020-06-08,9823.4404,9927.1299,9780.6104,9924.7500,9814.0801
2020-06-09,9867.1904,10002.5000,9863.2695,9953.7500,9924.7500
2020-06-10,10012.3203,10086.8896,9962.5801,10020.3496,9953.7500
2020-06-11,9791.2402,9868.0801,9491.3096,9492.7305,10020.3496
2020-06-12,9715.8701,9768.6396,9413.6201,9588.8096,9492.7305
2020-06-15,9426.9004,9756.0703,9403.0000,9726.0195,9588.8096
2020-06-16,9949.7803,9963.6299,9748.3799,9895.8701,9726.0195
2020-06-17,9943.3096,9991.2100,9891.8096,9910.5303,9895.8701
2020-06-18,9892.4805,9959.2002,9885.6602,9943.0498,9910.5303
2020-06-19,10042.1299,10053.9102,9872.9404,9946.1201,9943.0498
2020-06-22,9945.4902,10059.6104,9916.5996,10056.4805,9946.1201
2020-06-23,10130.8301,10221.8496,10112.4404,10131.3701,10056.4805
2020-06-24,10092.9199,10137.5000,9842.2197,9909.1699,10131.3701
2020-06-25,9899.3604,10023.2803,9810.4697,10017.0000,9909.1699
2020-06-26,9995.1201,10000.6699,9749.0703,9757.2197,10017.0000
2020-06-29,9771.7197,9877.3398,9663.6104,9874.1504,9757.2197
2020-06-30,9875.2900,10085.5898,9863.6699,10058.7695,9874.1504
2020-07-01,10063.6699,10197.1904,10048.0400,10154.6299,10058.7695
2020-07-02,10268.6699,10310.3604,10194.0596,10207.6299,10154.6299
2020-07-06,10360.3799,10462.0498,10354.9805,10433.6504,10207.6299
2020-07-07,10412.4600,10518.9805,10337.9805,10343.8896,10433.6504
2020-07-08,10409.3496,10494.6299,10350.9600,10492.5000,10343.8896
2020-07-09,10563.7197,10578.0996,10379.9102,10547.7500,10492.5000
2020-07-10,10545.9102,10622.3496,10447.0098,10617.4404,10547.7500
2020-07-13,10729.9199,10824.7803,10368.0400,10390.8398,10617.4404
2020-07-14,10310.2500,10497.8301,10182.4600,10488.5801,10390.8398
2020-07-15,10576.7197,10604.6699,10420.5400,10550.4902,10488.5801
2020-07-16,10443.8701,10499.7900,10364.3896,10473.8301,10550.4902
2020-07-17,10500.5195,10532.6201,10421.2100,10503.1904,10473.8301
2020-07-20,10526.0195,10783.7998,10488.0400,10767.0898,10503.1904
2020-07-21,10837.8799,10839.9297,10650.4600,10680.3604,10767.0898
2020-07-22,10687.5801,10745.3203,10627.4502,10706.1299,10680.3604
2020-07-23,10689.5000,10728.1201,10407.8701,10461.4199,10706.1299
2020-07-24,10294.4102,10418.7500,10217.3096,10363.1797,10461.4199
2020-07-27,10421.7002,10546.4404,10399.8604,10536.2695,10363.1797
2020-07-28,10509.2002,10523.6396,10397.8701,10402.0898,10536.2695
2020-07-29,10474.7002,10567.9102,10464.0000,10542.9404,10402.0898
2020-07-30,10450.1201,10609.5898,10412.0898,10587.8096,10542.9404
2020-07-31,10741.4697,10747.7998,10557.7002,10745.2695,10587.8096
2020-08-03,10848.6396,10927.5596,10831.1504,10902.7998,10745.2695
2020-08-04,10897.8896,10941.9102,10852.9004,10941.1699,10902.7998
2020-08-05,10967.8701,11002.1104,10943.7197,10998.4004,10941.1699
2020-08-06,10989.9805,11121.1904,10963.4102,11108.0703,10998.4004
2020-08-07,11072.5303,11126.0400,10920.3701,11010.9805,11108.0703
2020-08-10,11033.7305,11040.2402,10849.4600,10968.3604,11010.9805
2020-08-11,10942.6602,10989.4199,10762.7100,10782.8203,10968.3604
2020-08-12,10878.1201,11036.7197,10877.1602,11012.2402,10782.8203
2020-08-13,11026.8604,11124.8496,11007.5000,11042.5000,11012.2402
2020-08-14,11042.2402,11058.4404,10972.0596,11019.2998,11042.5000
2020-08-17,11083.2500,11144.5303,11080.2998,11129.7305,11019.2998
2020-08-18,11170.7500,11230.6201,11103.8301,11210.8398,11129.7305
2020-08-19,11214.7998,11257.4199,11132.0996,11146.4600,11210.8398
2020-08-20,11096.4004,11283.6201,11090.0303,11264.9502,11146.4600
2020-08-21,11258.4404,11326.2100,11245.4404,11311.7998,11264.9502
2020-08-24,11449.2500,11462.0498,11297.5303,11379.7197,11311.7998
2020-08-25,11370.2305,11468.2598,11343.0400,11466.4697,11379.7197
2020-08-26,11516.6201,11672.0498,11507.4600,11665.0596,11466.4697
2020-08-27,11688.1904,11730.0098,11551.0098,11625.3398,11665.0596
2020-08-28,11689.2803,11708.7695,11634.7695,11695.6299,11625.3398
2020-08-31,11718.8096,11829.8398,11697.4199,11775.4600,11695.6299
2020-09-01,11850.9600,11945.7197,11794.7803,11939.6699,11775.4600
2020-09-02,12047.2598,12074.0596,11836.1797,12056.4404,11939.6699
2020-09-03,11861.9004,11894.4004,11361.3604,11458.0996,12056.4404
2020-09-04,11396.2402,11531.1797,10875.8701,11313.1299,11458.0996
2020-09-08,10900.7002,11131.5000,10837.2002,10847.6904,11313.1299
2020-09-09,11064.7598,11217.6904,10970.4502,11141.5596,10847.6904
2020-09-10,11235.5303,11299.5303,10875.0195,10919.5898,11141.5596
2020-09-11,11010.0703,11033.0400,10728.0303,10853.5498,10919.5898
2020-09-14,11010.1396,11118.2900,10982.2598,11056.6504,10853.5498
2020-09-15,11193.9600,11244.4600,11127.9805,11190.3203,11056.6504
2020-09-16,11222.0801,11245.4199,11046.4297,11050.4697,11190.3203
2020-09-17,10796.0498,10974.4502,10783.8096,10910.2803,11050.4697
2020-09-18,10973.4502,10977.6797,10639.9502,10793.2803,10910.2803
2020-09-21,10610.1396,10782.7402,10519.4902,10778.7998,10793.2803
2020-09-22,10873.2998,10979.6504,10737.5195,10963.6396,10778.7998
2020-09-23,10950.8203,10962.0303,10612.9102,10632.9902,10963.6396
2020-09-24,10551.0195,10799.5498,10520.2197,10672.2695,10632.9902
2020-09-25,10680.4600,10939.5498,10639.9805,10913.5596,10672.2695
2020-09-28,11084.3799,11120.7900,11019.1396,11117.5303,10913.5596
2020-09-29,11109.0000,11153.2305,11065.6299,11085.2500,11117.5303
2020-09-30,11092.9004,11277.9600,11092.9004,11167.5098,11085.2500
2020-10-01,11291.9902,11344.1299,11240.5303,11326.5098,11167.5098
2020-10-02,11082.5303,11244.8701,11033.6904,11075.0195,11326.5098
2020-10-05,11169.1104,11335.2100,11162.5195,11332.4902,11075.0195
2020-10-06,11314.5303,11392.4102,11124.4502,11154.5996,11332.4902
2020-10-07,11271.6797,11380.5596,11258.3496,11364.5996,11154.5996
2020-10-08,11443.3496,11448.2305,11384.3301,11420.9805,11364.5996
2020-10-09,11487.5996,11581.2305,11476.6602,11579.9404,11420.9805
2020-10-12,11732.3301,11965.5400,11704.1299,11876.2598,11579.9404
2020-10-13,11901.7598,11946.9805,11821.8301,11863.9004,11876.2598
2020-10-14,11889.0703,11939.9199,11714.3496,11768.7305,11863.9004
2020-10-15,11559.8799,11740.6797,11559.0996,11713.8701,11768.7305
2020-10-16,11761.8301,11827.4199,11648.5303,11671.5596,11713.8701
2020-10-19,11732.3398,11778.1104,11454.5703,11478.8799,11671.5596
2020-10-20,11531.8301,11632.8896,11471.2305,11516.4902,11478.8799
2020-10-21,11530.3896,11613.7900,11476.0801,11484.6904,11516.4902
2020-10-22,11526.9697,11548.7695,11369.2900,11506.0098,11484.6904
2020-10-23,11536.0098,11548.8496,11434.8604,11548.2803,11506.0098
2020-10-26,11440.6396,11545.6299,11221.0596,11358.9404,11548.2803
2020-10-27,11409.3398,11465.0596,11361.8604,11431.3496,11358.9404
2020-10-28,11230.9004,11249.9502,10999.0703,11004.8701,11431.3496
2020-10-29,11064.4697,11287.6299,11030.1904,11185.5898,11004.8701
2020-10-30,11103.4697,11129.8096,10822.5703,10911.5898,11185.5898
2020-11-02,11010.4502,11071.0801,10830.9502,10957.6104,10911.5898
2020-11-03,11038.6602,11213.9199,11004.8398,11160.5703,10957.6104
2020-11-04,11443.7695,11663.3096,11394.2100,11590.7803,11160.5703
2020-11-05,11816.3301,11924.2803,11784.1504,11890.9297,11590.7803
2020-11-06,11869.9004,11920.5400,11737.1299,11895.2305,11890.9297
2020-11-09,12046.6602,12108.0703,11703.4902,11713.7803,11895.2305
2020-11-10,11622.4404,11665.8701,11424.6104,11553.8604,11713.7803
2020-11-11,11656.6504,11793.5703,11638.9004,11786.4297,11553.8604
2020-11-12,11802.5000,11847.8398,11666.3701,11709.5898,11786.4297
2020-11-13,11794.9404,11849.7900,11715.5195,11829.2900,11709.5898
2020-11-16,11847.1104,11937.7197,11814.8896,11924.1299,11829.2900
2020-11-17,11913.3496,11950.1797,11852.4102,11899.3398,11924.1299
2020-11-18,11896.0596,11942.4902,11799.9600,11801.5996,11899.3398
2020-11-19,11779.0400,11912.6299,11760.9805,11904.7100,11801.5996
2020-11-20,11892.7002,11935.4697,11852.5098,11854.9697,11904.7100
2020-11-23,11916.7598,11949.3301,11796.5303,11880.6299,11854.9697
2020-11-24,11939.3301,12049.8799,11863.4502,12036.7900,11880.6299
2020-11-25,12053.8896,12114.7695,12020.9502,12094.4004,12036.7900
2020-11-27,12159.1797,12236.2305,12154.5703,12205.8496,12094.4004
2020-11-30,12224.2500,12244.6504,12027.1602,12198.7402,12205.8496
2020-12-01,12313.3604,12405.7900,12263.9297,12355.1104,12198.7402
2020-12-02,12285.7500,12360.0596,12217.3496,12349.3701,12355.1104
2020-12-03,12369.2598,12439.0195,12356.9902,12377.1797,12349.3701
2020-12-04,12399.3203,12464.2305,12376.4404,12464.2305,12377.1797
2020-12-07,12461.0000,12536.2305,12460.5498,12519.9502,12464.2305
2020-12-08,12503.1699,12594.5400,12453.2100,12582.7695,12519.9502
2020-12-09,12591.6904,12607.1396,12290.7803,12338.9502,12582.7695
2020-12-10,12247.5498,12431.5596,12214.7402,12405.8096,12338.9502
2020-12-11,12336.7900,12383.5000,12246.7695,12377.8701,12405.8096
2020-12-14,12447.4404,12543.0000,12432.7100,12440.0400,12377.8701
2020-12-15,12543.2598,12596.1299,12465.4199,12595.0596,12440.0400
2020-12-16,12611.0400,12687.3203,12566.3799,12658.1904,12595.0596
2020-12-17,12730.7803,12765.2500,12696.3496,12764.7500,12658.1904
2020-12-18,12804.9297,12809.5996,12654.5996,12755.6396,12764.7500
2020-12-21,12596.1396,12751.2695,12525.2197,12742.5195,12755.6396
2020-12-22,12785.2197,12840.5703,12695.3096,12807.9199,12742.5195
2020-12-23,12834.9404,12841.9199,12758.6699,12771.1104,12807.9199
2020-12-24,12791.5400,12833.5498,12767.6396,12804.7305,12771.1104
2020-12-28,12914.6396,12930.8896,12827.4502,12899.4199,12804.7305
2020-12-29,12965.3896,12973.3301,12821.9600,12850.2197,12899.4199
2020-12-30,12906.5098,12924.9297,12857.7598,12870.0000,12850.2197
2020-12-31,12877.0898,12902.0703,12821.2305,12888.2803,12870.0000
2021-01-04,12958.5195,12958.7197,12543.2402,12698.4502,12888.2803
2021-01-05,12665.6504,12828.2695,12665.6504,12818.9600,12698.4502
2021-01-06,12666.1504,12909.6299,12649.9902,12740.7900,12818.9600
2021-01-07,12867.3398,13090.9102,12867.3398,13067.4805,12740.7900
2021-01-08,13160.2197,13208.0898,13036.5498,13201.9805,13067.4805
2021-01-11,13048.7803,13138.2695,12999.5098,13036.4297,13201.9805
2021-01-12,13062.0596,13105.0400,12963.9199,13072.4297,13036.4297
2021-01-13,13088.0098,13171.1504,13051.0596,13128.9502,13072.4297
2021-01-14,13174.7500,13220.1602,13098.4102,13112.6396,13128.9502
2021-01-15,13099.9004,13139.8301,12949.7598,12998.5000,13112.6396
2021-01-19,13132.7305,13206.8604,13078.7002,13197.1797,12998.5000
2021-01-20,13342.5498,13486.1299,13329.7695,13457.2500,13197.1797
2021-01-21,13521.4805,13560.3496,13454.0703,13530.9102,13457.2500
2021-01-22,13474.8096,13567.1396,13463.6602,13543.0596,13530.9102
2021-01-25,13681.2100,13728.9805,13368.6797,13635.9902,13543.0596
2021-01-26,13681.7197,13702.6904,13603.1904,13626.0596,13635.9902
2021-01-27,13486.5801,13538.4199,13192.9102,13270.5996,13626.0596
2021-01-28,13323.2900,13507.6396,13316.5195,13337.1602,13270.5996
2021-01-29,13284.7197,13322.0000,12985.0498,13070.6904,13337.1602
2021-02-01,13226.1797,13431.4600,13132.4697,13403.3896,13070.6904
2021-02-02,13543.0996,13652.7002,13535.8604,13612.7803,13403.3896
2021-02-03,13718.3096,13723.8301,13585.3398,13610.5400,13612.7803
2021-02-04,13674.0596,13778.4199,13631.6201,13777.7402,13610.5400
2021-02-05,13824.8799,13878.1602,13761.6602,13856.2998,13777.7402
2021-02-08,13937.0596,13987.7402,13894.1504,13987.6396,13856.2998
2021-02-09,13966.8203,14044.9502,13966.5498,14007.7002,13987.6396
2021-02-10,14093.3496,14109.1201,13845.4697,13972.5303,14007.7002
2021-02-11,14045.2100,14058.9102,13916.8496,14025.7695,13972.5303
2021-02-12,13979.2100,14102.0400,13937.7100,14095.4697,14025.7695
2021-02-16,14152.2100,14175.1201,13995.4502,14047.5000,14095.4697
2021-02-17,13911.6504,13976.4297,13804.2598,13965.4902,14047.5000
2021-02-18,13814.6699,13905.9600,13714.3496,13865.3604,13965.4902
2021-02-19,13929.2002,13985.5801,13842.5996,13874.4600,13865.3604
2021-02-22,13714.2002,13757.0596,13530.9600,13533.0498,13874.4600
2021-02-23,13262.6104,13526.0898,13003.9805,13465.2002,13533.0498
2021-02-24,13400.2500,13607.3604,13286.5898,13597.9697,13465.2002
2021-02-25,13512.6396,13602.8604,13066.3799,13119.4297,13597.9697
2021-02-26,13232.9004,13368.0596,13024.5303,13192.3496,13119.4297
2021-03-01,13406.1602,13596.5898,13362.6602,13588.8301,13192.3496
2021-03-02,13599.4502,13601.3301,13352.0000,13358.7900,13588.8301
2021-03-03,13336.2500,13372.5195,12995.0703,12997.7500,13358.7900
2021-03-04,12953.9902,13068.7100,12553.9600,12723.4697,12997.7500
2021-03-05,12860.0400,12941.2100,12397.0498,12920.1504,12723.4697
2021-03-08,12904.2598,13001.0000,12599.2305,12609.1602,12920.1504
2021-03-09,12923.0703,13151.5400,12882.4902,13073.8203,12609.1602
2021-03-10,13234.7305,13277.1104,13035.4404,13068.8301,13073.8203
2021-03-11,13273.3096,13433.6201,13246.3301,13398.6699,13068.8301
2021-03-12,13222.8096,13324.6904,13158.7197,13319.8604,13398.6699
2021-03-15,13323.4697,13460.3496,13272.5000,13459.7100,13319.8604
2021-03-16,13523.1699,13620.7100,13397.0801,13471.5703,13459.7100
2021-03-17,13336.9102,13595.0000,13272.6904,13525.2002,13471.5703
2021-03-18,13349.2002,13384.4600,13101.9199,13116.1699,13525.2002
2021-03-19,13119.9004,13252.3701,13039.4502,13215.2402,13116.1699
2021-03-22,13278.7803,13455.6396,13278.7803,13377.5400,13215.2402
2021-03-23,13381.4297,13405.1504,13202.4297,13227.7002,13377.5400
2021-03-24,13289.2402,13292.9199,12961.3496,12961.8896,13227.7002
2021-03-25,12844.5801,13021.8604,12786.8096,12977.6797,12961.8896
2021-03-26,12996.0303,13149.5498,12878.7197,13138.7305,12977.6797
2021-03-29,13103.9697,13143.4102,12968.1602,13059.6504,13138.7305
2021-03-30,13008.7998,13075.7500,12922.5703,13045.3896,13059.6504
2021-03-31,13122.5703,13325.5400,13118.3799,13246.8701,13045.3896
2021-04-01,13414.3203,13487.0801,13404.1797,13480.1104,13246.8701
2021-04-05,13594.9004,13720.5801,13582.7598,13705.5898,13480.1104
2021-04-06,13681.6699,13776.7100,13674.2803,13698.3799,13705.5898
2021-04-07,13675.2998,13733.0303,13653.5898,13688.8398,13698.3799
2021-04-08,13796.8896,13830.1396,13758.7100,13829.3096,13688.8398
2021-04-09,13787.0195,13905.4102,13748.3496,13900.1904,13829.3096
2021-04-12,13854.4404,13877.0000,13783.9502,13850.0000,13900.1904
2021-04-13,13902.4502,14011.5098,13902.4502,13996.0996,13850.0000
2021-04-14,14004.0801,14033.6299,13839.0400,13857.8398,13996.0996
2021-04-15,13983.2305,14049.1299,13970.4199,14038.7598,13857.8398
2021-04-16,14059.1104,14062.5000,13977.0498,14052.3398,14038.7598
2021-04-19,13984.5801,14041.7900,13842.5703,13914.7695,14052.3398
2021-04-20,13894.4600,13927.6699,13698.6699,13786.2695,13914.7695
2021-04-21,13745.7695,13951.3496,13706.8604,13950.2197,13786.2695
2021-04-22,13952.5703,14015.8701,13771.0400,13818.4102,13950.2197
2021-04-23,13861.3701,14062.7402,13856.8301,14016.8096,13818.4102
2021-04-26,14052.3799,14154.0303,14019.5000,14138.7803,14016.8096
2021-04-27,14170.9102,14171.2402,14064.2803,14090.2197,14138.7803
2021-04-28,14082.7803,14133.6504,14034.7002,14051.0303,14090.2197
2021-04-29,14204.5098,14211.5703,13952.7998,14082.5498,14051.0303
2021-04-30,13970.7305,14084.7598,13941.6299,13962.6797,14082.5498
2021-05-03,14031.7695,14042.1201,13881.5098,13895.1201,13962.6797
2021-05-04,13774.5098,13795.5703,13485.5898,13633.5000,13895.1201
2021-05-05,13731.1299,13753.0498,13553.9297,13582.4199,13633.5000
2021-05-06,13557.8301,13635.7305,13439.3896,13632.8398,13582.4199
2021-05-07,13723.0898,13828.6201,13690.7500,13752.2402,13632.8398
2021-05-10,13687.5898,13687.9297,13401.7402,13401.8604,13752.2402
2021-05-11,13115.8496,13423.3096,13107.6699,13389.4297,13401.8604
2021-05-12,13215.4902,13288.6104,13002.5400,13031.6797,13389.4297
2021-05-13,13150.9404,13247.8701,13007.2402,13124.9902,13031.6797
2021-05-14,13255.6504,13460.8799,13242.9697,13429.9805,13124.9902
2021-05-17,13368.7998,13399.1699,13265.4004,13379.0498,13429.9805
2021-05-18,13416.9004,13485.3398,13299.9297,13303.6396,13379.0498
2021-05-19,13078.1904,13304.6104,13072.2305,13299.7402,13303.6396
2021-05-20,13356.6299,13563.5195,13355.7100,13535.7402,13299.7402
2021-05-21,13616.1904,13616.5801,13463.2598,13470.9902,13535.7402
2021-05-24,13557.2100,13708.8496,13551.0098,13661.1699,13470.9902
2021-05-25,13721.5400,13751.1396,13631.7998,13657.1699,13661.1699
2021-05-26,13693.9404,13750.1602,13679.5898,13738.0000,13657.1699
2021-05-27,13742.5898,13776.5195,13701.6299,13736.2803,13738.0000
2021-05-28,13792.0498,13820.8701,13747.6104,13748.7402,13736.2803
2021-06-01,13829.0596,13836.1699,13678.7695,13736.4805,13748.7402
2021-06-02,13743.2402,13775.8896,13689.7402,13756.3301,13736.4805
2021-06-03,13655.7500,13684.1299,13548.9297,13614.5098,13756.3301
2021-06-04,13697.2500,13826.8203,13692.0098,13814.4902,13614.5098
2021-06-07,13802.8203,13889.1104,13784.8896,13881.7197,13814.4902
2021-06-08,13946.3203,13981.7197,13831.9805,13924.9102,13881.7197
2021-06-09,13980.2305,14003.5000,13906.4502,13911.7500,13924.9102
2021-06-10,13933.8799,14031.1904,13904.4004,14020.3301,13911.7500
2021-06-11,14030.8496,14069.4199,14006.5898,14069.4199,14020.3301
2021-06-14,14083.4697,14175.4502,14056.6699,14174.1396,14069.4199
2021-06-15,14166.6396,14171.0195,14052.1602,14072.8604,14174.1396
2021-06-16,14085.5498,14129.6904,13903.7305,14039.6797,14072.8604
2021-06-17,13999.1299,14196.2100,13998.9297,14161.3496,14039.6797
2021-06-18,14096.9297,14129.2197,14009.0400,14030.3799,14161.3496
2021-06-21,14047.4199,14150.7803,13960.0400,14141.4805,14030.3799
2021-06-22,14138.2900,14269.7695,14121.0000,14253.2695,14141.4805
2021-06-23,14263.3799,14317.6602,14246.2998,14271.7305,14253.2695
2021-06-24,14357.2695,14414.4600,14333.7002,14369.7100,14271.7305
2021-06-25,14400.8096,14409.0801,14337.6504,14360.3896,14369.7100
2021-06-28,14417.8096,14505.1904,14417.2002,14500.5098,14360.3896
2021-06-29,14509.1904,14535.9697,14471.3799,14528.3301,14500.5098
2021-06-30,14509.8496,14526.8096,14478.0596,14503.9502,14528.3301
2021-07-01,14493.6904,14533.5498,14439.4004,14522.3799,14503.9502
2021-07-02,14582.9805,14649.1104,14555.3398,14639.3301,14522.3799
2021-07-06,14661.5498,14687.0000,14529.7998,14663.6396,14639.3301
2021-07-07,14753.4102,14755.3301,14580.7900,14665.0596,14663.6396
2021-07-08,14409.2002,14610.0596,14371.5898,14559.7803,14665.0596
2021-07-09,14578.4297,14710.2002,14552.2598,14701.9199,14559.7803
2021-07-12,14743.8604,14761.0801,14672.6299,14733.2402,14701.9199
2021-07-13,14715.1299,14803.6797,14660.1904,14677.6504,14733.2402
2021-07-14,14780.9004,14790.5498,14632.9502,14644.9502,14677.6504
2021-07-15,14635.7803,14650.3701,14451.7998,14543.1299,14644.9502
2021-07-16,14597.5098,14623.0195,14413.3203,14427.2402,14543.1299
2021-07-19,14235.9805,14313.5996,14178.6602,14274.9805,14427.2402
2021-07-20,14330.4600,14555.7500,14271.2305,14498.8799,14274.9805
2021-07-21,14508.7500,14633.1396,14498.6504,14631.9502,14498.8799
2021-07-22,14652.7197,14694.1904,14617.8701,14684.5996,14631.9502
2021-07-23,14753.0596,14846.0596,14698.7695,14836.9902,14684.5996
2021-07-26,14821.0303,14863.6504,14790.4902,14840.7100,14836.9902
2021-07-27,14807.9502,14811.0801,14503.7598,14660.5801,14840.7100
2021-07-28,14715.6602,14798.8799,14645.6299,14762.5801,14660.5801
2021-07-29,14771.1699,14833.7402,14761.3799,14778.2598,14762.5801
2021-07-30,14615.8496,14728.7803,14615.8496,14672.6797,14778.2598
2021-08-02,14758.5996,14770.4102,14665.6699,14681.0703,14672.6797
2021-08-03,14713.9902,14762.5996,14584.0898,14761.2900,14681.0703
2021-08-04,14747.2100,14812.3701,14734.1201,14780.5303,14761.2900
2021-08-05,14794.0801,14896.4697,14776.0303,14895.1201,14780.5303
2021-08-06,14864.2197,14890.1797,14788.5898,14835.7598,14895.1201
2021-08-09,14855.7598,14883.8096,14802.6904,14860.1797,14835.7598
2021-08-10,14887.7500,14894.6104,14754.4805,14788.0898,14860.1797
2021-08-11,14834.3799,14842.5000,14692.4102,14765.1396,14788.0898
2021-08-12,14751.3604,14824.3096,14698.9404,14816.2598,14765.1396
2021-08-13,14825.0703,14850.6104,14797.2197,14822.9004,14816.2598
2021-08-16,14771.5303,14794.6797,14610.0195,14793.7598,14822.9004
2021-08-17,14670.5596,14716.9502,14550.8799,14656.1797,14793.7598
2021-08-18,14636.2402,14697.2500,14516.2998,14525.9102,14656.1797
2021-08-19,14423.1602,14610.7598,14423.1602,14541.7900,14525.9102
2021-08-20,14571.5303,14722.1602,14571.5303,14714.6602,14541.7900
2021-08-23,14776.9805,14963.4697,14776.9805,14942.6504,14714.6602
2021-08-24,14978.1396,15034.8896,14965.5400,15019.7998,14942.6504
2021-08-25,15039.0303,15059.4297,15011.5801,15041.8604,15019.7998
2021-08-26,15025.1699,15059.6299,14939.5596,14945.8096,15041.8604
2021-08-27,14969.7695,15144.4805,14966.5195,15129.5000,14945.8096
2021-08-30,15165.9404,15288.0801,15165.1201,15265.8896,15129.5000
2021-08-31,15262.8799,15278.9600,15202.6699,15259.2402,15265.8896
2021-09-01,15308.9805,15379.5000,15302.1104,15309.3799,15259.2402
2021-09-02,15358.4697,15380.0703,15285.3496,15331.1797,15309.3799
2021-09-03,15313.4102,15375.5596,15283.6699,15363.5195,15331.1797
2021-09-07,15375.9805,15403.4404,15343.2803,15374.3301,15363.5195
2021-09-08,15360.3496,15360.3496,15206.6104,15286.6396,15374.3301
2021-09-09,15296.0596,15352.3799,15245.1699,15248.2500,15286.6396
2021-09-10,15332.9199,15349.4697,15111.3096,15115.4902,15248.2500
2021-09-13,15211.4297,15215.4404,15030.8496,15105.5801,15115.4902
2021-09-14,15168.4502,15181.1904,15008.2998,15037.7598,15105.5801
2021-09-15,15071.3398,15174.3799,14984.6797,15161.5303,15037.7598
2021-09-16,15120.0898,15205.5000,15047.1396,15181.9199,15161.5303
2021-09-17,15163.3604,15166.5596,14998.7305,15043.9697,15181.9199
2021-09-20,14758.1396,14841.8203,14530.0703,14713.9004,15043.9697
2021-09-21,14803.3604,14847.0303,14696.4697,14746.4004,14713.9004
2021-09-22,14800.5898,14950.1201,14767.0098,14896.8496,14746.4004
2021-09-23,14960.0000,15085.4404,14932.5098,15052.2402,14896.8496
2021-09-24,14961.6104,15067.5596,14946.5703,15047.7002,15052.2402
2021-09-27,14954.1797,15003.1602,14864.9600,14969.9697,15047.7002
2021-09-28,14787.2100,14817.7402,14539.8799,14546.6797,14969.9697
2021-09-29,14614.8799,14676.6201,14493.6699,14512.4404,14546.6797
2021-09-30,14582.5996,14632.3604,14444.2998,14448.5801,14512.4404
2021-10-01,14494.9297,14606.8203,14324.0098,14566.7002,14448.5801
2021-10-04,14493.1201,14499.7402,14181.6904,14255.4805,14566.7002
2021-10-05,14312.8604,14508.6504,14299.7803,14433.8301,14255.4805
2021-10-06,14289.4502,14509.5498,14259.0703,14501.9102,14433.8301
2021-10-07,14631.7998,14755.7197,14615.1396,14654.0195,14501.9102
2021-10-08,14694.7197,14699.9102,14569.6797,14579.5400,14654.0195
2021-10-11,14540.0801,14665.9902,14482.6201,14486.2002,14579.5400
2021-10-12,14539.0898,14552.7100,14441.5996,14465.9199,14486.2002
2021-10-13,14537.1699,14589.2803,14471.8799,14571.6396,14465.9199
2021-10-14,14717.5000,14827.5596,14699.5195,14823.4297,14571.6396
2021-10-15,14891.2402,14904.9805,14847.9600,14897.3398,14823.4297
2021-10-18,14839.7402,15026.6797,14833.2803,15021.8096,14897.3398
2021-10-19,15073.1299,15137.8496,15049.7305,15129.0898,15021.8096
2021-10-20,15160.0000,15178.3896,15071.1504,15121.6797,15129.0898
2021-10-21,15104.7998,15222.2500,15094.1396,15215.7002,15121.6797
2021-10-22,15158.0703,15193.0098,15021.0195,15090.2002,15215.7002
2021-10-25,15142.9199,15259.6299,15070.7500,15226.7100,15090.2002
2021-10-26,15317.5000,15384.0000,15198.2305,15235.7100,15226.7100
2021-10-27,15276.0000,15364.5400,15235.8398,15235.8398,15235.7100
2021-10-28,15304.7402,15452.2998,15290.3096,15448.1201,15235.8398
2021-10-29,15323.2900,15504.1201,15323.2900,15498.3896,15448.1201
2021-11-01,15541.2598,15598.9502,15470.8203,15595.9199,15498.3896
2021-11-02,15583.9805,15656.5996,15569.2695,15649.5996,15595.9199
2021-11-03,15658.5195,15821.5703,15616.4404,15811.5801,15649.5996
2021-11-04,15849.7402,15966.0898,15827.6602,15940.3096,15811.5801
2021-11-05,16003.5596,16053.3896,15900.7803,15971.5898,15940.3096
2021-11-08,15995.7197,16038.2305,15961.8096,15982.3604,15971.5898
2021-11-09,16024.1299,16035.2100,15836.6797,15886.5400,15982.3604
2021-11-10,15753.8398,15867.2402,15543.6797,15622.7100,15886.5400
2021-11-11,15752.0801,15768.0303,15695.7695,15704.2803,15622.7100
2021-11-12,15752.6201,15874.5703,15705.3799,15860.9600,15704.2803
2021-11-15,15894.8203,15918.4502,15778.3096,15853.8496,15860.9600
2021-11-16,15840.3203,15989.6104,15825.0000,15973.8604,15853.8496
2021-11-17,15973.6201,15998.5703,15909.3896,15921.5703,15973.8604
2021-11-18,15973.3896,16010.8799,15848.8301,15993.7100,15921.5703
2021-11-19,16042.1602,16121.1201,16017.2305,16057.4404,15993.7100
2021-11-22,16120.9199,16212.2305,15851.0400,15854.7598,16057.4404
2021-11-23,15809.5000,15895.8604,15601.4600,15775.1396,15854.7598
2021-11-24,15677.8799,15848.5596,15591.3604,15845.2305,15775.1396
2021-11-26,15664.3799,15731.5400,15456.0898,15491.6602,15845.2305
2021-11-29,15719.4199,15833.1104,15644.6104,15782.8301,15491.6602
2021-11-30,15716.5000,15828.2002,15451.3896,15537.6904,15782.8301
2021-12-01,15752.2695,15816.8203,15243.9297,15254.0498,15537.6904
2021-12-02,15181.8203,15444.5400,15150.1201,15381.3203,15254.0498
2021-12-03,15428.7100,15470.3604,14931.0596,15085.4697,15381.3203
2021-12-06,15117.6299,15281.9902,14931.6104,15225.1504,15085.4697
2021-12-07,15510.9102,15720.0898,15507.6602,15686.9199,15225.1504
2021-12-08,15690.6504,15792.6396,15618.8799,15786.9902,15686.9199
2021-12-09,15720.5400,15796.0498,15511.1201,15517.3701,15786.9902
2021-12-10,15629.5898,15677.5996,15477.8496,15630.5996,15517.3701
2021-12-13,15621.2695,15637.0596,15408.2500,15413.2803,15630.5996
2021-12-14,15215.9600,15317.5498,15097.3496,15237.6396,15413.2803
2021-12-15,15230.7100,15575.7598,15055.2305,15565.5801,15237.6396
2021-12-16,15629.0801,15633.1904,15119.4902,15180.4297,15565.5801
2021-12-17,15036.7695,15288.7803,14960.3701,15169.6797,15180.4297
2021-12-20,14933.0000,15007.2998,14860.0400,14980.9404,15169.6797
2021-12-21,15140.4297,15349.0596,15015.0303,15341.0898,14980.9404
2021-12-22,15319.1602,15525.9697,15303.0596,15521.8896,15341.0898
2021-12-23,15544.7900,15697.9805,15528.9102,15653.3701,15521.8896
2021-12-27,15696.8301,15871.4004,15696.8301,15871.2598,15653.3701
2021-12-28,15895.2002,15901.4697,15757.0703,15781.7197,15871.2598
2021-12-29,15794.9199,15821.8096,15679.8496,15766.2197,15781.7197
2021-12-30,15758.9805,15868.0898,15729.1602,15741.5596,15766.2197
2021-12-31,15722.9102,15777.4297,15643.9404,15644.9697,15741.5596
2022-01-03,15732.5000,15832.7998,15644.0898,15832.7998,15644.9697
2022-01-04,15852.1396,15852.1396,15512.4102,15622.7197,15832.7998
2022-01-05,15547.1602,15586.2998,15095.1797,15100.1699,15622.7197
2022-01-06,15024.1504,15198.4502,14914.8701,15080.8604,15100.1699
2022-01-07,15095.7197,15171.0195,14877.6299,14935.9004,15080.8604
2022-01-10,14751.7803,14953.8496,14530.2305,14942.8301,14935.9004
2022-01-11,14919.2598,15158.7100,14837.6299,15153.4502,14942.8301
2022-01-12,15263.0996,15319.0303,15117.2900,15188.3896,15153.4502
2022-01-13,15245.0400,15259.7100,14782.2402,14806.8096,15188.3896
2022-01-14,14708.0195,14897.6797,14689.4297,14893.7500,14806.8096
2022-01-18,14681.8301,14740.5400,14482.9404,14506.9004,14893.7500
2022-01-19,14582.2197,14658.8896,14331.6504,14340.2598,14506.9004
2022-01-20,14462.8496,14642.0303,14140.7803,14154.0195,14340.2598
2022-01-21,14046.2197,14171.7197,13764.2402,13768.9199,14154.0195
2022-01-24,13481.5000,13876.6104,13094.6504,13855.1299,13768.9199
2022-01-25,13610.8701,13781.6201,13414.1396,13539.2900,13855.1299
2022-01-26,13871.7695,14002.6504,13392.1904,13542.1201,13539.2900
2022-01-27,13710.9902,13765.9102,13322.6602,13352.7803,13542.1201
2022-01-28,13436.7100,13771.9102,13236.5596,13770.5703,13352.7803
2022-01-31,13812.1904,14242.9004,13767.7100,14239.8799,13770.5703
2022-02-01,14277.4297,14358.6904,14070.7695,14346.0000,14239.8799
2022-02-02,14494.4697,14504.8203,14264.6504,14417.5498,14346.0000
2022-02-03,14045.8301,14207.8896,13851.7402,13878.8203,14417.5498
2022-02-04,13958.4805,14222.7598,13850.3896,14098.0098,13878.8203
2022-02-07,14118.7900,14236.3096,13974.0996,14015.6699,14098.0098
2022-02-08,13984.4297,14226.4805,13934.7803,14194.4502,14015.6699
2022-02-09,14368.1602,14490.7197,14330.8701,14490.3701,14194.4502
2022-02-10,14228.6797,14509.5596,14118.2002,14185.6396,14490.3701
2022-02-11,14213.6201,14246.7002,13733.1602,13791.1504,14185.6396
2022-02-14,13768.9697,13921.7100,13664.7598,13790.9199,13791.1504
2022-02-15,13997.1797,14142.4902,13976.2900,14139.7598,13790.9199
2022-02-16,14038.9199,14163.7305,13931.9902,14124.0898,14139.7598
2022-02-17,14004.1904,14020.8203,13704.7002,13716.7197,14124.0898
2022-02-18,13735.4004,13762.4004,13465.5596,13548.0703,13716.7197
2022-02-22,13424.3604,13618.7197,13249.6504,13381.5195,13548.0703
2022-02-23,13511.7500,13533.7803,13032.1699,13037.4902,13381.5195
2022-02-24,12587.8799,13486.1104,12587.8799,13473.5898,13037.4902
2022-02-25,13485.2598,13696.8604,13358.2900,13694.6201,13473.5898
2022-02-28,13570.8301,13810.6396,13549.9004,13751.4004,13694.6201
2022-03-01,13716.7002,13777.0400,13441.3203,13532.4600,13751.4004
2022-03-02,13597.5303,13796.5498,13493.9102,13752.0195,13532.4600
2022-03-03,13837.5898,13837.5898,13472.6396,13537.9404,13752.0195
2022-03-04,13455.2305,13486.7100,13224.9805,13313.4404,13537.9404
2022-03-07,13328.3604,13353.2803,12828.0195,12830.9600,13313.4404
2022-03-08,12800.0400,13159.4404,12670.0801,12795.5498,12830.9600
2022-03-09,13113.7002,13301.1602,13039.7900,13255.5498,12795.5498
2022-03-10,13098.3496,13163.5000,12946.2803,13129.9600,13255.5498
2022-03-11,13229.7695,13239.3496,12830.3701,12843.8096,13129.9600
2022-03-14,12795.1201,12918.0098,12555.3496,12581.2197,12843.8096
2022-03-15,12685.2305,12973.8799,12616.5898,12948.6201,12581.2197
2022-03-16,13119.3701,13440.1201,12992.2002,13436.5498,12948.6201
2022-03-17,13360.7197,13620.7998,13317.1396,13614.7803,13436.5498
2022-03-18,13564.6299,13899.2803,13528.0596,13893.8398,13614.7803
2022-03-21,13860.3896,13945.8096,13682.5498,13838.4600,13893.8398
2022-03-22,13866.4297,14141.0703,13857.2900,14108.8203,13838.4600
2022-03-23,13990.3496,14152.1396,13921.6504,13922.5996,14108.8203
2022-03-24,14001.3203,14193.5498,13897.2002,14191.8398,13922.5996
2022-03-25,14194.7197,14218.7598,14010.7900,14169.2998,14191.8398
2022-03-28,14177.2100,14356.0000,14101.3398,14354.9004,14169.2998
2022-03-29,14500.3896,14646.9004,14419.4004,14619.6396,14354.9004
2022-03-30,14558.5898,14609.2500,14383.4502,14442.2695,14619.6396
2022-03-31,14444.7803,14456.7402,14217.7197,14220.5195,14442.2695
2022-04-01,14269.5303,14306.9404,14131.8096,14261.5000,14220.5195
2022-04-04,14304.3496,14534.3799,14286.4502,14532.5498,14261.5000
2022-04-05,14490.2598,14500.2900,14169.1201,14204.1699,14532.5498
2022-04-06,14002.5801,14032.8398,13788.9004,13888.8203,14204.1699
2022-04-07,13861.4902,13978.2500,13689.2305,13897.2998,13888.8203
2022-04-08,13830.4697,13866.0596,13693.6904,13711.0000,13897.2998
2022-04-11,13547.2900,13585.0801,13401.3896,13411.9600,13711.0000
2022-04-12,13584.6904,13685.9502,13317.7402,13371.5703,13411.9600
2022-04-13,13373.1201,13679.4297,13353.6602,13643.5898,13371.5703
2022-04-14,13647.4297,13662.9297,13345.2197,13351.0801,13643.5898
2022-04-18,13319.3896,13414.2695,13222.0303,13332.3604,13351.0801
2022-04-19,13312.4404,13643.9697,13281.2197,13619.6602,13332.3604
2022-04-20,13665.3799,13678.5498,13426.1299,13453.0703,13619.6602
2022-04-21,13623.7002,13710.7002,13140.8301,13174.6504,13453.0703
2022-04-22,13168.7998,13212.5996,12828.0195,12839.2900,13174.6504
2022-04-25,12749.1699,13011.4502,12722.5898,13004.8496,12839.2900
2022-04-26,12918.0400,12918.0400,12490.7402,12490.7402,13004.8496
2022-04-27,12500.8799,12703.7900,12430.9004,12488.9297,12490.7402
2022-04-28,12712.8604,12948.5195,12487.8604,12871.5303,12488.9297
2022-04-29,12710.4199,12861.8301,12315.7402,12334.6396,12871.5303
2022-05-02,12331.6904,12542.5400,12202.4102,12536.0195,12334.6396
2022-05-03,12511.4600,12645.8301,12460.9902,12563.7598,12536.0195
2022-05-04,12574.7305,12985.0098,12367.0195,12964.8604,12563.7598
2022-05-05,12787.5195,12787.5195,12183.5596,12317.6904,12964.8604
2022-05-06,12246.8301,12358.4199,11990.1504,12144.6602,12317.6904
2022-05-09,11923.0303,11990.6104,11574.9404,11623.2500,12144.6602
2022-05-10,11900.3398,11944.9404,11566.2803,11737.6699,11623.2500
2022-05-11,11645.5703,11844.5098,11339.1797,11364.2402,11737.6699
2022-05-12,11199.2500,11547.3301,11108.7598,11370.9600,11364.2402
2022-05-13,11555.9697,11856.7100,11510.2598,11805.0000,11370.9600
2022-05-16,11727.1396,11804.5898,11627.5303,11662.7900,11805.0000
2022-05-17,11905.5703,11988.4297,11754.2803,11984.5195,11662.7900
2022-05-18,11790.6797,11826.2197,11381.6904,11418.1504,11984.5195
2022-05-19,11364.4004,11562.8203,11313.3096,11388.5000,11418.1504
2022-05-20,11542.6699,11552.2100,11035.6904,11354.6201,11388.5000
2022-05-23,11396.2803,11552.0703,11304.5596,11535.2695,11354.6201
2022-05-24,11326.4404,11351.6104,11092.4805,11264.4502,11535.2695
2022-05-25,11225.0303,11511.9004,11211.8496,11434.7402,11264.4502
2022-05-26,11409.8398,11796.9697,11406.1602,11740.6504,11434.7402
2022-05-27,11869.6904,12131.6602,11856.8203,12131.1299,11740.6504
2022-05-31,12137.5400,12190.0801,11942.5000,12081.3896,12131.1299
2022-06-01,12176.8896,12237.9404,11901.4297,11994.4600,12081.3896
2022-06-02,11945.5703,12320.1201,11901.4502,12316.9004,11994.4600
2022-06-03,12097.1201,12167.4404,11966.6201,12012.7305,12316.9004
2022-06-06,12200.3301,12245.4004,12004.2002,12061.3701,12012.7305
2022-06-07,11925.8096,12194.8604,11888.6104,12175.2305,12061.3701
2022-06-08,12147.2803,12235.7803,12052.7002,12086.2695,12175.2305
2022-06-09,12016.4697,12115.0596,11751.9805,11754.2305,12086.2695
2022-06-10,11543.8799,11569.1504,11328.2695,11340.0195,11754.2305
2022-06-13,10986.8496,11071.4805,10775.1396,10809.2305,11340.0195
2022-06-14,10897.4297,10926.8096,10733.0400,10828.3496,10809.2305
2022-06-15,10968.4004,11244.2598,10866.3896,11099.1504,10828.3496
2022-06-16,10806.0195,10831.0703,10565.1396,10646.0996,11099.1504
2022-06-17,10697.5498,10884.7100,10638.7197,10798.3496,10646.0996
2022-06-21,10974.0498,11164.9902,10974.0498,11069.2998,10798.3496
2022-06-22,10941.9502,11216.7695,10938.0596,11053.0801,11069.2998
2022-06-23,11137.6797,11260.2695,11046.2803,11232.1904,11053.0801
2022-06-24,11351.3096,11613.2305,11337.7803,11607.6201,11232.1904
2022-06-27,11661.0195,11677.4902,11487.0703,11524.5498,11607.6201
2022-06-28,11542.2402,11635.8496,11177.6797,11181.5400,11524.5498
2022-06-29,11160.2197,11226.3301,11072.1904,11177.8896,11181.5400
2022-06-30,11048.2500,11160.9199,10850.0098,11028.7402,11177.8896
2022-07-01,11006.8301,11132.5498,10922.7100,11127.8496,11028.7402
2022-07-05,10964.1797,11323.8896,10911.4502,11322.2402,11127.8496
2022-07-06,11337.9004,11443.1504,11250.3203,11361.8496,11322.2402
2022-07-07,11422.5996,11644.4697,11412.8799,11621.3496,11361.8496
2022-07-08,11503.6104,11689.7002,11479.7695,11635.3096,11621.3496
2022-07-11,11524.4902,11541.0996,11348.0596,11372.5996,11635.3096
2022-07-12,11420.8896,11483.1699,11207.0801,11264.7305,11372.5996
2022-07-13,11056.5498,11325.6699,11031.2695,11247.5801,11264.7305
2022-07-14,11151.2100,11279.9697,11005.9297,11251.1904,11247.5801
2022-07-15,11379.3604,11454.6904,11295.3301,11452.4199,11251.1904
2022-07-18,11561.6396,11629.0303,11322.8398,11360.0498,11452.4199
2022-07-19,11515.0000,11721.2197,11448.9697,11713.1504,11360.0498
2022-07-20,11726.0898,11939.9600,11703.3604,11897.6504,11713.1504
2022-07-21,11914.1504,12060.5898,11812.7197,12059.6104,11897.6504
2022-07-22,12025.3701,12093.0195,11767.1904,11834.1104,12059.6104
2022-07-25,11837.9600,11855.1104,11707.5303,11782.6699,11834.1104
2022-07-26,11701.5303,11711.3096,11533.3701,11562.5703,11782.6699
2022-07-27,11756.1904,12081.7305,11718.3799,12032.4199,11562.5703
2022-07-28,12036.4805,12179.0898,11886.6699,12162.5898,12032.4199
2022-07-29,12239.6904,12426.2598,12181.1299,12390.6904,12162.5898
2022-08-01,12317.9600,12499.7197,12271.9805,12368.9805,12390.6904
2022-08-02,12287.6699,12503.3398,12260.4805,12348.7598,12368.9805
2022-08-03,12433.8701,12699.6396,12425.2100,12668.1602,12348.7598
2022-08-04,12675.0400,12736.1904,12600.7803,12720.5801,12668.1602
2022-08-05,12538.7998,12720.4404,12525.7695,12657.5498,12720.5801
2022-08-08,12703.7197,12855.1504,12597.7500,12644.4600,12657.5498
2022-08-09,12557.4902,12582.9102,12438.8604,12493.9297,12644.4600
2022-08-10,12793.4404,12861.4404,12698.6104,12854.7998,12493.9297
2022-08-11,12944.8203,13026.2402,12760.0898,12779.9102,12854.7998
2022-08-12,12866.3096,13047.1904,12821.2197,13047.1904,12779.9102
2022-08-15,12996.6299,13146.0596,12993.7803,13128.0498,13047.1904
2022-08-16,13082.6396,13181.0898,12979.2402,13102.5498,13128.0498
2022-08-17,12968.6299,13053.5098,12863.0098,12938.1201,13102.5498
2022-08-18,12937.7900,13002.6602,12873.4902,12965.3398,12938.1201
2022-08-19,12832.2695,12859.0098,12674.8701,12705.2197,12965.3398
2022-08-22,12523.1602,12538.5498,12353.7305,12381.5703,12705.2197
2022-08-23,12380.3701,12490.8496,12352.0303,12381.2998,12381.5703
2022-08-24,12375.1504,12504.3301,12350.1602,12431.5303,12381.2998
2022-08-25,12506.3701,12641.2598,12471.9805,12639.2695,12431.5303
2022-08-26,12630.5801,12655.8398,12141.5195,12141.7100,12639.2695
2022-08-29,12021.0498,12124.8701,11981.4199,12017.6699,12141.7100
2022-08-30,12093.0596,12101.8496,11790.0195,11883.1396,12017.6699
2022-08-31,11972.5596,12027.4297,11814.1699,11816.2002,11883.1396
2022-09-01,11707.4404,11798.3701,11546.5195,11785.1299,11816.2002
2022-09-02,11899.1396,11945.9102,11573.5098,11630.8604,11785.1299
2022-09-06,11643.0303,11679.4297,11471.5000,11544.9102,11630.8604
2022-09-07,11559.3799,11819.0703,11555.0801,11791.9004,11544.9102
2022-09-08,11679.8604,11896.7305,11660.5303,11862.1299,11791.9004
2022-09-09,11958.6104,12132.6699,11958.6104,12112.3096,11862.1299
2022-09-12,12174.9404,12270.1904,12169.2803,12266.4102,12112.3096
2022-09-13,11908.8096,11957.9697,11604.4297,11633.5703,12266.4102
2022-09-14,11680.4102,11746.8301,11602.7598,11719.6797,11633.5703
2022-09-15,11633.2402,11760.7305,11497.1104,11552.3604,11719.6797
2022-09-16,11401.2100,11460.4297,11316.9199,11448.4004,11552.3604
2022-09-19,11338.5703,11538.1299,11337.8301,11535.0195,11448.4004
2022-09-20,11440.1396,11520.9902,11343.7197,11425.0498,11535.0195
2022-09-21,11466.2100,11613.5703,11218.9902,11220.1904,11425.0498
2022-09-22,11167.3799,11203.7695,11024.6396,11066.8096,11220.1904
2022-09-23,10952.6904,10958.2900,10732.7197,10867.9297,11066.8096
2022-09-26,10833.3799,11024.0000,10789.0498,10802.9199,10867.9297
2022-09-27,10955.2900,11040.9805,10741.0195,10829.5000,10802.9199
2022-09-28,10817.5195,11101.5000,10776.3398,11051.6396,10829.5000
2022-09-29,10894.4404,10899.4697,10623.2197,10737.5098,11051.6396
2022-09-30,10697.7100,10883.0400,10572.3301,10575.6201,10737.5098
2022-10-03,10659.0098,10875.4600,10577.8896,10815.4297,10575.6201
2022-10-04,11054.7197,11189.9600,11044.0400,11176.4102,10815.4297
2022-10-05,11022.6699,11210.3203,10910.7598,11148.6396,11176.4102
2022-10-06,11129.0400,11230.4404,11051.2695,11073.3096,11148.6396
2022-10-07,10877.2803,10891.9297,10608.5195,10652.4004,11073.3096
2022-10-10,10659.9502,10669.9297,10449.0400,10542.0996,10652.4004
2022-10-11,10484.3701,10608.8398,10351.9805,10426.1904,10542.0996
2022-10-12,10437.0000,10494.5303,10372.2100,10417.0996,10426.1904
2022-10-13,10131.8203,10697.7100,10088.8301,10649.1504,10417.0996
2022-10-14,10742.8096,10766.6904,10308.8096,10321.3896,10649.1504
2022-10-17,10575.6504,10696.5898,10569.6904,10675.7998,10321.3896
2022-10-18,10963.9902,10972.9697,10670.1201,10772.4004,10675.7998
2022-10-19,10689.3096,10808.0400,10592.8799,10680.5098,10772.4004
2022-10-20,10657.4102,10837.2998,10574.5498,10614.8398,10680.5098
2022-10-21,10576.0400,10875.7197,10542.4297,10859.7197,10614.8398
2022-10-24,10867.0703,10983.5195,10713.3301,10952.6104,10859.7197
2022-10-25,10996.9697,11210.3799,10996.9697,11199.1201,10952.6104
2022-10-26,10969.0195,11205.8398,10948.3799,10970.9902,11199.1201
2022-10-27,10971.9502,10998.7305,10780.5000,10792.6699,10970.9902
2022-10-28,10766.2002,11117.0400,10766.2002,11102.4502,10792.6699
2022-10-31,11028.4297,11047.9404,10914.0098,10988.1504,11102.4502
2022-11-01,11154.7402,11156.3496,10881.1904,10890.8496,10988.1504
2022-11-02,10885.0098,10993.2402,10522.9004,10524.7998,10890.8496
2022-11-03,10399.4502,10486.0098,10319.5400,10342.9404,10524.7998
2022-11-04,10548.1396,10553.6299,10262.9297,10475.2500,10342.9404
2022-11-07,10516.9404,10587.9600,10428.9102,10564.5195,10475.2500
2022-11-08,10611.5303,10745.6396,10472.7305,10616.2002,10564.5195
2022-11-09,10528.4502,10564.9697,10344.0098,10353.1699,10616.2002
2022-11-10,10869.1699,11119.1201,10779.9502,11114.1504,10353.1699
2022-11-11,11124.7500,11352.4297,11069.8301,11323.3301,11114.1504
2022-11-14,11233.9004,11350.1201,11167.1699,11196.2197,11323.3301
2022-11-15,11474.8203,11492.6201,11241.1504,11358.4102,11196.2197
2022-11-16,11260.0996,11286.0996,11162.9199,11183.6602,11358.4102
2022-11-17,11008.6699,11198.8398,11006.2100,11144.9600,11183.6602
2022-11-18,11257.0098,11259.4404,11059.1602,11146.0596,11144.9600
2022-11-21,11091.0098,11128.7803,10999.7500,11024.5098,11146.0596
2022-11-22,11058.5596,11179.8701,10975.6602,11174.4102,11024.5098
2022-11-23,11174.6104,11310.8203,11174.6104,11285.3203,11174.4102
2022-11-25,11231.0000,11261.5703,11206.3799,11226.3604,11285.3203
2022-11-28,11147.5703,11217.7500,11020.6904,11049.5000,11226.3604
2022-11-29,11060.0195,11086.0195,10944.3701,10983.7803,11049.5000
2022-11-30,10995.2002,11468.4697,10966.5303,11468.0000,10983.7803
2022-12-01,11475.1699,11546.7695,11378.7500,11482.4502,11468.0000
2022-12-02,11308.3799,11492.3203,11296.7197,11461.5000,11482.4502
2022-12-05,11380.9902,11425.5098,11193.0195,11239.9404,11461.5000
2022-12-06,11228.4199,11241.4199,10956.2002,11014.8896,11239.9404
2022-12-07,10963.9502,11039.8096,10910.6201,10958.5498,11014.8896
2022-12-08,11011.3301,11119.1602,10939.4697,11082.0000,10958.5498
2022-12-09,11038.1699,11138.7002,10999.2598,11004.6201,11082.0000
2022-12-12,11015.4805,11144.6699,10984.8203,11143.7402,11004.6201
2022-12-13,11542.8398,11571.6396,11160.5400,11256.8096,11143.7402
2022-12-14,11248.0898,11352.0898,11065.2402,11170.8896,11256.8096
2022-12-15,11012.6201,11029.5703,10775.6104,10810.5303,11170.8896
2022-12-16,10767.6299,10833.2402,10642.0996,10705.4102,10810.5303
2022-12-19,10707.4404,10713.9697,10497.5498,10546.0303,10705.4102
2022-12-20,10490.8896,10609.4600,10446.8203,10547.1104,10546.0303
2022-12-21,10592.0000,10753.5703,10569.2002,10709.3701,10547.1104
2022-12-22,10586.4600,10599.3398,10313.3203,10476.1201,10709.3701
2022-12-23,10437.7500,10514.7598,10361.8203,10497.8604,10476.1201
2022-12-27,10462.1904,10472.3203,10340.7305,10353.2305,10497.8604
2022-12-28,10339.2002,10414.8203,10207.4697,10213.2900,10353.2305
2022-12-29,10321.4600,10502.0801,10301.0596,10478.0898,10213.2900
2022-12-30,10368.3701,10468.3096,10324.7002,10466.4805,10478.0898
2023-01-03,10562.0596,10613.0596,10309.1602,10386.9805,10466.4805
2023-01-04,10467.8203,10515.2197,10337.6396,10458.7598,10386.9805
2023-01-05,10390.3096,10393.2197,10295.2500,10305.2402,10458.7598
2023-01-06,10363.9600,10604.1396,10265.0400,10569.2900,10305.2402
2023-01-09,10662.0996,10807.2598,10619.1201,10635.6504,10569.2900
2023-01-10,10607.7197,10743.6699,10589.5898,10742.6299,10635.6504
2023-01-11,10794.9902,10932.4404,10762.7305,10931.6699,10742.6299
2023-01-12,10969.2598,11027.7500,10797.1201,11001.0996,10931.6699
2023-01-13,10906.3701,11084.0098,10900.1602,11079.1602,11001.0996
2023-01-17,11070.0000,11145.4404,11024.7197,11095.1104,11079.1602
2023-01-18,11170.9502,11223.4102,10952.0498,10957.0098,11095.1104
2023-01-19,10890.4004,10932.5195,10804.5703,10852.2695,10957.0098
2023-01-20,10924.6602,11143.1699,10885.6504,11140.4297,10852.2695
2023-01-23,11171.9404,11405.5000,11144.0303,11364.4102,11140.4297
2023-01-24,11302.9297,11378.1504,11282.6504,11334.2695,11364.4102
2023-01-25,11146.5303,11334.2197,11069.1797,11313.3604,11334.2695
2023-01-26,11458.4004,11516.0498,11341.1904,11512.4102,11313.3604
2023-01-27,11470.4697,11691.8896,11470.2695,11621.7100,11512.4102
2023-01-30,11512.3398,11553.3096,11388.5400,11393.8096,11621.7100
2023-01-31,11398.5801,11586.0098,11398.3701,11584.5498,11393.8096
2023-02-01,11573.1396,11904.0195,11500.3301,11816.3203,11584.5498
2023-02-02,12065.1504,12269.5498,12024.1396,12200.8203,11816.3203
2023-02-03,11946.8604,12231.3096,11946.8604,12006.9502,12200.8203
2023-02-06,11904.4102,11973.4102,11843.4902,11887.4502,12006.9502
2023-02-07,11891.2500,12150.2197,11836.7803,12113.7900,11887.4502
2023-02-08,12069.1201,12096.3896,11890.0898,11910.5195,12113.7900
2023-02-09,12069.0996,12070.9600,11745.1104,11789.5801,11910.5195
2023-02-10,11714.5996,11775.7998,11630.5400,11718.1201,11789.5801
2023-02-13,11759.0898,11910.9199,11719.7305,11891.7900,11718.1201
2023-02-14,11808.2002,11999.8496,11760.5596,11960.1504,11891.7900
2023-02-15,11905.1201,12071.2900,11876.8203,12070.5898,11960.1504
2023-02-16,11896.3096,12040.3398,11853.3604,11855.8301,12070.5898
2023-02-17,11777.5000,11803.2197,11673.2100,11787.2695,11855.8301
2023-02-21,11640.3701,11684.1396,11491.1797,11492.2998,11787.2695
2023-02-22,11517.2002,11582.5195,11445.1699,11507.0703,11492.2998
2023-02-23,11636.9297,11638.9805,11432.5801,11590.4004,11507.0703
2023-02-24,11404.1797,11434.3604,11334.4697,11394.9404,11590.4004
2023-02-27,11517.1904,11565.2305,11444.5996,11466.9805,11394.9404
2023-02-28,11451.0498,11548.2305,11435.3896,11455.5400,11466.9805
2023-03-01,11447.5801,11479.0000,11349.8701,11379.4805,11455.5400
2023-03-02,11273.7695,11487.5898,11273.6104,11462.9805,11379.4805
2023-03-03,11524.6504,11699.6299,11514.7402,11689.0098,11462.9805
2023-03-06,11736.8701,11827.9199,11667.4805,11675.7402,11689.0098
2023-03-07,11670.9805,11705.9600,11512.0303,11530.3301,11675.7402
2023-03-08,11553.0898,11601.2305,11487.7500,11576.0000,11530.3301
2023-03-09,11578.3096,11667.1201,11319.9805,11338.3496,11576.0000
2023-03-10,11325.3604,11373.8096,11093.8604,11138.8896,11338.3496
2023-03-13,11041.4600,11326.7305,10982.7998,11188.8398,11138.8896
2023-03-14,11357.7305,11467.0195,11284.9297,11428.1504,11188.8398
2023-03-15,11291.1699,11447.9004,11238.4404,11434.0498,11428.1504
2023-03-16,11384.8701,11733.7998,11365.4902,11717.2803,11434.0498
2023-03-17,11696.3398,11773.1104,11562.6299,11630.5098,11717.2803
2023-03-20,11614.3896,11695.5498,11550.6904,11675.5400,11630.5098
2023-03-21,11764.7900,11879.1602,11724.9102,11860.1104,11675.5400
2023-03-22,11857.5000,12013.9902,11666.8496,11669.9600,11860.1104
2023-03-23,11811.3203,11962.6904,11684.5195,11787.4004,11669.9600
2023-03-24,11747.6201,11826.2305,11670.6699,11823.9600,11787.4004
2023-03-27,11868.5400,11903.2100,11739.0498,11768.8398,11823.9600
2023-03-28,11752.7598,11752.7598,11635.0303,11716.0801,11768.8398
2023-03-29,11855.5898,11941.5996,11823.3496,11926.2402,11716.0801
2023-03-30,12010.4502,12044.7900,11953.3701,12013.4697,11926.2402
2023-03-31,12031.5400,12227.9297,12030.4404,12221.9102,12013.4697
2023-04-03,12146.0898,12196.3398,12086.5195,12189.4502,12221.9102
2023-04-04,12208.4902,12224.6797,12081.8096,12126.3301,12189.4502
2023-04-05,12081.7598,12086.7500,11931.8496,11996.8604,12126.3301
2023-04-06,11939.0801,12098.5000,11898.3604,12087.9600,11996.8604
2023-04-10,11975.1299,12084.9502,11924.2002,12084.3604,12087.9600
2023-04-11,12080.2402,12091.2695,12011.4004,12031.8799,12084.3604
2023-04-12,12110.8701,12134.5000,11916.5400,11929.3398,12031.8799
2023-04-13,11997.4199,12178.7998,11995.9404,12166.2695,11929.3398
2023-04-14,12117.9102,12205.7197,12026.5498,12123.4697,12166.2695
2023-04-17,12108.2305,12159.0195,12064.0996,12157.7197,12123.4697
2023-04-18,12234.5596,12245.4297,12110.2305,12153.4102,12157.7197
2023-04-19,12063.6797,12191.0996,12060.1699,12157.2305,12153.4102
2023-04-20,12039.0801,12155.9600,12011.9502,12059.5596,12157.2305
2023-04-21,12046.0303,12097.1504,11986.8203,12072.4600,12059.5596
2023-04-24,12053.4697,12103.5801,11960.2998,12037.2002,12072.4600
2023-04-25,11968.8096,11990.4600,11798.7695,11799.1602,12037.2002
2023-04-26,11913.2305,11967.9902,11833.0703,11854.3496,11799.1602
2023-04-27,11972.1504,12154.0098,11950.9199,12142.2402,11854.3496
2023-04-28,12117.5400,12227.7197,12082.5703,12226.5801,12142.2402
2023-05-01,12210.0498,12261.3203,12181.0801,12212.5996,12226.5801
2023-05-02,12198.0195,12206.5801,12015.2305,12080.5098,12212.5996
2023-05-03,12097.0400,12212.5498,12022.4600,12025.3301,12080.5098
2023-05-04,11997.3398,12033.1504,11925.3701,11966.4004,12025.3301
2023-05-05,12073.0303,12264.8301,12065.7197,12235.4102,11966.4004
2023-05-08,12231.6797,12264.9902,12178.2598,12256.9199,12235.4102
2023-05-09,12195.7803,12216.1299,12174.0596,12179.5498,12256.9199
2023-05-10,12286.6602,12337.6904,12180.8604,12306.4404,12179.5498
2023-05-11,12321.2598,12347.3799,12255.4404,12328.5098,12306.4404
2023-05-12,12350.5195,12364.6504,12209.5801,12284.7402,12328.5098
2023-05-15,12301.1699,12376.4004,12263.3496,12365.2100,12284.7402
2023-05-16,12327.0498,12403.8096,12324.5195,12343.0498,12365.2100
2023-05-17,12388.5801,12514.0703,12335.0195,12500.5703,12343.0498
2023-05-18,12513.8701,12698.5000,12512.2598,12688.8398,12500.5703
2023-05-19,12709.4600,12731.7305,12624.0596,12657.9004,12688.8398
2023-05-22,12664.4404,12756.2305,12655.2598,12720.7803,12657.9004
2023-05-23,12652.8799,12709.7402,12554.4297,12560.2500,12720.7803
2023-05-24,12481.8896,12529.6299,12415.8496,12484.1602,12560.2500
2023-05-25,12706.4404,12736.9199,12604.8896,12698.0898,12484.1602
2023-05-26,12736.4199,13001.9102,12729.7402,12975.6904,12698.0898
2023-05-30,13109.0996,13154.2900,12968.1201,13017.4297,12975.6904
2023-05-31,12968.3799,13029.0801,12889.3701,12935.2900,13017.4297
2023-06-01,12944.4600,13141.8301,12903.6299,13100.9805,12935.2900
2023-06-02,13190.4805,13256.2100,13125.8604,13240.7695,13100.9805
2023-06-05,13238.4805,13330.6504,13194.9502,13229.4297,13240.7695
2023-06-06,13199.5898,13306.2100,13165.6504,13276.4199,13229.4297
2023-06-07,13295.2598,13361.9004,13089.4805,13104.9004,13276.4199
2023-06-08,13113.2695,13248.5996,13101.1797,13238.5195,13104.9004
2023-06-09,13312.3896,13385.9502,13229.3301,13259.1396,13238.5195
2023-06-12,13326.3701,13465.9102,13302.5801,13461.9199,13259.1396
2023-06-13,13566.5303,13594.4004,13473.1904,13573.3203,13461.9199
2023-06-14,13570.5596,13661.7402,13455.9902,13626.4805,13573.3203
2023-06-15,13572.8799,13828.1699,13561.3701,13782.8203,13626.4805
2023-06-16,13859.0703,13864.0596,13680.9502,13689.5703,13782.8203
2023-06-20,13642.2900,13711.1797,13561.8398,13667.2900,13689.5703
2023-06-21,13620.8701,13638.5703,13460.9404,13502.2002,13667.2900
2023-06-22,13443.4102,13631.8496,13441.5596,13630.6104,13502.2002
2023-06-23,13484.0996,13572.1904,13442.6504,13492.5195,13630.6104
2023-06-26,13468.7402,13573.5703,13334.4199,13335.7803,13492.5195
2023-06-27,13389.2500,13578.7998,13366.9697,13555.6699,13335.7803
2023-06-28,13506.0195,13654.1396,13495.7305,13591.7500,13555.6699
2023-06-29,13592.3604,13618.5303,13540.2598,13591.3301,13591.7500
2023-06-30,13719.9805,13816.6797,13716.1602,13787.9199,13591.3301
2023-07-03,13798.7002,13839.0898,13773.4102,13816.7695,13787.9199
2023-07-05,13772.0996,13844.5000,13764.2500,13791.6504,13816.7695
2023-07-06,13653.1699,13689.5195,13567.2500,13679.0400,13791.6504
2023-07-07,13668.0703,13804.5098,13656.7305,13660.7197,13679.0400
2023-07-10,13645.3701,13692.4102,13584.8701,13685.4805,13660.7197
2023-07-11,13709.8096,13774.8301,13643.3203,13760.7002,13685.4805
2023-07-12,13915.6396,13963.4502,13842.1299,13918.9600,13760.7002
2023-07-13,14021.1504,14163.7998,14012.2402,14138.5703,13918.9600
2023-07-14,14166.6602,14232.1104,14081.9600,14113.7002,14138.5703
2023-07-17,14149.9199,14274.4102,14138.0098,14244.9502,14113.7002
2023-07-18,14212.2500,14396.6904,14176.1104,14353.6396,14244.9502
2023-07-19,14398.5303,14446.5498,14317.0898,14358.0195,14353.6396
2023-07-20,14273.2900,14309.9199,14030.6201,14063.3096,14358.0195
2023-07-21,14148.1797,14179.0098,14020.4502,14032.8096,14063.3096
2023-07-24,14081.6299,14110.1504,13997.1299,14058.8701,14032.8096
2023-07-25,14093.2402,14201.9102,14092.5195,14144.5596,14058.8701
2023-07-26,14123.5195,14187.3496,14041.9502,14127.2803,14144.5596
2023-07-27,14319.1602,14360.2002,14006.9297,14050.1104,14127.2803
2023-07-28,14199.8301,14344.3496,14188.0996,14316.6602,14050.1104
2023-07-31,14337.9004,14370.9102,14292.7500,14346.0195,14316.6602
2023-08-01,14274.9297,14309.2100,14215.6396,14283.9102,14346.0195
2023-08-02,14132.7305,14133.8496,13914.8096,13973.4502,14283.9102
2023-08-03,13899.7598,14032.2803,13881.3496,13959.7197,13973.4502
2023-08-04,14025.9600,14119.2197,13897.9297,13909.2402,13959.7197
2023-08-07,13972.4502,13997.1504,13864.9199,13994.4004,13909.2402
2023-08-08,13875.4502,13899.7402,13769.3398,13884.3203,13994.4004
2023-08-09,13897.6104,13898.5400,13698.3896,13722.0195,13884.3203
2023-08-10,13818.2500,13947.1602,13686.5098,13737.9902,13722.0195
2023-08-11,13633.6504,13720.3301,13609.9805,13644.8496,13737.9902
2023-08-14,13599.0000,13789.1602,13582.4902,13788.3301,13644.8496
2023-08-15,13760.4805,13774.9805,13611.9404,13631.0498,13788.3301
2023-08-16,13593.1699,13644.3203,13473.0303,13474.6299,13631.0498
2023-08-17,13527.2998,13535.0898,13303.4502,13316.9297,13474.6299
2023-08-18,13190.0195,13335.8701,13161.7598,13290.7803,13316.9297
2023-08-21,13347.2598,13516.8604,13325.5898,13497.5898,13290.7803
2023-08-22,13593.9502,13598.7695,13484.3799,13505.8701,13497.5898
2023-08-23,13532.4297,13757.0000,13532.4297,13721.0303,13505.8701
2023-08-24,13834.3096,13834.6904,13462.8398,13463.9697,13721.0303
2023-08-25,13514.3701,13633.4199,13376.3496,13590.6504,13463.9697
2023-08-28,13695.3604,13735.9805,13626.6396,13705.1299,13590.6504
2023-08-29,13687.2305,13959.8096,13677.0596,13943.7598,13705.1299
2023-08-30,13961.7695,14050.8203,13924.2002,14019.3096,13943.7598
2023-08-31,14041.5400,14114.6699,14010.4805,14034.9697,14019.3096
2023-09-01,14129.9600,14149.6201,13982.4199,14031.8096,14034.9697
2023-09-05,13994.5400,14060.8496,13945.6504,14020.9502,14031.8096
2023-09-06,13988.8096,14001.9502,13802.4199,13872.4697,14020.9502
2023-09-07,13675.1104,13774.6299,13642.4697,13748.8301,13872.4697
2023-09-08,13754.7100,13843.3701,13733.1797,13761.5303,13748.8301
2023-09-11,13884.0303,13937.4697,13805.1299,13917.8896,13761.5303
2023-09-12,13858.9404,13913.5996,13763.6904,13773.6104,13917.8896
2023-09-13,13773.6699,13868.5703,13733.8203,13813.5898,13773.6104
2023-09-14,13889.7598,13957.5703,13810.6602,13926.0498,13813.5898
2023-09-15,13889.2002,13895.7500,13684.2402,13708.3301,13926.0498
2023-09-18,13669.9600,13751.2803,13663.4600,13710.2402,13708.3301
2023-09-19,13649.4404,13705.1504,13578.8701,13678.1904,13710.2402
2023-09-20,13710.2598,13727.8096,13467.2803,13469.1299,13678.1904
2023-09-21,13328.0596,13362.2305,13222.5596,13223.9805,13469.1299
2023-09-22,13287.1699,13353.2197,13200.6396,13211.8096,13223.9805
2023-09-25,13172.5400,13277.8301,13132.0000,13271.3203,13211.8096
2023-09-26,13180.9600,13199.1299,13033.4004,13063.6104,13271.3203
2023-09-27,13115.3604,13156.3701,12963.1602,13092.8496,13063.6104
2023-09-28,13043.3701,13270.9697,13025.1104,13201.2803,13092.8496
2023-09-29,13337.7100,13382.9805,13177.0898,13219.3203,13201.2803
2023-10-02,13217.9805,13364.0303,13204.0801,13307.7695,13219.3203
2023-10-03,13229.6797,13280.0400,13008.5996,13059.4697,13307.7695
2023-10-04,13092.9199,13258.7598,13072.5098,13236.0098,13059.4697
2023-10-05,13228.1201,13251.1797,13087.5703,13219.8301,13236.0098
2023-10-06,13127.6797,13472.2695,13099.0303,13431.3398,13219.8301
2023-10-09,13326.2197,13509.2998,13277.4805,13484.2402,13431.3398
2023-10-10,13505.8096,13659.6299,13491.8096,13562.8398,13484.2402
2023-10-11,13619.2100,13671.1104,13549.2900,13659.6797,13562.8398
2023-10-12,13672.4697,13714.1396,13491.5596,13574.2197,13659.6797
2023-10-13,13613.5898,13619.5400,13361.8496,13407.2305,13574.2197
2023-10-16,13453.8096,13598.0498,13447.1699,13567.9805,13407.2305
2023-10-17,13419.8701,13602.2500,13364.7402,13533.7500,13567.9805
2023-10-18,13439.6797,13499.7402,13275.2998,13314.2998,13533.7500
2023-10-19,13354.7998,13404.7305,13157.3301,13186.1797,13314.2998
2023-10-20,13157.7695,13177.3496,12977.4297,12983.8096,13186.1797
2023-10-23,12930.8496,13143.2197,12848.8301,13018.3301,12983.8096
2023-10-24,13084.9902,13170.3896,13022.8496,13139.8701,13018.3301
2023-10-25,13039.8604,13042.5195,12804.2998,12821.2197,13139.8701
2023-10-26,12768.9697,12818.1396,12543.8604,12595.6104,12821.2197
2023-10-27,12718.6904,12772.4297,12600.5703,12643.0098,12595.6104
2023-10-30,12750.4697,12842.9600,12691.5596,12789.4805,12643.0098
2023-10-31,12786.6201,12859.4004,12697.0400,12851.2402,12789.4805
2023-11-01,12887.0596,13072.4199,12875.2002,13061.4697,12851.2402
2023-11-02,13230.4902,13302.1797,13177.6396,13294.1904,13061.4697
2023-11-03,13362.8496,13520.2803,13344.7305,13478.2803,13294.1904
2023-11-06,13514.0801,13551.6201,13435.9902,13518.7803,13478.2803
2023-11-07,13555.7900,13675.4600,13516.5596,13639.8604,13518.7803
2023-11-08,13660.2197,13684.8701,13573.5801,13650.4102,13639.8604
2023-11-09,13693.7002,13697.8203,13506.0195,13521.4502,13650.4102
2023-11-10,13571.1904,13802.5303,13556.3496,13798.1104,13521.4502
2023-11-13,13745.9600,13805.1104,13687.7803,13767.7402,13798.1104
2023-11-14,14015.3701,14124.0596,14003.1396,14094.3799,13767.7402
2023-11-15,14147.2695,14194.3604,14060.7002,14103.8398,14094.3799
2023-11-16,14066.8799,14130.4502,14033.7900,14113.6699,14103.8398
2023-11-17,14101.4404,14154.3203,14063.9297,14125.4805,14113.6699
2023-11-20,14134.7500,14309.7998,14134.2002,14284.5303,14125.4805
2023-11-21,14217.2305,14237.5000,14146.3096,14199.9805,14284.5303
2023-11-22,14283.8203,14359.6104,14226.6299,14265.8604,14199.9805
2023-11-24,14238.0400,14270.2803,14214.1299,14250.8496,14265.8604
2023-11-27,14239.3096,14305.7100,14205.2402,14241.0195,14250.8496
2023-11-28,14224.6299,14303.6602,14195.7197,14281.7598,14241.0195
2023-11-29,14367.1104,14423.2197,14247.8896,14258.4902,14281.7598
2023-11-30,14265.0498,14289.2002,14127.0498,14226.2197,14258.4902
2023-12-01,14181.3496,14311.9502,14135.0000,14305.0303,14226.2197
2023-12-04,14168.6602,14197.5195,14058.5195,14185.4902,14305.0303
2023-12-05,14126.4004,14285.6602,14121.7598,14229.9102,14185.4902
2023-12-06,14325.6201,14327.6299,14138.5098,14146.7100,14229.9102
2023-12-07,14230.4297,14353.1104,14220.8701,14339.9902,14146.7100
2023-12-08,14279.4600,14416.9199,14264.9600,14403.9697,14339.9902
2023-12-11,14340.1299,14436.0801,14324.5703,14432.4902,14403.9697
2023-12-12,14423.0098,14533.4004,14385.3896,14533.4004,14432.4902
2023-12-13,14555.6797,14743.5498,14517.5195,14733.9600,14533.4004
2023-12-14,14798.7197,14855.6201,14642.2305,14761.5596,14733.9600
2023-12-15,14797.4600,14848.4004,14753.1602,14813.9199,14761.5596
2023-12-18,14814.0195,14938.0400,14811.8203,14904.8096,14813.9199
2023-12-19,14923.0195,15003.7998,14921.5996,15003.2197,14904.8096
2023-12-20,14973.3604,15069.2900,14776.2900,14777.9404,15003.2197
2023-12-21,14923.1396,14970.8096,14837.4697,14963.8701,14777.9404
2023-12-22,15006.1797,15047.1904,14927.1201,14992.9697,14963.8701
2023-12-26,15028.6904,15101.1797,15024.0596,15074.5703,14992.9697
2023-12-27,15089.6602,15114.0801,15051.6699,15099.1797,15074.5703
2023-12-28,15142.0898,15150.0703,15087.2197,15095.1396,15099.1797
2023-12-29,15099.2002,15111.4102,14955.3701,15011.3496,15095.1396
2024-01-02,14873.7002,14887.7998,14682.3799,14765.9404,15011.3496
2024-01-03,14641.4697,14694.5801,14577.4404,14592.2100,14765.9404
2024-01-04,14532.2305,14632.7695,14504.7803,14510.2998,14592.2100
2024-01-05,14500.1104,14625.1904,14477.5703,14524.0703,14510.2998
2024-01-08,14564.4697,14846.9004,14560.2002,14843.7695,14524.0703
2024-01-09,14744.1299,14894.3203,14716.7100,14857.7100,14843.7695
2024-01-10,14877.7002,14998.2002,14842.7002,14969.6504,14857.7100
2024-01-11,15020.9502,15063.6104,14800.3799,14970.1904,14969.6504
2024-01-12,15001.0098,15047.2500,14931.8799,14972.7598,14970.1904
2024-01-16,14908.2598,15004.3496,14863.8096,14944.3496,14972.7598
2024-01-17,14814.7695,14865.7598,14706.2305,14855.6201,14944.3496
2024-01-18,14994.5195,15066.8096,14911.1104,15055.6504,14855.6201
2024-01-19,15122.3799,15310.9697,15087.2002,15310.9697,15055.6504
2024-01-22,15393.0498,15438.8496,15333.6299,15360.2900,15310.9697
2024-01-23,15391.4102,15432.3496,15337.2305,15425.9404,15360.2900
2024-01-24,15560.6104,15629.0703,15468.9102,15481.9199,15425.9404
2024-01-25,15555.6201,15597.2500,15430.6797,15510.5000,15481.9199
2024-01-26,15474.8496,15538.8398,15433.0400,15455.3604,15510.5000
2024-01-29,15470.6602,15630.5801,15449.8701,15628.0400,15455.3604
2024-01-30,15604.0801,15619.2305,15484.6699,15509.9004,15628.0400
2024-01-31,15324.1904,15405.5596,15158.4902,15164.0098,15509.9004
2024-02-01,15254.0195,15372.1299,15208.8799,15361.6396,15164.0098
2024-02-02,15403.1602,15664.2100,15366.7803,15628.9502,15361.6396
2024-02-05,15613.9902,15637.8799,15471.6797,15597.6797,15628.9502
2024-02-06,15638.1904,15652.7500,15515.2500,15609.0000,15597.6797
2024-02-07,15690.3496,15770.6797,15645.8096,15756.6396,15609.0000
2024-02-08,15762.2305,15813.2695,15739.1797,15793.7100,15756.6396
2024-02-09,15842.3799,16007.2900,15831.7598,15990.6602,15793.7100
2024-02-12,15980.6201,16080.0703,15917.8701,15942.5498,15990.6602
2024-02-13,15598.8799,15770.4199,15551.4404,15655.5996,15942.5498
2024-02-14,15781.7100,15865.5098,15683.9404,15859.1504,15655.5996
2024-02-15,15865.2998,15911.2197,15779.7197,15906.1699,15859.1504
2024-02-16,15910.4297,15917.4102,15752.0195,15775.6504,15906.1699
2024-02-20,15679.8398,15730.4697,15508.5000,15630.7803,15775.6504
2024-02-21,15532.1201,15583.6797,15451.6504,15580.8701,15630.7803
2024-02-22,15904.4805,16061.8203,15869.2402,16041.6201,15580.8701
2024-02-23,16094.7998,16134.2197,15954.5000,15996.8203,16041.6201
2024-02-26,16014.4502,16054.9004,15973.9004,15976.2500,15996.8203
2024-02-27,16013.9805,16046.0996,15940.5098,16035.2998,15976.2500
2024-02-28,15969.1396,16003.5596,15924.7197,15947.7402,16035.2998
2024-02-29,16059.3398,16115.9600,15931.7002,16091.9199,15947.7402
2024-03-01,16109.8301,16302.2402,16096.5996,16274.9404,16091.9199
2024-03-04,16264.2100,16289.0596,16199.0596,16207.5098,16274.9404
2024-03-05,16077.7402,16087.5703,15862.6299,15939.5898,16207.5098
2024-03-06,16092.0000,16128.5596,15956.6602,16031.5400,15939.5898
2024-03-07,16147.3203,16309.0195,16096.0098,16273.3799,16031.5400
2024-03-08,16322.0996,16449.6992,16059.5000,16085.1104,16273.3799
2024-03-11,16052.6299,16085.9502,15978.0400,16019.2695,16085.1104
2024-03-12,16116.9805,16275.4502,15992.9805,16265.6396,16019.2695
2024-03-13,16220.1104,16233.2998,16143.3398,16177.7695,16265.6396
2024-03-14,16209.1904,16245.3203,16039.6797,16128.5303,16177.7695
2024-03-15,16043.5801,16055.3301,15925.9102,15973.1699,16128.5303
2024-03-18,16154.9199,16247.5898,16094.1699,16103.4502,15973.1699
2024-03-19,16031.9297,16175.5898,15951.8604,16166.7900,16103.4502
2024-03-20,16185.7598,16377.4404,16127.4805,16369.4102,16166.7900
2024-03-21,16517.2402,16538.8594,16393.9004,16401.8398,16369.4102
2024-03-22,16387.8301,16467.6191,16361.0000,16428.8203,16401.8398
2024-03-25,16335.2998,16441.1699,16315.7197,16384.4707,16428.8203
2024-03-26,16446.8496,16476.3809,16312.9502,16315.7002,16384.4707
2024-03-27,16424.7598,16431.8203,16279.1699,16399.5195,16315.7002
2024-03-28,16377.2305,16420.9199,16347.3799,16379.4600,16399.5195
2024-04-01,16397.0508,16490.6504,16327.8896,16396.8301,16379.4600
2024-04-02,16199.2402,16251.4102,16137.2402,16240.4502,16396.8301
2024-04-03,16178.7998,16340.7402,16169.3096,16277.4600,16240.4502
2024-04-04,16418.5703,16468.0391,16046.5596,16049.0801,16277.4600
2024-04-05,16095.4004,16326.5000,16080.4805,16248.5195,16049.0801
2024-04-08,16285.1797,16323.5996,16220.7197,16253.9600,16248.5195
2024-04-09,16328.7598,16348.1797,16141.1504,16306.6396,16253.9600
2024-04-10,16104.0098,16200.0996,16092.0195,16170.3604,16306.6396
2024-04-11,16236.2002,16464.5996,16154.6504,16442.1992,16170.3604
2024-04-12,16293.0303,16341.4600,16125.3301,16175.0898,16442.1992
2024-04-15,16276.4697,16295.2695,15863.8799,15885.0195,16175.0898
2024-04-16,15856.3799,15965.7900,15822.0195,15865.2500,15885.0195
2024-04-17,15942.2900,15957.0303,15654.5098,15683.3701,15865.2500
2024-04-18,15705.6904,15786.1201,15587.5000,15601.5000,15683.3701
2024-04-19,15547.0996,15576.7002,15222.7803,15282.0098,15601.5000
2024-04-22,15396.1299,15539.0000,15265.6602,15451.3096,15282.0098
2024-04-23,15525.5498,15730.3496,15510.5898,15696.6396,15451.3096
2024-04-24,15805.5996,15839.0000,15634.4404,15712.7500,15696.6396
2024-04-25,15375.2598,15644.5098,15343.9102,15611.7598,15712.7500
2024-04-26,15821.3398,15981.0000,15770.7197,15927.9004,15611.7598
2024-04-29,16007.0000,16021.4902,15885.8896,15983.0801,15927.9004
2024-04-30,15920.8896,15979.3604,15655.6699,15657.8203,15983.0801
2024-05-01,15646.0898,15926.2197,15557.6396,15605.4805,15657.8203
2024-05-02,15758.1104,15862.7900,15604.7305,15840.9600,15605.4805
2024-05-03,16147.4805,16204.7100,16068.3398,16156.3301,15840.9600
2024-05-06,16208.5400,16350.0801,16197.8604,16349.2500,16156.3301
2024-05-07,16358.3398,16397.3906,16303.8398,16332.5596,16349.2500
2024-05-08,16226.0703,16341.6504,16226.0703,16302.7598,16332.5596
2024-05-09,16323.7402,16362.7900,16241.9805,16346.2598,16302.7598
2024-05-10,16389.0195,16437.3906,16293.5195,16340.8701,16346.2598
2024-05-13,16400.3105,16407.0508,16334.8604,16388.2402,16340.8701
2024-05-14,16391.1602,16526.2695,16386.4297,16511.1797,16388.2402
2024-05-15,16601.1406,16749.7402,16544.0898,16742.3906,16511.1797
2024-05-16,16738.1094,16797.8301,16693.4492,16698.3203,16742.3906
2024-05-17,16708.4902,16726.4102,16613.8398,16685.9707,16698.3203
2024-05-20,16702.0195,16823.8301,16695.6895,16794.8691,16685.9707
2024-05-21,16736.0996,16839.0195,16719.9707,16832.6191,16794.8691
2024-05-22,16839.0195,16855.2695,16712.0898,16801.5391,16832.6191
2024-05-23,16996.3906,16996.3906,16678.3691,16736.0293,16801.5391
2024-05-24,16786.7891,16947.8008,16771.5801,16920.7891,16736.0293
2024-05-28,16988.3105,17032.6602,16917.5098,17019.8809,16920.7891
2024-05-29,16879.3496,16989.5996,16873.9707,16920.5801,17019.8809
2024-05-30,16878.6309,16900.4609,16690.3594,16737.0801,16920.5801
2024-05-31,16771.9004,16789.2695,16445.5391,16735.0195,16737.0801
2024-06-03,16865.6992,16909.8906,16646.4297,16828.6699,16735.0195
2024-06-04,16823.8809,16891.8691,16750.3906,16857.0508,16828.6699
2024-06-05,16974.4805,17187.9199,16955.5605,17187.9004,16857.0508
2024-06-06,17204.8691,17235.7305,17123.5898,17173.1191,17187.9004
2024-06-07,17124.1406,17229.3105,17090.0391,17133.1309,17173.1191
2024-06-10,17083.4492,17213.4492,17057.3398,17192.5293,17133.1309
2024-06-11,17160.4199,17345.0508,17107.9902,17343.5508,17192.5293
2024-06-12,17502.1504,17725.3906,17490.6406,17608.4395,17343.5508
2024-06-13,17715.2695,17741.8008,17566.3203,17667.5605,17608.4395
2024-06-14,17621.1797,17693.4297,17590.8008,17688.8809,17667.5605
2024-06-17,17697.3008,17935.9902,17636.3594,17857.0195,17688.8809
2024-06-18,17856.7598,17890.5195,17796.8809,17862.2305,17857.0195
2024-06-20,17913.9395,17936.7891,17650.6895,17721.5898,17862.2305
2024-06-21,17681.0098,17787.3398,17620.5703,17689.3594,17721.5898
2024-06-24,17640.2598,17730.1191,17494.0195,17496.8203,17689.3594
2024-06-25,17572.1602,17734.3398,17546.6309,17717.6504,17496.8203
2024-06-26,17697.2695,17813.5508,17687.0703,17805.1602,17717.6504
2024-06-27,17793.9492,17892.7793,17765.4199,17858.6797,17805.1602
2024-06-28,17891.0996,18035.0000,17723.8301,17732.5996,17858.6797
2024-07-01,17773.9004,17894.2793,17657.6406,17879.3008,17732.5996
2024-07-02,17808.0391,18031.2891,17802.2402,18028.7598,17879.3008
2024-07-03,18016.1191,18188.3008,18016.1191,18188.3008,18028.7598
2024-07-05,18200.5996,18366.3105,18197.1406,18352.7598,18188.3008
2024-07-08,18371.8594,18416.9395,18342.5996,18403.7402,18352.7598
2024-07-09,18465.0195,18511.8906,18381.5996,18429.2891,18403.7402
2024-07-10,18512.0898,18655.1895,18467.5801,18647.4492,18429.2891
2024-07-11,18659.2500,18671.0703,18238.7793,18283.4102,18647.4492
2024-07-12,18303.6406,18556.7305,18293.5996,18398.4492,18283.4102
2024-07-15,18485.9102,18641.5293,18397.8301,18472.5703,18398.4492
2024-07-16,18534.2695,18576.8301,18386.0703,18509.3398,18472.5703
2024-07-17,18188.1895,18223.2402,17972.8691,17996.9199,18509.3398
2024-07-18,18119.1504,18130.8691,17759.5391,17871.2207,17996.9199
2024-07-19,17835.5898,17935.1406,17691.4297,17726.9395,17871.2207
2024-07-22,17923.6504,18040.9902,17839.7598,18007.5703,17726.9395
2024-07-23,17982.7402,18128.3809,17968.0996,17997.3496,18007.5703
2024-07-24,17733.9102,17747.0605,17313.5195,17342.4102,17997.3496
2024-07-25,17352.6406,17544.4609,17033.9609,17181.7207,17342.4102
2024-07-26,17331.9492,17454.5703,17239.9902,17357.8809,17181.7207
2024-07-29,17444.3906,17535.3203,17299.8301,17370.1992,17357.8809
2024-07-30,17424.0996,17468.5605,17015.3809,17147.4199,17370.1992
2024-07-31,17499.2305,17693.9805,17438.5996,17599.4004,17147.4199
2024-08-01,17647.0293,17791.5801,17051.4199,17194.1504,17599.4004
2024-08-02,16780.4492,16920.6309,16582.7891,16776.1602,17194.1504
2024-08-05,15712.5303,16453.4609,15708.5400,16200.0801,16776.1602
2024-08-06,16261.3604,16620.3105,16137.6504,16366.8496,16200.0801
2024-08-07,16622.3105,16709.8105,16179.5303,16195.8096,16366.8496
2024-08-08,16408.2695,16694.2500,16262.9297,16660.0195,16195.8096
2024-08-09,16636.5195,16789.2207,16574.5703,16745.3008,16660.0195
2024-08-12,16793.6406,16895.7891,16699.3906,16780.6094,16745.3008
2024-08-13,16944.7402,17192.7891,16943.9492,17187.6094,16780.6094
2024-08-14,17227.6406,17260.7305,17032.1699,17192.5996,17187.6094
2024-08-15,17394.5391,17602.7207,17375.4102,17594.5000,17192.5996
2024-08-16,17516.4004,17674.6504,17502.8301,17631.7207,17594.5000
2024-08-19,17649.7402,17877.4395,17585.5801,17876.7695,17631.7207
2024-08-20,17849.0898,17932.5293,17758.1992,17816.9395,17876.7695
2024-08-21,17840.5098,17963.0703,17790.9805,17918.9902,17816.9395
2024-08-22,17993.7207,18017.6895,17589.1504,17619.3496,17918.9902
2024-08-23,17772.7305,17941.2695,17700.2695,17877.7891,17619.3496
2024-08-26,17867.8496,17909.0898,17645.6895,17725.7695,17877.7891
2024-08-27,17655.5195,17789.7207,17573.3691,17754.8203,17725.7695
2024-08-28,17738.8008,17759.9395,17439.4004,17556.0293,17754.8203
2024-08-29,17610.5703,17789.2109,17482.5996,17516.4297,17556.0293
2024-08-30,17650.4902,17720.3809,17498.7891,17713.6191,17516.4297
2024-09-03,17585.4492,17585.4492,17057.7891,17136.3008,17713.6191
2024-09-04,17015.7109,17232.6504,16984.6699,17084.3008,17136.3008
2024-09-05,17063.2402,17295.5801,17035.0703,17127.6602,17084.3008
2024-09-06,17137.6191,17166.5391,16668.5703,16690.8301,17127.6602
2024-09-09,16835.6699,16923.2793,16732.8398,16884.5996,16690.8301
2024-09-10,16949.6406,17036.0703,16801.1309,17025.8809,16884.5996
2024-09-11,17061.4102,17420.2305,16787.8398,17395.5293,17025.8809
2024-09-12,17413.8906,17605.7207,17338.3203,17569.6797,17395.5293
2024-09-13,17575.2598,17719.1406,17564.6094,17683.9805,17569.6797
2024-09-16,17573.6992,17618.4004,17480.6602,17592.1309,17683.9805
2024-09-17,17707.0195,17781.7402,17544.6406,17628.0605,17592.1309
2024-09-18,17663.3809,17832.6992,17556.4297,17573.3008,17628.0605
2024-09-19,17980.8906,18099.9297,17909.7500,18013.9805,17573.3008
2024-09-20,17999.3496,18024.3398,17835.6406,17948.3203,18013.9805
2024-09-23,17994.9102,18021.5801,17936.3691,17974.2695,17948.3203
2024-09-24,18046.4395,18091.9609,17863.3809,18074.5195,17974.2695
2024-09-25,18050.3594,18155.0391,18040.6191,18082.2109,18074.5195
2024-09-26,18327.3398,18327.3398,18071.7402,18190.2891,18082.2109
2024-09-27,18228.7793,18238.2793,18069.1797,18119.5898,18190.2891
2024-09-30,18069.8301,18198.1602,17997.5605,18189.1699,18119.5898
2024-10-01,18154.9395,18162.7207,17779.7695,17910.3594,18189.1699
2024-10-02,17867.1191,17978.5801,17767.7891,17925.1191,17910.3594
2024-10-03,17859.4902,18011.2500,17826.4199,17918.4805,17925.1191
2024-10-04,18130.4199,18145.2793,17952.3008,18137.8496,17918.4805
2024-10-07,18080.1191,18096.3301,17900.0391,17923.9004,18137.8496
2024-10-08,18017.9297,18203.0391,17989.6992,18182.9199,17923.9004
2024-10-09,18179.2207,18302.0508,18133.0195,18291.6191,18182.9199
2024-10-10,18200.6191,18333.3906,18154.1797,18282.0508,18291.6191
2024-10-11,18217.7305,18375.5293,18208.4395,18342.9395,18282.0508
2024-10-14,18426.6602,18547.9199,18423.5996,18502.6895,18342.9395
2024-10-15,18515.9707,18564.2500,18252.5195,18315.5898,18502.6895
2024-10-16,18333.2891,18383.1094,18214.9609,18367.0801,18315.5898
2024-10-17,18537.2109,18541.4609,18368.7891,18373.6094,18367.0801
2024-10-18,18466.0098,18524.3301,18452.5801,18489.5508,18373.6094
2024-10-21,18456.4805,18543.5801,18377.6309,18540.0098,18489.5508
2024-10-22,18451.8594,18620.7109,18413.4707,18579.7695,18540.0098
2024-10-23,18502.0605,18509.1895,18146.6094,18276.6504,18579.7695
2024-10-24,18384.1602,18435.3691,18305.4199,18415.4902,18276.6504
2024-10-25,18512.5801,18690.0098,18487.0605,18518.6094,18415.4902
2024-10-28,18648.2500,18671.0098,18563.0195,18567.1895,18518.6094
2024-10-29,18576.0898,18753.1895,18509.5898,18712.7500,18567.1895
2024-10-30,18731.6895,18785.5000,18598.2402,18607.9297,18712.7500
2024-10-31,18427.3105,18427.3105,18083.9492,18095.1504,18607.9297
2024-11-01,18189.6699,18363.9395,18181.5293,18239.9199,18095.1504
2024-11-04,18220.4297,18308.3008,18112.8301,18179.9805,18239.9199
2024-11-05,18250.7109,18449.6797,18250.7109,18439.1699,18179.9805
2024-11-06,18772.7598,19000.5000,18730.2109,18983.4707,18439.1699
2024-11-07,19084.4297,19301.6992,19084.4297,19269.4609,18983.4707
2024-11-08,19255.1406,19318.5605,19224.4297,19286.7793,19269.4609
2024-11-11,19355.3398,19366.0703,19193.2891,19298.7598,19286.7793
2024-11-12,19289.8105,19343.0508,19168.5195,19281.4004,19298.7598
2024-11-13,19286.4609,19358.4805,19191.1309,19230.7207,19281.4004
2024-11-14,19256.0898,19275.8008,19073.3906,19107.6504,19230.7207
2024-11-15,18929.9199,18936.7500,18598.8691,18680.1191,19107.6504
2024-11-18,18717.9297,18865.2793,18672.3008,18791.8105,18680.1191
2024-11-19,18699.7109,18992.0801,18689.8301,18987.4707,18791.8105
2024-11-20,18971.3105,18974.9102,18724.3906,18966.1406,18987.4707
2024-11-21,19072.7793,19110.8906,18714.0605,18972.4199,18966.1406
2024-11-22,18966.3203,19025.7695,18899.4805,19003.6504,18972.4199
2024-11-25,19140.5898,19208.6797,18969.3496,19054.8398,19003.6504
2024-11-26,19109.0801,19184.4004,19100.7305,19174.3008,19054.8398
2024-11-27,19132.9902,19133.1094,18937.1992,19060.4805,19174.3008
2024-11-29,19087.4707,19245.4902,19066.5195,19218.1699,19060.4805
2024-12-02,19255.4297,19436.9199,19255.4297,19403.9492,19218.1699
2024-12-03,19364.3398,19486.1504,19340.4102,19480.9102,19403.9492
2024-12-04,19587.4805,19741.7598,19575.4004,19735.1191,19480.9102
2024-12-05,19756.4004,19790.0293,19688.5898,19700.2598,19735.1191
2024-12-06,19743.9609,19863.1504,19734.4199,19859.7695,19700.2598
2024-12-09,19824.0898,19872.7891,19698.0508,19736.6895,19859.7695
2024-12-10,19796.3906,19887.0801,19641.3398,19687.2402,19736.6895
2024-12-11,19832.9609,20055.9297,19830.6406,20034.8906,19687.2402
2024-12-12,19947.3398,20018.2402,19897.3809,19902.8398,20034.8906
2024-12-13,19995.1797,20061.6504,19817.4707,19926.7207,19902.8398
2024-12-16,20016.1191,20204.5801,19988.1191,20173.8906,19926.7207
2024-12-17,20095.6191,20148.8301,20004.7305,20109.0605,20173.8906
2024-12-18,20114.9805,20179.7695,19336.5898,19392.6895,20109.0605
2024-12-19,19565.6602,19623.0195,19357.7598,19372.7695,19392.6895
2024-12-20,19190.0391,19758.6094,19168.3809,19572.5996,19372.7695
2024-12-23,19641.0508,19772.0996,19504.6797,19764.8809,19572.5996
2024-12-24,19818.4805,20031.1309,19813.7598,20031.1309,19764.8809
2024-12-26,19979.2500,20070.0801,19888.1094,20020.3594,20031.1309
2024-12-27,19896.7695,19904.7695,19553.4004,19722.0293,20020.3594
2024-12-30,19460.4102,19622.9297,19342.5098,19486.7891,19722.0293
2024-12-31,19551.3594,19563.7207,19283.4102,19310.7891,19486.7891
2025-01-02,19403.9004,19517.8691,19117.5898,19280.7891,19310.7891
2025-01-03,19395.5098,19638.6602,19379.5703,19621.6797,19280.7891
2025-01-06,19851.9902,20007.9492,19785.0000,19864.9805,19621.6797
2025-01-07,19938.0801,19940.2109,19421.0195,19489.6797,19864.9805
2025-01-08,19469.3691,19544.5098,19308.5391,19478.8809,19489.6797
2025-01-10,19312.2598,19315.1094,19018.7500,19161.6309,19478.8809
2025-01-13,18903.6602,19099.9707,18831.9102,19088.0996,19161.6309
2025-01-14,19207.7500,19273.1406,18926.5996,19044.3906,19088.0996
2025-01-15,19350.3105,19548.9004,19299.3203,19511.2305,19044.3906
2025-01-16,19573.8691,19579.8496,19335.6797,19338.2891,19511.2305
2025-01-17,19655.5508,19709.6406,19543.3203,19630.1992,19338.2891
2025-01-21,19734.3906,19789.6309,19551.1699,19756.7793,19630.1992
2025-01-22,19903.0508,20068.5195,19903.0508,20009.3398,19756.7793
2025-01-23,19906.9902,20053.6797,19892.5508,20053.6797,20009.3398
2025-01-24,20087.1094,20118.6094,19897.1309,19954.3008,20053.6797
2025-01-27,19234.0391,19514.3496,19204.9492,19341.8301,19954.3008
2025-01-28,19418.2207,19759.4297,19294.6191,19733.5898,19341.8301
2025-01-29,19695.6797,19699.8203,19479.5098,19632.3203,19733.5898
2025-01-30,19697.5293,19785.7891,19483.8301,19681.7500,19632.3203
2025-01-31,19832.3301,19969.1699,19575.2109,19627.4395,19681.7500
2025-02-03,19215.3809,19502.1309,19141.1504,19391.9609,19627.4395
2025-02-04,19422.1699,19666.4395,19408.1797,19654.0195,19391.9609
2025-02-05,19533.0508,19696.9395,19498.9004,19692.3301,19654.0195
2025-02-06,19725.8301,19793.3594,19654.1094,19791.9902,19692.3301
2025-02-07,19774.8691,19862.5391,19489.3594,19523.4004,19791.9902
2025-02-10,19668.1797,19772.0391,19650.7891,19714.2695,19523.4004
2025-02-11,19602.1094,19731.9297,19579.7695,19643.8594,19714.2695
2025-02-12,19436.5098,19682.5098,19415.4805,19649.9492,19643.8594
2025-02-13,19696.9199,19952.1699,19675.8691,19945.6406,19649.9492
2025-02-14,19956.8203,20045.7598,19932.1504,20026.7695,19945.6406
2025-02-18,20090.5508,20110.1191,19909.7402,20041.2598,20026.7695
2025-02-19,19994.5000,20099.3906,19928.8906,20056.2500,20041.2598
2025-02-20,20029.1895,20041.1504,19795.0195,19962.3594,20056.2500
2025-02-21,20006.6895,20016.6602,19510.9102,19524.0098,19962.3594
2025-02-24,19590.8496,19644.2305,19275.4609,19286.9297,19524.0098
2025-02-25,19242.6094,19256.3496,18871.5195,19026.3906,19286.9297
2025-02-26,19109.3203,19286.0195,18966.4609,19075.2598,19026.3906
2025-02-27,19212.3594,19242.6895,18535.2207,18544.4199,19075.2598
2025-02-28,18477.1699,18861.3301,18372.9902,18847.2793,18544.4199
2025-03-03,18923.3594,18992.3008,18216.6309,18350.1895,18847.2793
2025-03-04,18176.4297,18589.4902,17956.5996,18285.1602,18350.1895
2025-03-05,18312.9707,18604.4707,18144.7305,18552.7305,18285.1602
2025-03-06,18204.5293,18439.2402,17980.3906,18069.2598,18552.7305
2025-03-07,18029.8496,18243.5801,17768.5898,18196.2207,18069.2598
2025-03-10,17840.3203,17868.0801,17291.8203,17468.3203,18196.2207
2025-03-11,17443.0898,17687.4004,17238.2402,17436.0996,17468.3203
2025-03-12,17711.4102,17800.0996,17436.2695,17648.4492,17436.0996
2025-03-13,17598.5605,17621.9102,17239.4395,17303.0098,17648.4492
2025-03-14,17523.3008,17773.4805,17491.0801,17754.0898,17303.0098
2025-03-17,17722.5391,17925.9395,17645.8691,17808.6602,17754.0898
2025-03-18,17662.5703,17682.9199,17431.6699,17504.1191,17808.6602
2025-03-19,17590.1191,17917.5391,17533.9395,17750.7891,17504.1191
2025-03-20,17586.0605,17903.1992,17576.8203,17691.6309,17750.7891
2025-03-21,17519.8398,17798.0605,17474.8105,17784.0508,17691.6309
2025-03-24,18046.1895,18210.0508,18030.6797,18188.5898,17784.0508
2025-03-25,18207.9707,18281.1309,18170.4199,18271.8594,18188.5898
2025-03-26,18217.3301,18236.5508,17837.2598,17899.0195,18271.8594
2025-03-27,17811.2402,17988.0195,17743.8008,17804.0293,17899.0195
2025-03-28,17722.0898,17763.2793,17283.0605,17322.9902,17804.0293
2025-03-31,17045.4395,17334.9805,16854.3691,17299.2891,17322.9902
2025-04-01,17221.5508,17506.5898,17149.3594,17449.8906,17299.2891
2025-04-02,17207.0098,17716.5195,17181.2695,17601.0508,17449.8906
2025-04-03,16790.5293,16889.3398,16533.0391,16550.6094,17601.0508
2025-04-04,16045.5996,16128.1602,15575.6797,15587.7900,16550.6094
2025-04-07,14978.0303,16292.2803,14784.0303,15603.2598,15587.7900
2025-04-08,16181.0400,16316.5098,15053.3896,15267.9102,15603.2598
2025-04-09,15295.4404,17202.9395,15270.2803,17124.9707,15267.9102
2025-04-10,16635.4492,16712.3691,15894.2695,16387.3105,17124.9707
2025-04-11,16358.5303,16753.4102,16228.0400,16724.4609,16387.3105
2025-04-14,17120.4395,17136.5605,16661.2598,16831.4805,16724.4609
2025-04-15,16842.3906,16979.9609,16753.2207,16823.1699,16831.4805
2025-04-16,16499.6895,16600.3691,16066.4600,16307.1602,16823.1699
2025-04-17,16399.9707,16408.5098,16181.1699,16286.4502,16307.1602
2025-04-21,16052.7598,16066.7900,15685.3301,15870.9004,16286.4502
2025-04-22,16079.9404,16410.5605,16038.7305,16300.4199,15870.9004
2025-04-23,16880.2891,17029.8594,16642.6602,16708.0508,16300.4199
2025-04-24,16754.7598,17174.3496,16744.9707,17166.0391,16708.0508
2025-04-25,17182.1094,17404.4902,17110.7207,17382.9395,17166.0391
2025-04-28,17390.9297,17467.3496,17128.7109,17366.1309,17382.9395
2025-04-29,17270.7598,17500.4199,17256.1992,17461.3203,17366.1309
2025-04-30,17099.9805,17483.8203,16959.5293,17446.3398,17461.3203
2025-05-01,17793.1406,17922.8301,17688.1094,17710.7402,17446.3398
2025-05-02,17868.7598,18048.8301,17812.0391,17977.7305,17710.7402
2025-05-05,17817.0098,17965.6406,17792.0801,17844.2402,17977.7305
2025-05-06,17623.2109,17830.3496,17592.8809,17689.6602,17844.2402
2025-05-07,17706.8301,17820.2891,17503.0098,17738.1602,17689.6602
2025-05-08,17920.1504,18096.0000,17776.0000,17928.1406,17738.1602
2025-05-09,18022.5508,18068.9004,17853.8398,17928.9199,17928.1406
2025-05-12,18674.5605,18710.2207,18472.7109,18708.3398,17928.9199
2025-05-13,18761.2305,19065.9609,18745.5000,19010.0898,18708.3398
2025-05-14,19074.7207,19174.5508,19023.6094,19146.8105,19010.0898
2025-05-15,19031.2402,19207.2207,18967.7793,19112.3203,19146.8105
2025-05-16,19151.5391,19213.4199,19038.4805,19211.0996,19112.3203
2025-05-19,18937.4199,19227.2207,18937.4199,19215.4609,19211.0996
2025-05-20,19132.0605,19186.6895,19015.6309,19142.7109,19215.4609
2025-05-21,19002.9395,19241.4102,18799.1992,18872.6406,19142.7109
2025-05-22,18888.0508,19061.1094,18840.3398,18925.7402,18872.6406
2025-05-23,18622.3809,18841.5195,18599.6895,18737.2109,18925.7402
2025-05-27,19014.4395,19210.9492,18961.6895,19199.1602,18737.2109
2025-05-28,19232.6191,19276.8301,19084.3809,19100.9395,19199.1602
2025-05-29,19389.3906,19389.3906,19091.5391,19175.8691,19100.9395
2025-05-30,19131.2207,19157.7793,18847.7402,19113.7695,19175.8691
2025-06-02,19063.0605,19252.7109,18985.3008,19242.6094,19113.7695
2025-06-03,19288.6602,19459.2793,19224.6992,19398.9609,19242.6094
2025-06-04,19434.9395,19493.4492,19359.0898,19460.4902,19398.9609
2025-06-05,19518.1992,19610.5098,19226.2207,19298.4492,19460.4902
2025-06-06,19526.9902,19593.1797,19464.8398,19529.9492,19298.4492
2025-06-09,19573.1406,19637.5605,19531.0996,19591.2402,19529.9492
2025-06-10,19620.1094,19730.3809,19539.0898,19714.9902,19591.2402
2025-06-11,19779.3594,19800.4609,19551.3496,19615.8809,19714.9902
2025-06-12,19578.8691,19690.6094,19553.5605,19662.4902,19615.8809
2025-06-13,19450.9297,19591.8691,19367.4199,19406.8301,19662.4902
2025-06-16,19550.7500,19733.3105,19550.7500,19701.2109,19406.8301
2025-06-17,19627.0801,19666.5605,19485.4395,19521.0898,19701.2109
2025-06-18,19526.9199,19660.7695,19489.5605,19546.2695,19521.0898
2025-06-20,19639.4102,19696.1094,19380.5801,19447.4102,19546.2695
2025-06-23,19427.0098,19643.6992,19334.9805,19630.9707,19447.4102
2025-06-24,19809.6191,19946.7207,19795.2891,19912.5293,19630.9707
2025-06-25,20013.9492,20052.7793,19918.0801,19973.5508,19912.5293
2025-06-26,20062.1895,20187.1504,19982.4805,20167.9102,19973.5508
2025-06-27,20217.2598,20311.5098,20095.0508,20273.4609,20167.9102
2025-06-30,20360.1504,20418.3105,20266.3594,20369.7305,20273.4609
2025-07-01,20290.6094,20339.0508,20105.4102,20202.8906,20369.7305
2025-07-02,20184.3691,20397.2207,20181.7402,20393.1309,20202.8906
2025-07-03,20497.6602,20624.5098,20480.2207,20601.0996,20393.1309
2025-07-07,20490.5508,20511.8203,20323.0195,20412.5195,20601.0996
2025-07-08,20466.9297,20480.8906,20377.3594,20418.4609,20412.5195
2025-07-09,20522.0898,20645.4102,20486.3809,20611.3398,20418.4609
2025-07-10,20636.4805,20655.3906,20495.1406,20630.6602,20611.3398
2025-07-11,20562.8809,20647.9707,20509.7500,20585.5293,20630.6602
2025-07-14,20592.5605,20672.3398,20492.6309,20640.3301,20585.5293
2025-07-15,20822.7598,20836.0391,20670.5801,20677.8008,20640.3301
2025-07-16,20717.8105,20751.0508,20507.0605,20730.4902,20677.8008
2025-07-17,20760.3203,20911.8301,20735.5508,20885.6504,20730.4902
2025-07-18,20959.5703,20980.5605,20846.1191,20895.6504,20885.6504
2025-07-21,20960.3301,21077.3691,20957.4395,20974.1797,20895.6504
2025-07-22,20982.2109,20985.3398,20750.9004,20892.6895,20974.1797
2025-07-23,20966.4707,21023.8496,20870.6699,21020.0195,20892.6895
2025-07-24,21083.8203,21113.0996,21001.6797,21057.9609,21020.0195
2025-07-25,21059.9395,21159.8008,21036.8496,21108.3203,21057.9609
2025-07-28,21176.4004,21202.1797,21122.1191,21178.5801,21108.3203
2025-07-29,21286.7207,21303.9609,21081.6895,21098.2891,21178.5801
2025-07-30,21140.4004,21230.8809,21016.9199,21129.6699,21098.2891
2025-07-31,21457.4805,21457.4805,21078.6699,21122.4492,21129.6699
2025-08-01,20830.6406,20865.6309,20560.1699,20650.1309,21122.4492
2025-08-04,20853.9102,21055.2402,20833.8594,21053.5801,20650.1309
2025-08-05,21092.0996,21138.7207,20893.2891,20916.5508,21053.5801
2025-08-06,20955.2207,21183.8809,20937.4902,21169.4199,20916.5508
2025-08-07,21325.0098,21408.1504,21090.0508,21242.6992,21169.4199
2025-08-08,21316.3691,21464.5293,21284.9707,21450.0195,21242.6992
2025-08-11,21459.6504,21549.7305,21346.6191,21385.4004,21450.0195
2025-08-12,21507.4395,21689.6797,21386.2500,21681.9004,21385.4004
2025-08-13,21764.5508,21803.7500,21645.1406,21713.1406,21681.9004
2025-08-14,21649.2109,21766.2891,21627.1309,21710.6699,21713.1406
2025-08-15,21709.3398,21716.1797,21567.4609,21622.9805,21710.6699
2025-08-18,21616.8203,21651.5000,21559.3301,21629.7695,21622.9805
2025-08-19,21607.4492,21610.2402,21277.7109,21314.9492,21629.7695
2025-08-20,21269.6699,21269.6699,20905.9902,21172.8594,21314.9492
2025-08-21,21112.5195,21198.7598,21013.5293,21100.3105,21172.8594
2025-08-22,21139.8301,21545.4297,21092.3594,21496.5391,21100.3105
2025-08-25,21466.4707,21572.1797,21400.0898,21449.2891,21496.5391
2025-08-26,21443.6309,21550.9297,21389.0996,21544.2695,21449.2891
2025-08-27,21526.3301,21616.1699,21476.3008,21590.1406,21544.2695
2025-08-28,21619.2695,21742.4609,21534.9395,21705.1602,21590.1406
2025-08-29,21630.3301,21631.1504,21397.9805,21455.5508,21705.1602
2025-09-02,21086.5703,21293.6895,21033.0508,21279.6309,21455.5508
2025-09-03,21461.6309,21553.9805,21370.9805,21497.7305,21279.6309
2025-09-04,21539.9102,21711.9609,21469.4004,21707.6895,21497.7305
2025-09-05,21860.4395,21878.8105,21534.7207,21700.3906,21707.6895
2025-09-08,21806.2207,21885.6191,21776.2402,21798.6992,21700.3906
2025-09-09,21858.1699,21891.4199,21731.4805,21879.4902,21798.6992
2025-09-10,21980.5996,22000.9707,21810.8398,21886.0605,21879.4902
2025-09-11,21977.5195,22059.7109,21908.8105,22043.0703,21886.0605
2025-09-12,22078.6309,22182.3398,22031.6191,22141.0996,22043.0703
2025-09-15,22243.1992,22352.2500,22233.0000,22348.7500,22141.0996
2025-09-16,22397.5000,22397.5000,22308.7793,22333.9609,22348.7500
2025-09-17,22333.0195,22339.5391,22058.9199,22261.3301,22333.9609
2025-09-18,22439.1094,22540.9297,22358.4805,22470.7207,22261.3301
2025-09-19,22554.3105,22645.1094,22497.7109,22631.4805,22470.7207
2025-09-22,22606.5898,22801.9004,22590.8594,22788.9805,22631.4805
2025-09-23,22782.7207,22785.1309,22539.0391,22573.4707,22788.9805
2025-09-24,22656.0195,22657.4492,22397.0000,22497.8594,22573.4707
2025-09-25,22318.7695,22456.7793,22185.8691,22384.6992,22497.8594
2025-09-26,22403.2695,22488.1797,22285.4395,22484.0703,22384.6992
2025-09-29,22605.3008,22704.9004,22536.0508,22591.1504,22484.0703
2025-09-30,22580.3594,22671.3906,22493.9609,22660.0098,22591.1504
2025-10-01,22530.9492,22782.5801,22516.7402,22755.1602,22660.0098
2025-10-02,22885.9004,22900.5996,22729.7500,22844.0508,22755.1602
2025-10-03,22886.1602,22925.4297,22695.8203,22780.5098,22844.0508
2025-10-06,22894.3496,22991.7207,22827.5605,22941.6699,22780.5098
2025-10-07,22972.3691,23006.0703,22718.7598,22788.3594,22941.6699
2025-10-08,22852.3203,23045.1406,22845.4199,23043.3809,22788.3594
2025-10-09,23045.3301,23062.6191,22899.1602,23024.6309,23043.3809
2025-10-10,23043.5195,23119.9102,22193.0703,22204.4297,23024.6309
2025-10-13,22578.6699,22718.7500,22499.4902,22694.6094,22204.4297
2025-10-14,22388.0391,22691.0703,22213.7305,22521.6992,22694.6094
2025-10-15,22738.5000,22841.6895,22427.7891,22670.0801,22521.6992
2025-10-16,22764.4004,22886.8691,22404.6895,22562.5391,22670.0801
2025-10-17,22489.8105,22736.0098,22396.6504,22679.9707,22562.5391
2025-10-20,22844.8203,23031.8691,22841.0000,22990.5391,22679.9707
2025-10-21,22984.5508,23010.3496,22894.4199,22953.6699,22990.5391
2025-10-22,22940.7891,22978.4004,22514.0801,22740.4004,22953.6699
2025-10-23,22751.3301,22983.4609,22732.1797,22941.8008,22740.4004
2025-10-24,23143.2305,23261.2598,23127.9609,23204.8691,22941.8008
2025-10-27,23537.3203,23658.6602,23493.9609,23637.4609,23204.8691
2025-10-28,23766.4609,23901.3594,23675.1895,23827.4902,23637.4609
2025-10-29,23987.2891,24019.9902,23763.9902,23958.4707,23827.4902
2025-10-30,23793.0801,23846.1309,23578.4707,23581.1406,23958.4707
2025-10-31,23941.7793,23946.2305,23628.8203,23724.9609,23581.1406
2025-11-03,23951.9102,23976.8398,23764.8691,23834.7207,23724.9609
2025-11-04,23458.2109,23644.1504,23333.3203,23348.6406,23834.7207
2025-11-05,23358.0703,23636.5293,23286.8691,23499.8008,23348.6406
2025-11-06,23461.2891,23469.5508,23011.0605,23053.9902,23499.8008
2025-11-07,22892.9199,23009.9102,22563.4199,23004.5391,23053.9902
2025-11-10,23354.8496,23569.6191,23290.0508,23527.1699,23004.5391
2025-11-11,23407.7207,23508.4395,23315.2793,23468.3008,23527.1699
2025-11-12,23563.8398,23564.0898,23278.3008,23406.4609,23468.3008
2025-11-13,23262.6406,23264.2695,22796.0703,22870.3594,23406.4609
2025-11-14,22544.7207,23073.1797,22436.7891,22900.5898,22870.3594
2025-11-17,22788.3203,23044.5508,22559.5098,22708.0703,22900.5898
2025-11-18,22565.9004,22643.0098,22231.1504,22432.8496,22708.0703
2025-11-19,22459.2695,22821.2402,22385.2207,22564.2305,22432.8496
2025-11-20,23057.0000,23147.3301,22043.1992,22078.0508,22564.2305
2025-11-21,22162.8301,22531.8398,21898.2891,22273.0801,22078.0508
2025-11-24,22482.1602,22916.4004,22478.2695,22872.0098,22273.0801
2025-11-25,22802.8496,23070.0898,22587.1094,23025.5898,22872.0098
2025-11-26,23163.1895,23280.5801,23074.3906,23214.6895,23025.5898
2025-11-28,23291.5898,23365.7891,23250.5098,23365.6895,23214.6895
2025-12-01,23172.3398,23363.8496,23110.2109,23275.9199,23365.6895
2025-12-02,23379.7500,23526.2305,23286.4609,23413.6699,23275.9199
2025-12-03,23315.5801,23499.9297,23271.8301,23454.0898,23413.6699
2025-12-04,23527.3008,23528.5293,23372.3301,23505.1406,23454.0898
2025-12-05,23567.7695,23680.0293,23506.0000,23578.1309,23505.1406
2025-12-08,23638.2207,23698.9297,23455.0508,23545.9004,23578.1309
2025-12-09,23504.6094,23616.4609,23449.7305,23576.4902,23545.9004
2025-12-10,23536.0000,23704.0801,23435.1699,23654.1504,23576.4902
2025-12-11,23509.2207,23606.6992,23308.9492,23593.8594,23654.1504
2025-12-12,23488.8691,23554.8906,23094.5098,23195.1699,23593.8594
2025-12-15,23330.0391,23345.5605,23012.0000,23057.4102,23195.1699
2025-12-16,22981.8203,23162.5996,22920.6602,23111.4609,23057.4102
2025-12-17,23135.6094,23159.1992,22692.0000,22693.3203,23111.4609
2025-12-18,23012.0605,23149.6094,22906.2305,23006.3594,22693.3203
2025-12-19,23121.9004,23307.9102,23106.1895,23307.6191,23006.3594
2025-12-22,23450.5293,23476.5000,23362.9297,23428.8301,23307.6191
2025-12-23,23407.6992,23563.4609,23377.4902,23561.8398,23428.8301
2025-12-24,23555.9492,23621.7207,23527.9707,23613.3105,23561.8398
2025-12-26,23645.9102,23665.1504,23567.8594,23593.0996,23613.3105
2025-12-29,23414.6797,23531.0195,23397.5195,23474.3496,23593.0996
2025-12-30,23465.6699,23521.0508,23414.8301,23419.0801,23474.3496
2025-12-31,23420.8496,23445.2598,23237.7793,23241.9902,23419.0801
2026-01-02,23481.4902,23585.9609,23119.4902,23235.6309,23241.9902
2026-01-05,23449.6699,23476.5098,23332.2305,23395.8203,23235.6309
2026-01-06,23446.9609,23559.1504,23389.5703,23547.1699,23395.8203
2026-01-07,23544.8906,23723.3691,23504.2109,23584.2793,23547.1699
2026-01-08,23548.8809,23558.1699,23353.4609,23480.0195,23584.2793
2026-01-09,23496.2109,23721.1504,23426.4805,23671.3496,23480.0195
2026-01-12,23576.8809,23804.0391,23562.9707,23733.9004,23671.3496
2026-01-13,23735.1191,23813.3008,23607.5898,23709.8691,23733.9004
2026-01-14,23563.9199,23590.1992,23306.6602,23471.7500,23709.8691
2026-01-15,23693.9707,23721.1094,23502.1797,23530.0195,23471.7500
2026-01-16,23639.6895,23664.2598,23446.8105,23515.3906,23530.0195
2026-01-20,23142.6895,23236.0508,22916.8301,22954.3203,23515.3906
2026-01-21,23017.6797,23383.2402,22927.8809,23224.8203,22954.3203
2026-01-22,23440.7109,23503.1602,23335.1504,23436.0195,23224.8203
2026-01-23,23440.9199,23610.7402,23374.2598,23501.2402,23436.0195
2026-01-26,23529.2793,23688.9395,23486.0801,23601.3594,23501.2402
2026-01-27,23734.7500,23865.2598,23694.3809,23817.0996,23601.3594
2026-01-28,23965.1094,23988.2695,23775.4902,23857.4492,23817.0996
2026-01-29,23830.9199,23840.5508,23232.7793,23685.1191,23857.4492
2026-01-30,23578.9609,23662.2500,23351.5508,23461.8203,23685.1191
2026-02-02,23370.5391,23686.8301,23356.4004,23592.1094,23461.8203
2026-02-03,23667.4395,23691.5996,23027.2109,23255.1895,23592.1094
2026-02-04,23217.0195,23270.0703,22684.5098,22904.5801,23255.1895
2026-02-05,22604.0195,22841.2793,22461.1406,22540.5898,22904.5801
2026-02-06,22625.3008,23088.4609,22586.4004,23031.2109,22540.5898
2026-02-09,22952.2402,23314.6699,22878.3691,23238.6699,23031.2109
2026-02-10,23271.2207,23310.7305,23089.0996,23102.4707,23238.6699
2026-02-11,23278.2891,23320.6191,22902.0098,23066.4707,23102.4707
2026-02-12,23142.8691,23161.5996,22548.0195,22597.1504,23066.4707
2026-02-13,22561.4609,22742.0605,22402.3809,22546.6699,22597.1504
2026-02-17,22394.7598,22690.8301,22256.7598,22578.3809,22546.6699
2026-02-18,22629.8496,22895.9609,22597.7695,22753.6309,22578.3809
2026-02-19,22639.8809,22768.8301,22583.6094,22682.7305,22753.6309
2026-02-20,22542.2793,22948.8691,22539.0508,22886.0703,22682.7305
2026-02-23,22840.9707,22893.2207,22547.1191,22627.2695,22886.0703
2026-02-24,22641.5996,22895.4805,22528.2598,22863.6797,22627.2695
2026-02-25,23005.0098,23169.6797,23004.6895,23152.0801,22863.6797
2026-02-26,23100.5801,23109.4609,22670.8008,22878.3809,23152.0801
2026-02-27,22615.4297,22735.7793,22538.3008,22668.2109,22878.3809
2026-03-02,22322.1191,22802.8008,22306.0801,22748.8594,22668.2109
2026-03-03,22292.3691,22601.5898,22124.7793,22516.6895,22748.8594
2026-03-04,22620.8906,22891.8809,22570.6699,22807.4805,22516.6895
2026-03-05,22707.4707,22877.0195,22500.2891,22748.9902,22807.4805
2026-03-06,22421.1699,22614.4102,22328.1309,22387.6797,22748.9902
2026-03-09,22184.0508,22741.0293,22061.9707,22695.9492,22387.6797
2026-03-10,22722.9395,22906.7207,22608.2305,22697.0996,22695.9492
2026-03-11,22771.2695,22877.7109,22602.3301,22716.1309,22697.0996
2026-03-12,22526.5898,22550.7500,22290.4805,22311.9805,22716.1309
2026-03-13,22425.6992,22521.3809,22069.2402,22105.3594,22311.9805
2026-03-16,22340.3906,22521.5898,22316.6309,22374.1797,22105.3594
2026-03-17,22458.0293,22569.6406,22409.0703,22479.5293,22374.1797
2026-03-18,22421.9609,22461.7598,22144.7598,22152.4199,22479.5293
2026-03-19,21871.0391,22187.0605,21851.0508,22090.6895,22152.4199
2026-03-20,21989.3301,21997.0898,21522.7500,21647.6094,22090.6895
2026-03-23,21995.7793,22189.3398,21865.8008,21946.7598,21647.6094
2026-03-24,21807.5996,21916.1602,21712.0391,21761.8906,21946.7598
2026-03-25,22006.4297,22093.1797,21865.4609,21929.8203,21761.8906
2026-03-26,21693.1797,21823.5801,21395.7695,21408.0801,21929.8203
2026-03-27,21287.1895,21293.5000,20909.9297,20948.3594,21408.0801
2026-03-30,21096.2402,21139.7207,20690.2500,20794.6406,20948.3594
2026-03-31,21064.3301,21642.6191,21063.3809,21590.6309,20794.6406
2026-04-01,21742.7891,21983.0703,21723.7207,21840.9492,21590.6309
2026-04-02,21472.5195,21906.4805,21371.3203,21879.1797,21840.9492
2026-04-06,21939.8008,22052.4102,21864.5000,21996.3398,21879.1797
2026-04-07,21927.0898,22024.9004,21611.0000,22017.8496,21996.3398
2026-04-08,22821.2109,22821.2109,22501.2793,22634.9902,22017.8496
2026-04-09,22646.3496,22836.7500,22529.2109,22822.4199,22634.9902
2026-04-10,22913.9102,23011.7695,22845.0508,22902.8906,22822.4199
2026-04-13,22849.2305,23187.9609,22795.8203,23183.7402,22902.8906
2026-04-14,23331.5000,23639.0801,23331.5000,23639.0801,23183.7402
2026-04-15,23688.1191,24026.5605,23672.2598,24016.0195,23639.0801
2026-04-16,24062.4492,24156.1797,23894.9102,24102.6992,24016.0195
2026-04-17,24338.0098,24519.5098,24286.4707,24468.4805,24102.6992
2026-04-20,24417.5293,24435.9199,24221.5293,24404.3906,24468.4805
2026-04-21,24465.3398,24537.5801,24198.9902,24259.9609,24404.3906
2026-04-22,24462.3105,24660.1094,24421.4004,24657.5703,24259.9609
2026-04-23,24553.7500,24664.8691,24209.7402,24438.5000,24657.5703
2026-04-24,24616.5605,24854.0391,24524.3691,24836.5996,24438.5000
2026-04-27,24799.6406,24899.3691,24694.8203,24887.0996,24836.5996
2026-04-28,24609.5703,24724.6992,24524.2305,24663.8008,24887.0996
2026-04-29,24606.5293,24724.1094,24532.6992,24673.2402,24663.8008
2026-04-30,24859.9395,24935.5996,24491.8301,24892.3105,24673.2402
2026-05-01,24977.7891,25223.1191,24967.0898,25114.4395,24892.3105
2026-05-04,25112.1797,25210.4707,24913.1191,25067.8008,25114.4395
2026-05-05,25258.8809,25361.0508,25217.1602,25326.1309,25067.8008
2026-05-06,25495.1699,25850.1895,25464.4395,25838.9395,25326.1309
2026-05-07,25881.3008,26036.3809,25713.6504,25806.1992,25838.9395
2026-05-08,25958.1191,26248.6191,25944.7793,26247.0801,25806.1992
2026-05-11,26135.6309,26359.3105,26129.8301,26274.1309,26247.0801
2026-05-12,26087.0098,26190.4805,25739.2207,26088.1992,26274.1309
2026-05-13,26147.6504,26474.1797,25990.1602,26402.3398,26088.1992
2026-05-14,26425.4707,26707.1406,26423.2109,26635.2207,26402.3398
2026-05-15,26288.9199,26460.7598,26097.5391,26225.1406,26635.2207
2026-05-18,26289.4902,26310.8398,25867.3008,26090.7305,26225.1406
2026-05-19,25923.4902,26050.2891,25701.4395,25870.7109,26090.7305
2026-05-20,25991.5098,26273.7598,25928.3301,26270.3594,25870.7109
2026-05-21,26143.6191,26403.5703,26039.3691,26293.0996,26270.3594
2026-05-22,26381.5605,26504.5508,26309.8008,26343.9707,26293.0996
2026-05-26,26590.5000,26725.2891,26520.3008,26656.1797,26343.9707
2026-05-27,26695.4395,26715.3105,26538.3105,26674.7305,26656.1797
2026-05-28,26686.5293,26934.8398,26588.5195,26917.4707,26674.7305
2026-05-29,26960.8398,27094.8008,26859.2695,26972.6191,26917.4707
2026-06-01,26952.5801,27190.2109,26913.1191,27086.8105,26972.6191
2026-06-02,27030.0703,27171.2891,26932.7695,27093.9004,27086.8105
2026-06-03,27092.8496,27130.8809,26769.1504,26853.9805,27093.9004
2026-06-04,26579.3008,26923.6992,26554.2402,26830.9609,26853.9805
2026-06-05,26536.5898,26572.2500,25648.4707,25709.4297,26830.9609
2026-06-08,26065.0703,26179.6504,25872.6797,25929.6602,25709.4297
2026-06-09,26110.3105,26259.9199,24980.3809,25678.8203,25929.6602
2026-06-10,25512.0703,25726.0000,25145.3008,25169.5000,25678.8203
2026-06-11,25309.7793,25846.5605,25109.3906,25809.6602,25169.5000
2026-06-12,25783.3594,26010.3105,25599.9395,25888.8398,25809.6602
2026-06-15,26447.2305,26687.5605,26438.7695,26683.9395,25888.8398
2026-06-16,26649.9707,26788.6191,26369.3906,26376.3398,26683.9395
2026-06-17,26493.8203,26511.5508,25960.4102,26021.6602,26376.3398
2026-06-18,26410.6191,26559.7402,26188.6895,26517.9297,26021.6602
2026-06-22,26483.3105,26561.1191,26125.4805,26166.5996,26517.9297
2026-06-23,25549.7598,25882.5703,25513.2598,25587.0391,26166.5996
2026-06-24,25578.6191,25840.5605,25354.6602,25476.6406,25587.0391
2026-06-25,25724.7793,25724.7793,25123.4297,25358.5996,25476.6406
2026-06-26,25105.4102,25491.3809,25014.9609,25297.6191,25358.5996
2026-06-29,25502.0898,25834.3496,25289.7598,25820.1406,25297.6191
2026-06-30,25824.4707,26253.0391,25808.0605,26213.7207,25820.1406
2026-07-01,26039.5098,26238.0605,25954.4609,26040.0293,26213.7207
2026-07-02,26047.3809,26261.0898,25630.5098,25832.6699,26040.0293
2026-07-06,25999.6094,26209.7598,25963.4395,26121.1602,25832.6699
2026-07-07,25960.1309,26010.0195,25684.1504,25818.6895,26121.1602
2026-07-08,25704.6602,25896.0703,25526.4609,25870.6504,25818.6895
2026-07-09,25918.3105,26215.8203,25825.8496,26206.8906,25870.6504
2026-07-10,26175.5391,26301.5391,26009.4902,26281.6094,26206.8906
2026-07-13,26088.3105,26139.3691,25822.0996,25873.1797,26281.6094
2026-07-14,26015.4902,26168.8008,25912.4004,26107.0098,25873.1797
2026-07-15,26261.1797,26316.8105,26041.1309,26269.2305,26107.0098
2026-07-16,26155.4004,26165.3691,25765.4492,25881.9492,26269.2305
2026-07-17,25412.2598,25703.0098,25250.6309,25520.2402,25881.9492
2026-07-20,25720.8691,25815.5996,25501.0996,25508.0703,25520.2402
2026-07-21,25772.5508,25880.3398,25672.8301,25837.2109,25508.0703
2026-07-22,25693.7207,25841.3105,25681.3203,25690.9004,25837.2109
2026-07-23,25245.5391,25358.2793,24954.7695,25137.6895,25690.9004
2026-07-24,25107.3809,25222.1406,24918.0898,24975.8203,25137.6895
2026-07-27,25236.1895,25261.9102,24774.8691,24932.0801,24975.8203
2026-07-28,24825.0703,24984.5000,24581.0098,24876.9102,24932.0801
2026-07-29,24863.4805,25054.5273,24425.3398,24442.9414,24876.9102
