date,open,high,low,close,prior_close
2019-01-02,1346.1100,1357.7700,1325.1801,1355.9100,
2019-01-03,1355.0200,1355.0200,1328.0000,1330.8300,1355.9100
2019-01-04,1333.1000,1383.1600,1333.1000,1380.7500,1330.8300
2019-01-07,1380.8400,1411.9000,1380.8400,1405.3700,1380.7500
2019-01-08,1405.8700,1426.5500,1404.0100,1426.5500,1405.3700
2019-01-09,1427.0000,1442.4200,1427.0000,1438.8101,1426.5500
2019-01-10,1436.9800,1445.7800,1424.5400,1445.4301,1438.8101
2019-01-11,1444.4399,1448.2800,1437.4500,1447.3800,1445.4301
2019-01-14,1446.5000,1446.5000,1431.3101,1432.8101,1447.3800
2019-01-15,1432.8500,1445.2200,1432.1300,1445.2200,1432.8101
2019-01-16,1445.9100,1460.3101,1445.9100,1454.7000,1445.2200
2019-01-17,1453.8300,1470.8400,1448.5500,1467.2500,1454.7000
2019-01-18,1466.6899,1487.2100,1466.6899,1482.5000,1467.2500
2019-01-22,1479.8199,1479.8199,1451.0100,1457.4500,1482.5000
2019-01-23,1457.7300,1468.4800,1444.9700,1454.2600,1457.4500
2019-01-24,1454.2300,1465.3400,1453.7300,1464.4100,1454.2600
2019-01-25,1466.7900,1484.6000,1466.7900,1482.8500,1464.4100
2019-01-28,1480.2800,1480.2800,1464.7700,1473.5400,1482.8500
2019-01-29,1473.5400,1477.0100,1469.3101,1471.4500,1473.5400
2019-01-30,1473.3800,1490.5100,1467.5699,1486.9399,1471.4500
2019-01-31,1486.6400,1500.7400,1484.8199,1499.4200,1486.9399
2019-02-01,1499.5300,1504.5100,1495.4700,1502.0500,1499.4200
2019-02-04,1501.9700,1517.5500,1500.1300,1517.5400,1502.0500
2019-02-05,1517.9200,1524.2100,1512.7200,1520.2300,1517.5400
2019-02-06,1520.1700,1520.8900,1511.1801,1518.0200,1520.2300
2019-02-07,1516.7000,1516.7000,1494.3700,1505.6300,1518.0200
2019-02-08,1504.1700,1506.6000,1495.1200,1506.3900,1505.6300
2019-02-11,1506.8199,1519.2100,1505.6700,1518.9800,1506.3900
2019-02-12,1520.1400,1538.8900,1520.1400,1538.2300,1518.9800
2019-02-13,1538.2900,1545.7400,1536.2500,1542.9399,1538.2300
2019-02-14,1540.9900,1551.3900,1534.5900,1545.1100,1542.9399
2019-02-15,1547.1200,1570.1600,1547.1200,1569.2500,1545.1100
2019-02-19,1568.5400,1578.2300,1564.8500,1574.4700,1569.2500
2019-02-20,1574.5500,1583.3400,1573.9600,1581.6600,1574.4700
2019-02-21,1581.3101,1581.3101,1569.4200,1575.5500,1581.6600
2019-02-22,1576.3101,1590.1000,1576.3101,1590.0601,1575.5500
2019-02-25,1591.6200,1602.1000,1588.8101,1588.8101,1590.0601
2019-02-26,1588.5601,1589.2600,1577.4301,1577.4800,1588.8101
2019-02-27,1577.2000,1582.0601,1570.6000,1581.0500,1577.4800
2019-02-28,1580.7600,1581.9900,1571.3101,1575.5500,1581.0500
2019-03-01,1577.5000,1590.2900,1576.1300,1589.6400,1575.5500
2019-03-04,1590.1500,1594.2400,1564.4800,1575.4399,1589.6400
2019-03-05,1575.6899,1575.8500,1567.6700,1568.2800,1575.4399
2019-03-06,1568.3101,1568.4399,1536.8199,1536.8199,1568.2800
2019-03-07,1536.7600,1536.9700,1521.6100,1523.6300,1536.8199
2019-03-08,1522.5300,1523.2400,1510.6500,1521.8800,1523.6300
2019-03-11,1522.8000,1548.9301,1522.8000,1548.8800,1521.8800
2019-03-12,1549.0300,1555.3000,1545.5100,1549.8300,1548.8800
2019-03-13,1550.2700,1562.6700,1550.2700,1555.8800,1549.8300
2019-03-14,1555.8700,1555.8700,1549.2100,1549.6400,1555.8800
2019-03-15,1550.5000,1563.5900,1550.1300,1553.5400,1549.6400
2019-03-18,1553.6600,1569.0601,1552.6801,1563.9301,1553.5400
2019-03-19,1565.5300,1570.8900,1552.6600,1554.9900,1563.9301
2019-03-20,1554.7200,1561.7400,1535.4100,1543.1600,1554.9900
2019-03-21,1541.8300,1569.3500,1538.3600,1562.4100,1543.1600
2019-03-22,1561.9700,1561.9700,1505.8800,1505.9200,1562.4100
2019-03-25,1505.8700,1520.4900,1494.9900,1512.8600,1505.9200
2019-03-26,1513.7600,1535.8700,1513.7600,1528.1700,1512.8600
2019-03-27,1527.9700,1530.0500,1505.7600,1522.2300,1528.1700
2019-03-28,1522.8900,1536.4399,1520.1200,1535.1000,1522.2300
2019-03-29,1536.6100,1546.9800,1532.2300,1539.7400,1535.1000
2019-04-01,1542.8900,1556.4000,1542.8900,1556.0601,1539.7400
2019-04-02,1556.0800,1556.1300,1545.5500,1553.3199,1556.0601
2019-04-03,1554.8800,1568.4000,1554.8800,1560.9100,1553.3199
2019-04-04,1561.0699,1567.5000,1558.3600,1567.4900,1560.9100
2019-04-05,1568.2300,1582.6100,1568.2300,1582.5601,1567.4900
2019-04-08,1581.3500,1581.3500,1571.2100,1579.0000,1582.5601
2019-04-09,1577.5100,1577.5100,1558.3900,1559.6801,1579.0000
2019-04-10,1560.0200,1581.6500,1560.0200,1581.5500,1559.6801
2019-04-11,1581.9301,1583.7300,1577.3700,1579.1400,1581.5500
2019-04-12,1581.3800,1589.7300,1580.2300,1584.8000,1579.1400
2019-04-15,1585.1700,1587.9800,1574.7300,1579.1700,1584.8000
2019-04-16,1580.2600,1585.4301,1579.4900,1582.7900,1579.1700
2019-04-17,1584.1300,1588.6000,1561.5699,1567.6000,1582.7900
2019-04-18,1567.0900,1569.2000,1556.1100,1565.7500,1567.6000
2019-04-22,1565.2200,1565.2200,1554.4600,1560.0400,1565.7500
2019-04-23,1560.5300,1587.5800,1560.5300,1585.0900,1560.0400
2019-04-24,1585.1100,1594.0300,1583.3600,1588.1300,1585.0900
2019-04-25,1587.0500,1587.0500,1565.4600,1575.6100,1588.1300
2019-04-26,1575.6600,1591.2500,1574.0601,1589.9000,1575.6100
2019-04-29,1591.9301,1603.0800,1591.9301,1598.3600,1589.9000
2019-04-30,1598.5500,1600.2900,1580.9000,1591.2100,1598.3600
2019-05-01,1593.4800,1595.8500,1576.1300,1576.3800,1591.2100
2019-05-02,1576.0000,1587.9200,1566.4600,1582.6500,1576.3800
2019-05-03,1584.0100,1614.0200,1584.0100,1614.0200,1582.6500
2019-05-06,1611.6801,1618.3700,1588.8400,1614.9800,1614.0200
2019-05-07,1611.4700,1611.4700,1571.4900,1582.3101,1614.9800
2019-05-08,1581.5900,1587.3500,1574.8500,1574.9700,1582.3101
2019-05-09,1573.3400,1573.3400,1546.8500,1570.0601,1574.9700
2019-05-10,1570.0000,1575.0800,1546.1400,1572.9900,1570.0601
2019-05-13,1571.5100,1571.5100,1520.2800,1523.0000,1572.9900
2019-05-14,1523.8101,1547.8400,1523.8101,1543.0601,1523.0000
2019-05-15,1541.5500,1550.0200,1529.4399,1548.2700,1543.0601
2019-05-16,1548.2700,1567.1700,1548.2700,1557.2400,1548.2700
2019-05-17,1555.0200,1557.5500,1534.6899,1535.7600,1557.2400
2019-05-20,1530.2500,1533.3600,1521.6300,1524.9600,1535.7600
2019-05-21,1529.8199,1545.9800,1529.8199,1545.2500,1524.9600
2019-05-22,1542.5800,1542.5800,1528.3600,1531.6300,1545.2500
2019-05-23,1525.0699,1525.0699,1493.4800,1501.3800,1531.6300
2019-05-24,1505.8800,1516.6600,1505.7600,1514.1100,1501.3800
2019-05-28,1514.9900,1520.2200,1503.8101,1504.0200,1514.1100
2019-05-29,1503.5300,1503.5300,1481.4200,1489.9500,1504.0200
2019-05-30,1491.8500,1500.6300,1478.0000,1485.5300,1489.9500
2019-05-31,1478.5300,1478.5300,1461.4700,1465.4900,1485.5300
2019-06-03,1465.8800,1476.8500,1460.4900,1469.9800,1465.4900
2019-06-04,1475.3199,1508.6500,1475.3199,1508.5601,1469.9800
2019-06-05,1510.1000,1514.2500,1494.0800,1506.7900,1508.5601
2019-06-06,1506.3500,1508.5400,1490.7700,1499.2900,1506.7900
2019-06-07,1504.6801,1518.9200,1504.6801,1514.3900,1499.2900
2019-06-10,1516.6200,1535.6400,1516.6200,1523.5601,1514.3900
2019-06-11,1525.0300,1536.1600,1513.2100,1519.1100,1523.5601
2019-06-12,1518.6400,1522.0000,1512.4000,1519.7900,1519.1100
2019-06-13,1520.5200,1536.0200,1520.5200,1535.8000,1519.7900
2019-06-14,1535.3199,1535.3199,1522.4200,1522.5000,1535.8000
2019-06-17,1523.2500,1538.5800,1523.2500,1532.7500,1522.5000
2019-06-18,1532.8700,1560.1801,1532.8700,1550.2300,1532.7500
2019-06-19,1550.4600,1556.4500,1547.5900,1555.5800,1550.2300
2019-06-20,1560.3101,1570.7400,1556.0800,1563.4900,1555.5800
2019-06-21,1561.8800,1561.8800,1546.1300,1549.6300,1563.4900
2019-06-24,1550.1000,1551.6500,1530.0800,1530.0800,1549.6300
2019-06-25,1530.9900,1533.2400,1520.5000,1521.0400,1530.0800
2019-06-26,1523.2600,1530.1300,1520.0400,1521.8900,1521.0400
2019-06-27,1518.8800,1546.5500,1518.8800,1546.5500,1521.8900
2019-06-28,1548.1200,1568.6000,1548.1200,1566.5699,1546.5500
2019-07-01,1574.6500,1586.7700,1562.7800,1566.5699,1566.5699
2019-07-02,1569.5300,1569.5300,1552.9301,1560.5400,1566.5699
2019-07-03,1562.1899,1572.1200,1562.1899,1572.1200,1560.5400
2019-07-05,1571.1100,1575.7900,1559.5800,1575.6200,1572.1200
2019-07-08,1574.2300,1574.2300,1559.0200,1561.3900,1575.6200
2019-07-09,1559.0100,1562.7300,1554.1200,1562.5900,1561.3900
2019-07-10,1564.6500,1572.8199,1558.8000,1565.0500,1562.5900
2019-07-11,1565.4600,1567.9500,1552.4000,1557.9200,1565.0500
2019-07-12,1558.6500,1574.4800,1558.6500,1570.0000,1557.9200
2019-07-15,1570.7300,1573.8800,1558.7800,1561.8199,1570.0000
2019-07-16,1561.4900,1569.6200,1558.2400,1562.0000,1561.8199
2019-07-17,1561.7500,1561.7500,1547.7600,1550.7800,1562.0000
2019-07-18,1550.3199,1557.4000,1546.0200,1555.6200,1550.7800
2019-07-19,1554.9200,1561.5601,1547.6400,1547.9000,1555.6200
2019-07-22,1549.7300,1554.2900,1543.5601,1544.7800,1547.9000
2019-07-23,1546.1200,1555.2000,1544.7600,1554.9600,1544.7800
2019-07-24,1554.0900,1581.6300,1550.5699,1580.4200,1554.9600
2019-07-25,1580.2100,1580.2100,1560.6500,1561.4500,1580.4200
2019-07-26,1561.9301,1581.5300,1561.9301,1578.9700,1561.4500
2019-07-29,1578.9000,1580.0200,1565.6300,1569.0300,1578.9700
2019-07-30,1567.6500,1586.3199,1557.9700,1585.6000,1569.0300
2019-07-31,1586.7600,1599.4000,1568.4000,1574.6100,1585.6000
2019-08-01,1574.9301,1587.8101,1546.5500,1550.7600,1574.6100
2019-08-02,1550.4600,1550.4600,1522.3700,1533.6600,1550.7600
2019-08-05,1532.3900,1532.3900,1472.6600,1487.4100,1533.6600
2019-08-06,1487.6801,1502.8600,1483.4000,1502.0900,1487.4100
2019-08-07,1501.5300,1504.5900,1478.4500,1500.6899,1502.0900
2019-08-08,1502.3199,1533.5000,1502.3199,1532.1300,1500.6899
2019-08-09,1530.9600,1530.9600,1509.9600,1513.0400,1532.1300
2019-08-12,1512.7600,1512.7600,1495.6300,1495.9000,1513.0400
2019-08-13,1493.4100,1522.7700,1490.0000,1510.5800,1495.9000
2019-08-14,1509.5800,1509.5800,1465.4600,1467.5200,1510.5800
2019-08-15,1467.5800,1470.9399,1456.2800,1461.6500,1467.5200
2019-08-16,1462.1300,1494.6801,1462.1300,1493.6400,1461.6500
2019-08-19,1496.6200,1515.3400,1496.6200,1508.8500,1493.6400
2019-08-20,1508.6300,1508.6300,1497.7700,1498.0100,1508.8500
2019-08-21,1498.5400,1512.0800,1498.5400,1509.8500,1498.0100
2019-08-22,1510.8000,1516.4700,1500.3700,1506.0000,1509.8500
2019-08-23,1504.3000,1505.6801,1456.9000,1459.4900,1506.0000
2019-08-26,1461.5900,1476.3400,1461.5900,1476.0000,1459.4900
2019-08-27,1479.4600,1485.6700,1454.9100,1456.0400,1476.0000
2019-08-28,1455.9000,1478.0300,1450.3199,1472.7100,1456.0400
2019-08-29,1478.4800,1498.7800,1478.4800,1496.7200,1472.7100
2019-08-30,1499.0699,1504.4500,1488.3400,1494.8400,1496.7200
2019-09-03,1494.0300,1494.0300,1467.4700,1472.2800,1494.8400
2019-09-04,1475.3600,1487.9399,1475.3600,1484.7600,1472.2800
2019-09-05,1491.2700,1521.7900,1491.2700,1510.7500,1484.7600
2019-09-06,1511.5100,1517.0100,1504.9100,1505.1700,1510.7500
2019-09-09,1507.5300,1526.1000,1506.7700,1524.2300,1505.1700
2019-09-10,1523.5699,1543.6300,1516.5601,1541.6100,1524.2300
2019-09-11,1543.8700,1575.8300,1541.8800,1575.7100,1541.6100
2019-09-12,1575.8000,1580.7200,1562.8101,1575.0699,1575.7100
2019-09-13,1579.2300,1589.4500,1577.1100,1578.1400,1575.0699
2019-09-16,1574.7300,1590.5000,1570.5000,1584.6000,1578.1400
2019-09-17,1582.3700,1582.3700,1569.4100,1578.2900,1584.6000
2019-09-18,1577.5500,1577.5500,1557.1500,1568.3400,1578.2900
2019-09-19,1570.7600,1581.3500,1560.9200,1561.4700,1568.3400
2019-09-20,1561.6300,1570.0200,1554.2500,1559.7600,1561.4700
2019-09-23,1556.9200,1563.6400,1552.4500,1558.2500,1559.7600
2019-09-24,1559.4800,1562.6300,1530.3300,1533.5900,1558.2500
2019-09-25,1533.1400,1552.9399,1530.7000,1550.6500,1533.5900
2019-09-26,1549.5400,1549.5400,1531.0400,1533.3300,1550.6500
2019-09-27,1534.1200,1539.3700,1515.6400,1520.4800,1533.3300
2019-09-30,1521.4900,1530.6600,1518.3400,1523.3700,1520.4800
2019-10-01,1523.8500,1539.0900,1491.5500,1493.4301,1523.3700
2019-10-02,1493.0699,1493.0699,1469.0800,1479.6300,1493.4301
2019-10-03,1476.4399,1487.3500,1462.2200,1486.3500,1479.6300
2019-10-04,1486.5699,1500.7700,1482.0200,1500.7000,1486.3500
2019-10-07,1498.7100,1507.3300,1492.6100,1497.7900,1500.7000
2019-10-08,1494.6100,1494.6100,1472.5500,1472.6000,1497.7900
2019-10-09,1480.0000,1484.8300,1476.5100,1479.4600,1472.6000
2019-10-10,1480.7100,1491.5699,1480.7100,1485.3600,1479.4600
2019-10-11,1486.9600,1525.8300,1486.9600,1511.9000,1485.3600
2019-10-14,1507.3300,1508.6200,1499.9800,1505.4301,1511.9000
2019-10-15,1508.5400,1528.4200,1507.8000,1523.3000,1505.4301
2019-10-16,1521.4800,1529.6000,1520.4100,1525.0601,1523.3000
2019-10-17,1530.1801,1542.6600,1530.1801,1541.8400,1525.0601
2019-10-18,1539.2400,1540.7200,1525.4700,1535.4800,1541.8400
2019-10-21,1541.7300,1557.0200,1541.7300,1552.4100,1535.4800
2019-10-22,1550.7700,1557.8900,1547.3101,1550.8700,1552.4100
2019-10-23,1550.5900,1554.6801,1545.8900,1552.8600,1550.8700
2019-10-24,1556.6000,1557.3300,1544.8900,1548.4900,1552.8600
2019-10-25,1548.9900,1562.5601,1547.7800,1558.7100,1548.4900
2019-10-28,1563.5000,1576.9900,1563.5000,1571.9301,1558.7100
2019-10-29,1571.7600,1581.1300,1569.4600,1577.0699,1571.9301
2019-10-30,1575.6100,1575.6100,1562.0500,1572.8500,1577.0699
2019-10-31,1570.1899,1570.4800,1552.8700,1562.4500,1572.8500
2019-11-01,1569.2000,1589.3300,1569.2000,1589.3300,1562.4500
2019-11-04,1597.1000,1602.0601,1593.7400,1597.4000,1589.3300
2019-11-05,1598.9399,1608.8000,1597.9301,1599.6100,1597.4000
2019-11-06,1598.4200,1598.4200,1587.0200,1589.5400,1599.6100
2019-11-07,1598.2500,1607.4100,1590.3300,1593.9900,1589.5400
2019-11-08,1590.9600,1598.9301,1587.5000,1598.8600,1593.9900
2019-11-11,1592.7500,1595.4399,1588.3101,1594.7700,1598.8600
2019-11-12,1595.6200,1604.6400,1593.4100,1595.1200,1594.7700
2019-11-13,1588.2900,1591.8500,1581.0601,1589.1801,1595.1200
2019-11-14,1587.3500,1594.7100,1586.6801,1588.7900,1589.1801
2019-11-15,1594.0601,1598.2000,1591.0400,1596.4500,1588.7900
2019-11-18,1594.1100,1594.1100,1588.5500,1592.3400,1596.4500
2019-11-19,1594.9600,1602.9600,1592.0400,1598.2900,1592.3400
2019-11-20,1593.4399,1602.7100,1581.9800,1591.6100,1598.2900
2019-11-21,1594.1000,1595.6100,1581.0400,1583.9600,1591.6100
2019-11-22,1588.8900,1591.3101,1581.8101,1588.9399,1583.9600
2019-11-25,1594.4900,1623.9900,1594.4900,1621.9000,1588.9399
2019-11-26,1621.9000,1630.2800,1619.9500,1624.2300,1621.9000
2019-11-27,1626.8000,1634.7700,1626.8000,1634.1000,1624.2300
2019-11-29,1630.1600,1633.5900,1623.9200,1624.5000,1634.1000
2019-12-02,1626.5601,1627.3400,1606.6300,1607.5800,1624.5000
2019-12-03,1602.7600,1603.0800,1589.7300,1602.6300,1607.5800
2019-12-04,1607.6801,1618.3800,1607.6801,1613.9000,1602.6300
2019-12-05,1617.1700,1620.8400,1611.8000,1614.8300,1613.9000
2019-12-06,1620.9200,1637.9000,1620.9200,1633.8400,1614.8300
2019-12-09,1631.4700,1636.4399,1629.6200,1629.6200,1633.8400
2019-12-10,1629.1000,1633.7400,1626.3700,1631.7100,1629.6200
2019-12-11,1633.4301,1634.4301,1626.7400,1631.9301,1631.7100
2019-12-12,1631.8000,1654.0699,1629.8600,1644.8101,1631.9301
2019-12-13,1643.8300,1650.1899,1632.6500,1637.9800,1644.8101
2019-12-16,1647.2000,1658.6200,1647.2000,1649.9399,1637.9800
2019-12-17,1650.5900,1657.7000,1649.6300,1657.5601,1649.9399
2019-12-18,1660.4900,1663.3900,1654.7300,1661.7300,1657.5601
2019-12-19,1662.5200,1667.2300,1660.6200,1667.0900,1661.7300
2019-12-20,1670.6000,1674.4301,1668.8600,1671.9000,1667.0900
2019-12-23,1673.9800,1675.3101,1666.1899,1674.1400,1671.9000
2019-12-24,1676.2300,1678.0900,1673.7400,1678.0100,1674.1400
2019-12-26,1680.2200,1680.3600,1675.1000,1677.6700,1678.0100
2019-12-27,1681.2500,1681.6801,1666.4301,1669.0300,1677.6700
2019-12-30,1669.8800,1670.2200,1658.0500,1664.1500,1669.0300
2019-12-31,1660.0500,1673.3400,1659.8300,1668.4700,1664.1500
2020-01-02,1675.9000,1678.1400,1653.5200,1666.7700,1668.4700
2020-01-03,1655.0200,1664.0400,1648.5400,1660.8700,1666.7700
2020-01-06,1650.6600,1664.8500,1645.5100,1663.2600,1660.8700
2020-01-07,1659.7300,1662.1000,1653.3300,1658.3101,1663.2600
2020-01-08,1658.4700,1669.2900,1658.2300,1663.5900,1658.3101
2020-01-09,1669.8600,1671.8199,1663.7800,1664.9900,1663.5900
2020-01-10,1665.4700,1666.7500,1654.0100,1657.6400,1664.9900
2020-01-13,1658.9800,1669.6100,1652.3199,1669.6100,1657.6400
2020-01-14,1668.3900,1684.3400,1662.8600,1675.7400,1669.6100
2020-01-15,1673.6899,1688.1200,1673.4000,1682.4000,1675.7400
2020-01-16,1691.8199,1706.1700,1691.8199,1705.2200,1682.4000
2020-01-17,1712.9301,1715.0800,1697.6899,1699.6400,1705.2200
2020-01-21,1695.4500,1695.4500,1684.2600,1685.9000,1699.6400
2020-01-22,1691.0699,1694.3700,1682.9399,1684.4600,1685.9000
2020-01-23,1680.5400,1687.8500,1666.4700,1685.0100,1684.4600
2020-01-24,1687.8101,1689.1500,1653.1899,1662.2300,1685.0100
2020-01-27,1660.8199,1660.8199,1632.2600,1644.1400,1662.2300
2020-01-28,1651.1300,1661.1899,1651.1300,1658.3101,1644.1400
2020-01-29,1661.0800,1663.7700,1649.0000,1649.2200,1658.3101
2020-01-30,1641.4700,1648.4301,1630.9399,1648.2200,1649.2200
2020-01-31,1643.6899,1643.6899,1610.6400,1614.0601,1648.2200
2020-02-03,1618.8000,1636.8800,1618.8000,1632.2100,1614.0601
2020-02-04,1644.4200,1661.0000,1644.4200,1656.7700,1632.2100
2020-02-05,1667.9500,1682.9600,1667.3800,1681.9200,1656.7700
2020-02-06,1685.4399,1689.1700,1677.2900,1677.4600,1681.9200
2020-02-07,1673.5300,1673.5300,1654.3101,1656.7800,1677.4600
2020-02-10,1654.9200,1667.7000,1653.6700,1667.6700,1656.7800
2020-02-11,1674.5000,1686.0100,1674.0000,1677.5100,1667.6700
2020-02-12,1684.3900,1690.0601,1683.0200,1689.3800,1677.5100
2020-02-13,1684.5800,1696.5400,1680.3800,1693.7400,1689.3800
2020-02-14,1694.8700,1695.1700,1683.4700,1687.5800,1693.7400
2020-02-18,1686.0300,1687.3800,1674.6000,1683.5200,1687.5800
2020-02-19,1685.3300,1698.1600,1685.3300,1692.5699,1683.5200
2020-02-20,1689.4200,1698.9100,1677.6200,1696.0699,1692.5699
2020-02-21,1694.7300,1694.7300,1673.2000,1678.6100,1696.0699
2020-02-24,1676.6500,1676.6500,1620.1400,1628.1000,1678.6100
2020-02-25,1630.8700,1633.1100,1568.9700,1571.9000,1628.1000
2020-02-26,1572.2700,1588.3199,1551.3900,1552.7600,1571.9000
2020-02-27,1545.2500,1553.9800,1495.8900,1497.8700,1552.7600
2020-02-28,1496.8300,1496.8300,1448.2100,1476.4301,1497.8700
2020-03-02,1476.5900,1518.5100,1463.0601,1518.4900,1476.4301
2020-03-03,1518.5200,1539.7400,1472.7400,1486.0800,1518.4900
2020-03-04,1500.1500,1531.2000,1494.5800,1531.2000,1486.0800
2020-03-05,1522.8500,1522.8500,1462.9200,1478.8199,1531.2000
2020-03-06,1476.6300,1476.6300,1417.2700,1449.2200,1478.8199
2020-03-09,1396.2400,1396.2400,1310.7600,1313.4399,1449.2200
2020-03-10,1329.8800,1351.4800,1288.9301,1350.9000,1313.4399
2020-03-11,1349.2400,1349.2400,1249.2800,1264.3000,1350.9000
2020-03-12,1253.8700,1253.8700,1121.7200,1122.9301,1264.3000
2020-03-13,1153.7600,1210.1300,1109.3900,1210.1300,1122.9301
2020-03-16,1174.9700,1174.9700,1035.1899,1037.4200,1210.1300
2020-03-17,1043.8700,1106.6801,1011.9500,1106.5100,1037.4200
2020-03-18,1057.6500,1062.8800,966.2200,991.1600,1106.5100
2020-03-19,988.7100,1069.1500,968.8600,1058.7500,991.1600
2020-03-20,1064.7200,1087.7200,1009.5300,1013.8900,1058.7500
2020-03-23,1014.0800,1017.8900,966.4200,1002.4000,1013.8900
2020-03-24,1041.0699,1096.5400,1041.0699,1096.5400,1002.4000
2020-03-25,1100.1400,1146.8101,1075.8500,1110.3700,1096.5400
2020-03-26,1116.3000,1180.3199,1116.3000,1180.3199,1110.3700
2020-03-27,1163.9200,1163.9200,1125.6801,1131.9900,1180.3199
2020-03-30,1134.1400,1158.6400,1119.9500,1158.3199,1131.9900
2020-03-31,1155.6801,1164.6300,1130.3400,1153.1000,1158.3199
2020-04-01,1127.7300,1127.7300,1064.6000,1071.9900,1153.1000
2020-04-02,1071.4600,1102.3600,1055.6000,1085.8101,1071.9900
2020-04-03,1082.9000,1082.9000,1035.3900,1052.0500,1085.8101
2020-04-06,1085.8800,1139.9301,1085.8800,1138.7800,1052.0500
2020-04-07,1158.1700,1190.9800,1133.5500,1139.1700,1138.7800
2020-04-08,1151.0100,1197.1700,1147.2600,1191.6600,1139.1700
2020-04-09,1212.6600,1250.1300,1212.6600,1246.7300,1191.6600
2020-04-13,1240.9100,1240.9399,1200.9200,1212.0400,1246.7300
2020-04-14,1232.3199,1251.8800,1224.1500,1237.3300,1212.0400
2020-04-15,1221.7100,1221.7100,1176.0300,1183.9800,1237.3300
2020-04-16,1185.1000,1187.8400,1154.5200,1178.0900,1183.9800
2020-04-17,1191.8500,1231.9301,1191.8500,1229.1000,1178.0900
2020-04-20,1220.6300,1233.8600,1202.2200,1213.3500,1229.1000
2020-04-21,1192.2200,1195.8800,1173.9100,1185.0900,1213.3500
2020-04-22,1203.0100,1213.3400,1196.5400,1201.5200,1185.0900
2020-04-23,1203.6600,1232.5900,1203.6600,1214.0601,1201.5200
2020-04-24,1216.6801,1238.3101,1210.6200,1233.0500,1214.0601
2020-04-27,1243.4700,1289.1801,1243.4700,1281.8800,1233.0500
2020-04-28,1301.2200,1316.7100,1282.7700,1298.0800,1281.8800
2020-04-29,1314.0400,1373.3900,1314.0400,1360.7600,1298.0800
2020-04-30,1354.8000,1354.8000,1310.4500,1310.6600,1360.7600
2020-05-01,1280.5800,1281.0800,1241.9100,1260.4800,1310.6600
2020-05-04,1254.8800,1263.9700,1234.0100,1263.9700,1260.4800
2020-05-05,1271.2200,1302.4500,1269.9900,1273.5100,1263.9700
2020-05-06,1278.9000,1284.9200,1262.5601,1263.0100,1273.5100
2020-05-07,1268.3500,1290.9200,1268.3500,1282.9301,1263.0100
2020-05-08,1294.2800,1330.1100,1294.2800,1329.6400,1282.9301
2020-05-11,1320.3700,1333.8500,1303.5300,1321.2400,1329.6400
2020-05-12,1322.6700,1326.8900,1275.5400,1275.5400,1321.2400
2020-05-13,1272.9000,1272.9000,1212.7500,1233.2500,1275.5400
2020-05-14,1226.6600,1237.5601,1181.0900,1237.5500,1233.2500
2020-05-15,1236.2500,1259.2800,1225.5500,1256.9900,1237.5500
2020-05-18,1290.9000,1338.3500,1290.9000,1333.6899,1256.9900
2020-05-19,1330.2700,1339.1200,1307.2700,1307.7200,1333.6899
2020-05-20,1322.7800,1353.3800,1322.7800,1346.9301,1307.7200
2020-05-21,1345.7200,1354.6500,1333.9900,1347.5601,1346.9301
2020-05-22,1349.4000,1355.7700,1338.1300,1355.5300,1347.5601
2020-05-26,1361.1600,1406.7700,1361.1600,1393.0699,1355.5300
2020-05-27,1398.5000,1438.9600,1382.0300,1436.3600,1393.0699
2020-05-28,1437.8400,1450.3700,1396.9500,1400.6700,1436.3600
2020-05-29,1399.0500,1399.0500,1372.7100,1394.0400,1400.6700
2020-06-01,1396.2900,1419.9399,1395.5100,1405.3700,1394.0400
2020-06-02,1409.1600,1421.1200,1403.6899,1418.2100,1405.3700
2020-06-03,1425.3700,1463.5500,1425.3700,1452.0900,1418.2100
2020-06-04,1450.1600,1460.0900,1439.1100,1452.0601,1452.0900
2020-06-05,1460.1801,1525.5601,1460.1801,1507.1500,1452.0601
2020-06-08,1510.5900,1537.6200,1510.5900,1536.8900,1507.1500
2020-06-09,1533.0300,1533.0300,1496.6899,1507.0500,1536.8900
2020-06-10,1506.9399,1506.9399,1465.9399,1467.3900,1507.0500
2020-06-11,1458.3400,1458.3400,1355.3199,1356.2200,1467.3900
2020-06-12,1366.9600,1412.9100,1349.3900,1387.6801,1356.2200
2020-06-15,1381.4100,1425.8400,1343.6000,1419.6100,1387.6801
2020-06-16,1432.3500,1473.7500,1427.8400,1452.2600,1419.6100
2020-06-17,1453.3300,1456.7600,1424.5900,1426.5300,1452.2600
2020-06-18,1424.7200,1439.7400,1412.2700,1427.3300,1426.5300
2020-06-19,1430.6500,1443.8000,1409.4700,1418.6300,1427.3300
2020-06-22,1417.6700,1433.5300,1400.9800,1433.5300,1418.6300
2020-06-23,1436.4600,1454.1200,1436.4600,1439.3400,1433.5300
2020-06-24,1437.2000,1437.2000,1374.4000,1389.7400,1439.3400
2020-06-25,1388.4100,1413.7100,1375.3700,1413.3101,1389.7400
2020-06-26,1411.3700,1411.3700,1375.5900,1378.7800,1413.3101
2020-06-29,1383.0400,1427.0900,1381.0400,1421.2100,1378.7800
2020-06-30,1418.5500,1444.1200,1413.1801,1441.3700,1421.2100
2020-07-01,1443.2900,1451.4600,1423.6500,1427.3101,1441.3700
2020-07-02,1433.3900,1459.4100,1428.5500,1431.8600,1427.3101
2020-07-06,1435.9500,1461.2800,1435.9500,1442.8800,1431.8600
2020-07-07,1441.3000,1441.3000,1414.2400,1416.0000,1442.8800
2020-07-08,1416.3600,1431.8300,1402.1801,1427.4000,1416.0000
2020-07-09,1427.4399,1427.8300,1384.1000,1398.9200,1427.4000
2020-07-10,1398.9200,1422.7100,1395.6500,1422.6801,1398.9200
2020-07-13,1427.3600,1452.3199,1403.0601,1403.5699,1422.6801
2020-07-14,1403.1300,1428.4000,1393.9000,1428.2600,1403.5699
2020-07-15,1432.5000,1485.0500,1432.5000,1478.2700,1428.2600
2020-07-16,1473.7800,1473.7800,1460.0800,1467.5601,1478.2700
2020-07-17,1467.8700,1482.4000,1464.7100,1473.3199,1467.5601
2020-07-20,1471.6700,1474.3700,1461.3000,1467.9500,1473.3199
2020-07-21,1472.1300,1496.7300,1472.1300,1487.5100,1467.9500
2020-07-22,1486.4301,1493.5601,1478.8800,1490.1400,1487.5100
2020-07-23,1489.3300,1507.2400,1477.2300,1490.2000,1490.1400
2020-07-24,1488.6700,1488.6700,1466.1000,1467.5500,1490.2000
2020-07-27,1468.2300,1484.6600,1464.4800,1484.6500,1467.5500
2020-07-28,1484.3700,1485.3400,1469.5500,1469.7600,1484.6500
2020-07-29,1471.3700,1501.8600,1471.3700,1500.6300,1469.7600
2020-07-30,1499.2000,1499.2000,1475.1600,1495.1000,1500.6300
2020-07-31,1495.1500,1495.1500,1457.6200,1480.4301,1495.1000
2020-08-03,1485.4900,1507.9301,1483.3700,1506.8000,1480.4301
2020-08-04,1506.5300,1517.2200,1501.5800,1517.2100,1506.8000
2020-08-05,1521.7900,1546.4000,1521.7900,1546.2400,1517.2100
2020-08-06,1546.4399,1550.4700,1537.4600,1544.6200,1546.2400
2020-08-07,1542.5200,1569.2600,1539.5200,1569.1801,1544.6200
2020-08-10,1573.7500,1593.8300,1573.7500,1584.6700,1569.1801
2020-08-11,1587.5699,1603.6000,1570.7000,1575.1000,1584.6700
2020-08-12,1577.9000,1595.1200,1574.2500,1583.2500,1575.1000
2020-08-13,1580.2600,1590.0900,1575.9600,1579.7900,1583.2500
2020-08-14,1575.7800,1583.4800,1567.8800,1577.8800,1579.7900
2020-08-17,1579.4800,1586.5200,1575.8400,1585.4700,1577.8800
2020-08-18,1585.5400,1585.5400,1566.5100,1569.7700,1585.4700
2020-08-19,1570.4399,1585.1600,1569.9800,1572.0699,1569.7700
2020-08-20,1567.7700,1570.3800,1554.4600,1564.3000,1572.0699
2020-08-21,1563.3700,1563.3700,1545.3600,1552.4800,1564.3000
2020-08-24,1559.9600,1568.7300,1554.1000,1568.4700,1552.4800
2020-08-25,1572.6500,1574.2400,1556.7800,1571.2100,1568.4700
2020-08-26,1570.7200,1572.5699,1559.7300,1560.1899,1571.2100
2020-08-27,1561.3600,1573.3800,1555.2700,1564.5601,1560.1899
2020-08-28,1570.4600,1578.3400,1567.1300,1578.3400,1564.5601
2020-08-31,1577.5500,1577.5500,1561.8800,1561.8800,1578.3400
2020-09-01,1561.1000,1578.5800,1554.1899,1578.5800,1561.8800
2020-09-02,1578.7800,1595.0400,1567.4301,1592.2900,1578.5800
2020-09-03,1592.4700,1592.4700,1538.5300,1544.6801,1592.2900
2020-09-04,1546.6400,1563.3800,1501.5200,1535.3000,1544.6801
2020-09-08,1534.3700,1534.3700,1499.8300,1504.5900,1535.3000
2020-09-09,1505.0900,1532.9100,1505.0900,1526.4800,1504.5900
2020-09-10,1526.8700,1543.4301,1507.7300,1507.7500,1526.4800
2020-09-11,1508.8000,1515.9700,1484.9500,1497.2700,1507.7500
2020-09-14,1499.3800,1538.5000,1499.3800,1536.9700,1497.2700
2020-09-15,1538.5400,1551.0200,1535.6400,1538.1500,1536.9700
2020-09-16,1539.2700,1572.0601,1539.2700,1552.3300,1538.1500
2020-09-17,1550.1400,1550.1400,1526.5500,1542.6000,1552.3300
2020-09-18,1544.3400,1556.3800,1519.7600,1536.7800,1542.6000
2020-09-21,1533.9200,1533.9200,1470.4399,1485.2500,1536.7800
2020-09-22,1486.0500,1497.8101,1474.4900,1496.9600,1485.2500
2020-09-23,1496.9700,1503.9800,1451.4100,1451.4600,1496.9600
2020-09-24,1450.8400,1474.0200,1432.5699,1451.8199,1451.4600
2020-09-25,1450.9800,1478.9500,1445.7000,1474.9100,1451.8199
2020-09-28,1477.4301,1514.3300,1477.4301,1510.3400,1474.9100
2020-09-29,1510.2000,1512.2200,1492.5200,1504.7300,1510.3400
2020-09-30,1504.8400,1528.0100,1498.2900,1507.6899,1504.7300
2020-10-01,1508.6000,1531.9200,1508.6000,1531.2000,1507.6899
2020-10-02,1527.5900,1544.5000,1498.1100,1539.3000,1531.2000
2020-10-05,1541.2000,1582.6600,1541.2000,1581.9600,1539.3000
2020-10-06,1584.4900,1619.2100,1577.2900,1577.2900,1581.9600
2020-10-07,1581.1200,1614.6100,1581.1200,1611.0400,1577.2900
2020-10-08,1615.2700,1630.3300,1615.2700,1628.5500,1611.0400
2020-10-09,1630.7100,1645.0400,1630.7100,1637.5500,1628.5500
2020-10-12,1642.4600,1652.0500,1637.3500,1649.0500,1637.5500
2020-10-13,1647.5699,1647.5699,1631.6000,1636.8500,1649.0500
2020-10-14,1637.9700,1647.9900,1621.5601,1621.6500,1636.8500
2020-10-15,1618.8800,1641.0000,1598.4900,1638.8800,1621.6500
2020-10-16,1638.4800,1646.2500,1633.8000,1633.8101,1638.8800
2020-10-19,1636.8400,1647.0500,1612.2200,1613.6300,1633.8101
2020-10-20,1620.5699,1632.7600,1615.9900,1617.7100,1613.6300
2020-10-21,1618.3400,1621.8800,1603.7700,1603.7800,1617.7100
2020-10-22,1604.9500,1631.9700,1603.9600,1630.2500,1603.7800
2020-10-23,1634.0601,1641.4800,1626.3199,1640.5000,1630.2500
2020-10-26,1635.2200,1635.2200,1586.8900,1605.2100,1640.5000
2020-10-27,1605.6801,1609.5300,1590.7100,1590.7100,1605.2100
2020-10-28,1586.7700,1586.7700,1542.5400,1543.2800,1590.7100
2020-10-29,1543.0601,1566.3900,1532.2300,1561.5800,1543.2800
2020-10-30,1559.6899,1559.6899,1526.2200,1538.4800,1561.5800
2020-11-02,1540.8600,1568.5900,1540.8600,1568.5900,1538.4800
2020-11-03,1571.9500,1620.7700,1571.9500,1614.3000,1568.5900
2020-11-04,1612.9800,1631.3101,1598.5601,1615.0800,1614.3000
2020-11-05,1616.6500,1664.1200,1616.6500,1660.0500,1615.0800
2020-11-06,1660.7800,1667.1500,1648.2600,1648.2600,1660.0500
2020-11-09,1652.1100,1745.6899,1652.1100,1705.0400,1648.2600
2020-11-10,1706.4500,1741.8300,1706.4500,1737.0100,1705.0400
2020-11-11,1738.8800,1746.3101,1722.2200,1736.9399,1737.0100
2020-11-12,1735.9900,1735.9900,1696.6500,1708.4700,1736.9399
2020-11-13,1710.0500,1749.3600,1710.0500,1744.0400,1708.4700
2020-11-16,1747.0200,1785.3400,1747.0200,1785.3400,1744.0400
2020-11-17,1783.0900,1795.8900,1755.3400,1791.9100,1785.3400
2020-11-18,1792.7600,1805.2000,1769.3199,1769.3199,1791.9100
2020-11-19,1769.2500,1784.6400,1764.2000,1784.1300,1769.3199
2020-11-20,1782.1500,1787.3900,1771.1300,1785.3400,1784.1300
2020-11-23,1787.2400,1827.6000,1787.2400,1818.3000,1785.3400
2020-11-24,1819.5200,1862.1700,1819.5200,1853.5300,1818.3000
2020-11-25,1852.6200,1852.6200,1831.9500,1845.0200,1853.5300
2020-11-27,1846.2600,1855.2700,1845.5000,1855.2700,1845.0200
2020-11-30,1854.8700,1854.8700,1813.5601,1819.8199,1855.2700
2020-12-01,1822.9200,1848.0200,1822.9200,1836.0500,1819.8199
2020-12-02,1833.0800,1842.5300,1817.0200,1838.0300,1836.0500
2020-12-03,1838.5200,1860.3500,1838.5200,1848.7000,1838.0300
2020-12-04,1849.9800,1892.4500,1849.9800,1892.4500,1848.7000
2020-12-07,1892.7200,1897.4399,1886.7800,1891.2500,1892.4500
2020-12-08,1890.5699,1918.0100,1881.7000,1917.7800,1891.2500
2020-12-09,1919.1600,1935.2700,1889.3300,1902.1500,1917.7800
2020-12-10,1901.3400,1924.1200,1887.6899,1922.7000,1902.1500
2020-12-11,1921.2700,1926.7300,1896.0200,1911.7000,1922.7000
2020-12-14,1914.1500,1944.1200,1913.8600,1913.8600,1911.7000
2020-12-15,1915.9000,1960.8101,1915.9000,1959.7600,1913.8600
2020-12-16,1961.2600,1966.1100,1947.0500,1952.7200,1959.7600
2020-12-17,1953.7600,1978.0500,1953.7600,1978.0500,1952.7200
2020-12-18,1978.8900,1992.7200,1965.6700,1969.9900,1978.0500
2020-12-21,1967.9301,1970.6700,1934.6600,1970.3300,1969.9900
2020-12-22,1971.1801,1992.5000,1971.1801,1989.8800,1970.3300
2020-12-23,1991.1000,2011.8400,1991.1000,2007.1000,1989.8800
2020-12-24,2013.1801,2013.9700,1997.1801,2003.9500,2007.1000
2020-12-28,2013.4900,2026.2400,1996.2500,1996.2500,2003.9500
2020-12-29,1996.7300,2001.7000,1950.8199,1959.3600,1996.2500
2020-12-30,1961.7200,1987.7800,1961.7200,1979.9900,1959.3600
2020-12-31,1979.9301,1981.4100,1963.2600,1974.8600,1979.9900
2021-01-04,1975.7800,1990.7000,1927.1500,1945.9100,1974.8600
2021-01-05,1945.7900,1988.7600,1943.6899,1979.1100,1945.9100
2021-01-06,1980.2900,2079.7200,1980.2900,2057.9199,1979.1100
2021-01-07,2059.3301,2099.2600,2059.3301,2096.8899,2057.9199
2021-01-08,2098.4500,2113.8799,2064.6101,2091.6599,2096.8899
2021-01-11,2088.8000,2095.3999,2061.6399,2091.0100,2091.6599
2021-01-12,2091.7900,2128.3899,2091.7900,2127.9600,2091.0100
2021-01-13,2128.1699,2131.4199,2109.7200,2111.9700,2127.9600
2021-01-14,2113.6201,2164.3201,2113.6201,2155.3501,2111.9700
2021-01-15,2154.6899,2154.6899,2102.5300,2123.2000,2155.3501
2021-01-19,2125.5100,2152.3501,2125.5100,2151.1399,2123.2000
2021-01-20,2152.3000,2173.7300,2149.9900,2160.6201,2151.1399
2021-01-21,2161.3000,2167.0300,2138.0300,2141.4199,2160.6201
2021-01-22,2140.4800,2168.8000,2118.7700,2168.7600,2141.4199
2021-01-25,2168.7200,2194.8601,2135.2200,2163.2700,2168.7600
2021-01-26,2165.4600,2183.0100,2146.3401,2149.8601,2163.2700
2021-01-27,2146.6599,2146.6599,2088.0100,2108.7000,2149.8601
2021-01-28,2111.2900,2138.2000,2094.7800,2106.6101,2108.7000
2021-01-29,2106.7800,2124.6201,2066.5901,2073.6399,2106.6101
2021-02-01,2075.0100,2130.6899,2075.0100,2126.1599,2073.6399
2021-02-02,2127.3101,2154.5400,2126.4500,2151.4399,2126.1599
2021-02-03,2151.4600,2163.3601,2135.7800,2159.7000,2151.4399
2021-02-04,2160.7700,2202.4199,2160.7700,2202.4199,2159.7000
2021-02-05,2202.9399,2233.3301,2202.9399,2233.3301,2202.4199
2021-02-08,2234.3501,2289.7600,2234.3501,2289.7600,2233.3301
2021-02-09,2289.6399,2309.4299,2281.9299,2299.0000,2289.7600
2021-02-10,2300.6799,2318.0901,2266.6599,2282.4399,2299.0000
2021-02-11,2283.2700,2303.6299,2255.5701,2285.3201,2282.4399
2021-02-12,2284.6599,2293.7300,2264.3799,2289.3601,2285.3201
2021-02-16,2290.5701,2310.0901,2266.2700,2272.8899,2289.3601
2021-02-17,2271.9600,2271.9600,2226.9800,2256.1101,2272.8899
2021-02-18,2253.0300,2253.0300,2208.4900,2218.3899,2256.1101
2021-02-19,2218.8201,2275.8701,2218.8201,2266.6899,2218.3899
2021-02-22,2265.8701,2276.3301,2247.7000,2251.0701,2266.6899
2021-02-23,2248.4199,2248.4199,2169.0801,2231.3101,2251.0701
2021-02-24,2232.4099,2286.4900,2232.4099,2284.3799,2231.3101
2021-02-25,2283.8501,2289.0701,2196.5200,2200.1699,2284.3799
2021-02-26,2201.3000,2232.2900,2165.8601,2201.0500,2200.1699
2021-03-01,2203.0300,2279.5400,2203.0300,2275.3201,2201.0500
2021-03-02,2275.1201,2275.1201,2231.1101,2231.5100,2275.3201
2021-03-03,2232.5000,2252.5601,2207.6201,2207.7900,2231.5100
2021-03-04,2207.7400,2217.0500,2110.1399,2146.9199,2207.7900
2021-03-05,2149.4299,2193.2700,2085.1201,2192.2100,2146.9199
2021-03-08,2192.6499,2233.3401,2192.4800,2202.9800,2192.2100
2021-03-09,2204.8000,2261.6399,2204.8000,2245.0601,2202.9800
2021-03-10,2246.9600,2299.4600,2246.9600,2285.6799,2245.0601
2021-03-11,2287.9399,2338.5500,2287.9399,2338.5400,2285.6799
2021-03-12,2337.2300,2354.2000,2325.6499,2352.7900,2338.5400
2021-03-15,2352.7900,2360.1699,2337.1299,2360.1699,2352.7900
2021-03-16,2360.1299,2360.1299,2304.9700,2319.5200,2360.1699
2021-03-17,2315.1399,2339.2800,2289.8401,2336.3899,2319.5200
2021-03-18,2335.8301,2340.5500,2262.0701,2267.5901,2336.3899
2021-03-19,2267.6499,2298.0400,2247.5701,2287.5500,2267.5901
2021-03-22,2287.9299,2294.0400,2258.7000,2266.8401,2287.5500
2021-03-23,2264.1399,2264.1399,2175.7800,2185.6899,2266.8401
2021-03-24,2192.9500,2221.9800,2134.1201,2134.2700,2185.6899
2021-03-25,2133.1499,2190.8899,2100.2700,2183.1201,2134.2700
2021-03-26,2190.8799,2222.1899,2177.8999,2221.4800,2183.1201
2021-03-29,2219.3101,2223.1899,2158.4399,2158.6799,2221.4800
2021-03-30,2158.5901,2202.6201,2151.5500,2195.8000,2158.6799
2021-03-31,2200.0300,2237.6799,2200.0300,2220.5200,2195.8000
2021-04-01,2225.2900,2253.8999,2225.2900,2253.8999,2220.5200
2021-04-05,2280.8000,2280.8301,2253.9399,2264.8899,2253.8999
2021-04-06,2264.7400,2280.3701,2257.5500,2259.1499,2264.8899
2021-04-07,2259.1499,2259.1499,2217.7800,2223.0500,2259.1499
2021-04-08,2225.1899,2243.0000,2213.8401,2242.6001,2223.0500
2021-04-09,2241.9700,2245.9900,2231.0300,2243.4700,2242.6001
2021-04-12,2244.3301,2244.3301,2222.2100,2233.7800,2243.4700
2021-04-13,2233.9900,2237.3799,2208.2000,2228.9199,2233.7800
2021-04-14,2230.1599,2272.8501,2230.1599,2247.7200,2228.9199
2021-04-15,2249.4199,2264.1599,2240.7500,2257.0701,2247.7200
2021-04-16,2258.2900,2273.1499,2251.7300,2262.6699,2257.0701
2021-04-19,2261.1101,2261.1101,2219.0500,2232.0000,2262.6699
2021-04-20,2231.1299,2231.1299,2171.6799,2188.2100,2232.0000
2021-04-21,2187.4800,2240.4600,2175.4299,2239.6299,2188.2100
2021-04-22,2240.8701,2268.5300,2227.4900,2232.6101,2239.6299
2021-04-23,2233.7200,2281.2200,2233.7200,2271.8601,2232.6101
2021-04-26,2275.3401,2302.3799,2275.3401,2298.0100,2271.8601
2021-04-27,2298.8301,2309.8000,2294.4099,2301.2700,2298.0100
2021-04-28,2301.1001,2309.8201,2291.2800,2304.1599,2301.2700
2021-04-29,2307.0701,2322.9099,2278.4199,2295.4600,2304.1599
2021-04-30,2292.4900,2292.4900,2259.3000,2266.4500,2295.4600
2021-05-03,2268.6201,2288.5701,2267.7800,2277.4500,2266.4500
2021-05-04,2275.1001,2275.1001,2225.7000,2248.2900,2277.4500
2021-05-05,2250.1299,2260.0000,2232.8601,2241.3701,2248.2900
2021-05-06,2240.2100,2242.0300,2205.5901,2241.4199,2241.3701
2021-05-07,2242.1001,2271.8101,2240.5601,2271.6299,2241.4199
2021-05-10,2271.0901,2271.2400,2212.5901,2212.7000,2271.6299
2021-05-11,2206.4800,2215.6899,2157.1399,2206.9900,2212.7000
2021-05-12,2205.0200,2205.0200,2132.2500,2135.1399,2206.9900
2021-05-13,2135.2300,2185.2400,2133.9700,2170.9500,2135.1399
2021-05-14,2171.1299,2226.3899,2171.1299,2224.6299,2170.9500
2021-05-17,2222.8601,2227.4600,2197.1001,2227.1201,2224.6299
2021-05-18,2227.9199,2244.4299,2210.4299,2210.8799,2227.1201
2021-05-19,2205.7700,2205.7700,2159.1399,2193.6399,2210.8799
2021-05-20,2194.6899,2210.9199,2184.4099,2207.7600,2193.6399
2021-05-21,2210.2100,2236.8301,2210.2100,2215.2700,2207.7600
2021-05-24,2223.0500,2237.1299,2218.1499,2227.3401,2215.2700
2021-05-25,2229.2400,2247.8101,2205.7300,2205.7500,2227.3401
2021-05-26,2207.3501,2250.6101,2207.3501,2249.2700,2205.7500
2021-05-27,2250.7300,2277.6201,2250.7300,2273.0701,2249.2700
2021-05-28,2273.8201,2285.0701,2264.9199,2268.9700,2273.0701
2021-06-01,2270.3799,2298.7200,2270.3799,2294.7400,2268.9700
2021-06-02,2295.6599,2302.2200,2285.0500,2297.8301,2294.7400
2021-06-03,2296.5701,2296.5701,2257.0000,2279.2500,2297.8301
2021-06-04,2281.0701,2293.6799,2277.4399,2286.4099,2279.2500
2021-06-07,2286.9299,2321.6399,2286.9299,2319.1799,2286.4099
2021-06-08,2319.5701,2348.3501,2316.1699,2343.7600,2319.1799
2021-06-09,2344.8201,2350.7000,2325.5601,2327.1299,2343.7600
2021-06-10,2327.9800,2337.7600,2305.7100,2311.4099,2327.1299
2021-06-11,2312.6001,2335.8101,2312.6001,2335.8101,2311.4099
2021-06-14,2337.4500,2348.6399,2320.1699,2326.1499,2335.8101
2021-06-15,2326.7600,2327.8701,2301.7800,2320.0701,2326.1499
2021-06-16,2319.0901,2321.9099,2296.2100,2314.6899,2320.0701
2021-06-17,2314.2000,2316.6001,2264.1201,2287.4600,2314.6899
2021-06-18,2284.9600,2284.9600,2229.5801,2237.7500,2287.4600
2021-06-21,2238.6201,2289.7600,2238.6201,2286.0901,2237.7500
2021-06-22,2285.4600,2298.3601,2266.1599,2295.9500,2286.0901
2021-06-23,2296.3999,2314.3000,2296.3999,2303.4700,2295.9500
2021-06-24,2305.4099,2333.6599,2305.4099,2333.6201,2303.4700
2021-06-25,2336.8601,2350.2200,2334.3999,2334.3999,2333.6201
2021-06-28,2335.3401,2342.1899,2307.2200,2322.3401,2334.3999
2021-06-29,2323.0701,2332.2800,2305.9199,2308.8401,2322.3401
2021-06-30,2307.9500,2317.3000,2295.4299,2310.5500,2308.8401
2021-07-01,2312.5701,2332.2800,2312.5701,2329.3601,2310.5500
2021-07-02,2328.5300,2332.9500,2302.9399,2305.7600,2329.3601
2021-07-06,2305.9600,2306.9099,2256.9700,2274.5000,2305.7600
2021-07-07,2274.5300,2278.1001,2235.5000,2252.8501,2274.5000
2021-07-08,2249.9399,2252.7200,2192.9800,2231.6799,2252.8501
2021-07-09,2234.8301,2280.0100,2234.8301,2280.0000,2231.6799
2021-07-12,2279.6299,2283.4600,2262.2600,2281.8201,2280.0000
2021-07-13,2280.4900,2280.4900,2238.3701,2238.8601,2281.8201
2021-07-14,2240.2500,2254.8101,2201.2300,2202.3601,2238.8601
2021-07-15,2201.2700,2202.7500,2166.3301,2190.2900,2202.3601
2021-07-16,2191.8701,2210.5000,2160.5300,2163.2400,2190.2900
2021-07-19,2159.7100,2159.7100,2107.0701,2130.6799,2163.2400
2021-07-20,2131.7900,2206.6299,2131.7900,2194.3000,2130.6799
2021-07-21,2195.7500,2236.9399,2195.7500,2234.0400,2194.3000
2021-07-22,2233.7800,2233.7800,2192.9800,2199.4800,2234.0400
2021-07-23,2201.0300,2212.3101,2186.5100,2209.6499,2199.4800
2021-07-26,2210.1101,2232.2200,2207.5400,2216.9199,2209.6499
2021-07-27,2215.6399,2215.6399,2171.3701,2191.8301,2216.9199
2021-07-28,2193.1599,2237.0400,2190.6599,2224.9600,2191.8301
2021-07-29,2193.1599,2256.9700,2190.6599,2240.0300,2224.9600
2021-07-30,2238.8999,2251.3701,2219.9500,2226.2500,2240.0300
2021-08-02,2228.0300,2256.4399,2212.4500,2215.5000,2226.2500
2021-08-03,2216.2500,2223.6001,2189.7600,2223.5801,2215.5000
2021-08-04,2220.6699,2223.1101,2195.3701,2196.3201,2223.5801
2021-08-05,2198.1599,2236.1899,2198.1599,2236.0100,2196.3201
2021-08-06,2237.0901,2258.3201,2235.5801,2247.7600,2236.0100
2021-08-09,2247.4299,2247.4299,2231.4800,2234.8101,2247.7600
2021-08-10,2236.0901,2245.0300,2230.0300,2239.3601,2234.8101
2021-08-11,2240.1101,2250.3701,2221.6799,2250.3401,2239.3601
2021-08-12,2250.1899,2250.6299,2232.7100,2244.0701,2250.3401
2021-08-13,2244.2000,2244.2000,2221.3101,2223.1101,2244.0701
2021-08-16,2222.0300,2222.0300,2192.2800,2209.4800,2223.1101
2021-08-17,2201.6499,2201.6499,2152.4900,2177.1699,2209.4800
2021-08-18,2177.1299,2192.1599,2157.9700,2158.7800,2177.1699
2021-08-19,2157.0400,2157.0400,2122.2400,2132.4199,2158.7800
2021-08-20,2131.8000,2169.6499,2127.3201,2167.6001,2132.4199
2021-08-23,2169.1101,2211.1201,2169.1101,2208.3000,2167.6001
2021-08-24,2208.8000,2232.0000,2208.8000,2230.9099,2208.3000
2021-08-25,2230.7300,2252.1399,2226.6399,2239.2700,2230.9099
2021-08-26,2239.2000,2244.4399,2212.2100,2213.9800,2239.2700
2021-08-27,2213.7900,2281.8401,2213.7900,2277.1499,2213.9800
2021-08-30,2278.4500,2286.3601,2264.3000,2265.9900,2277.1499
2021-08-31,2266.2800,2277.1899,2260.4299,2273.7700,2265.9900
2021-09-01,2274.2100,2293.0500,2264.5901,2287.0601,2273.7700
2021-09-02,2288.0300,2309.9700,2288.0300,2304.0200,2287.0601
2021-09-03,2303.7500,2303.7500,2286.7000,2292.0500,2304.0200
2021-09-07,2292.1699,2300.5901,2275.5701,2275.6101,2292.0500
2021-09-08,2275.0000,2275.0000,2241.4299,2249.7300,2275.6101
2021-09-09,2249.5400,2273.1799,2244.1299,2249.1299,2249.7300
2021-09-10,2250.6299,2264.1101,2227.5400,2227.5500,2249.1299
2021-09-13,2228.4900,2244.7200,2217.1201,2240.7800,2227.5500
2021-09-14,2241.7800,2249.9399,2204.1399,2209.9800,2240.7800
2021-09-15,2210.4600,2236.9600,2207.4199,2234.4500,2209.9800
2021-09-16,2234.3101,2242.8401,2217.3501,2232.9099,2234.4500
2021-09-17,2233.5500,2240.7300,2220.3899,2236.8701,2232.9099
2021-09-20,2233.1001,2233.1001,2155.3401,2182.2000,2236.8701
2021-09-21,2183.7200,2201.7100,2172.8301,2186.1799,2182.2000
2021-09-22,2188.1001,2234.1699,2188.1001,2218.5601,2186.1799
2021-09-23,2220.0601,2265.8101,2220.0601,2259.0400,2218.5601
2021-09-24,2257.9500,2259.9299,2239.1699,2248.0701,2259.0400
2021-09-27,2247.9600,2293.3501,2247.9600,2281.0000,2248.0701
2021-09-28,2279.5100,2279.5100,2227.5801,2229.7800,2281.0000
2021-09-29,2230.6101,2239.7500,2221.7200,2225.3101,2229.7800
2021-09-30,2226.7400,2239.5400,2204.3701,2204.3701,2225.3101
2021-10-01,2205.9099,2252.0400,2197.1499,2241.6299,2204.3701
2021-10-04,2240.8501,2240.8501,2210.6101,2217.4700,2241.6299
2021-10-05,2218.4700,2245.0300,2218.4700,2228.3601,2217.4700
2021-10-06,2226.0500,2226.0500,2188.6899,2214.9600,2228.3601
2021-10-07,2217.5801,2265.2200,2217.5801,2250.0901,2214.9600
2021-10-08,2250.3201,2256.5601,2233.0901,2233.0901,2250.0901
2021-10-11,2233.0000,2251.6499,2220.6399,2220.6399,2233.0901
2021-10-12,2221.5500,2241.3999,2221.5500,2234.2700,2220.6399
2021-10-13,2235.0200,2241.9700,2220.2400,2241.9700,2234.2700
2021-10-14,2243.9500,2275.5100,2243.9500,2274.1799,2241.9700
2021-10-15,2276.7400,2306.2700,2265.6499,2265.6499,2274.1799
2021-10-18,2265.0601,2272.3501,2255.4099,2267.8401,2265.6499
2021-10-19,2269.2500,2284.6699,2265.7000,2275.9099,2267.8401
2021-10-20,2276.0200,2294.9199,2271.8401,2289.7700,2275.9099
2021-10-21,2290.4099,2304.0000,2284.9700,2296.1799,2289.7700
2021-10-22,2295.6699,2299.7300,2277.0400,2291.2700,2296.1799
2021-10-25,2291.8000,2314.8401,2291.8000,2312.6399,2291.2700
2021-10-26,2313.3501,2321.4700,2296.0701,2296.0801,2312.6399
2021-10-27,2295.4500,2295.4500,2252.4900,2252.4900,2296.0801
2021-10-28,2253.8999,2298.7600,2253.8999,2297.9800,2252.4900
2021-10-29,2296.7400,2302.3501,2287.8601,2297.1899,2297.9800
2021-11-01,2298.0801,2358.6399,2298.0801,2358.1201,2297.1899
2021-11-02,2358.2500,2363.5500,2345.3999,2361.8601,2358.1201
2021-11-03,2361.8201,2413.3899,2355.1799,2404.2800,2361.8601
2021-11-04,2404.6799,2423.8301,2395.5000,2402.4299,2404.2800
2021-11-05,2403.1299,2449.1399,2403.1299,2437.0801,2402.4299
2021-11-08,2438.3601,2458.8601,2438.0601,2442.7400,2437.0801
2021-11-09,2442.2200,2442.2200,2414.4299,2427.2900,2442.7400
2021-11-10,2426.4399,2428.9700,2380.7600,2389.5801,2427.2900
2021-11-11,2390.5000,2418.8301,2390.5000,2409.1399,2389.5801
2021-11-12,2409.4600,2417.2000,2405.8401,2411.7800,2409.1399
2021-11-15,2412.0400,2421.0701,2392.8899,2400.9299,2411.7800
2021-11-16,2400.1001,2408.3401,2386.5100,2405.0200,2400.9299
2021-11-17,2404.2100,2404.2100,2369.1101,2377.0100,2405.0200
2021-11-18,2377.6001,2385.9900,2348.5200,2363.5901,2377.0100
2021-11-19,2362.4399,2362.4399,2341.5701,2343.1599,2363.5901
2021-11-22,2343.6699,2369.6299,2331.3501,2331.3501,2343.1599
2021-11-23,2331.2500,2342.6299,2303.3799,2327.8601,2331.3501
2021-11-24,2326.7000,2334.3701,2303.9399,2331.4600,2327.8601
2021-11-26,2328.9800,2328.9800,2215.2400,2245.9399,2331.4600
2021-11-29,2248.8999,2281.2800,2232.0901,2241.9800,2245.9399
2021-11-30,2241.0500,2241.0500,2175.6799,2198.9099,2241.9800
2021-12-01,2203.1201,2253.3701,2147.3999,2147.4199,2198.9099
2021-12-02,2147.6201,2211.6599,2147.6201,2206.3301,2147.4199
2021-12-03,2207.0601,2216.1799,2143.1201,2159.3101,2206.3301
2021-12-06,2160.1599,2218.2700,2154.6201,2203.4800,2159.3101
2021-12-07,2206.7700,2271.7100,2206.7700,2253.7900,2203.4800
2021-12-08,2254.3101,2276.7500,2248.2400,2271.7100,2253.7900
2021-12-09,2270.2700,2270.2700,2220.1799,2220.2100,2271.7100
2021-12-10,2221.4299,2240.3799,2200.1001,2211.8101,2220.2100
2021-12-13,2211.5901,2211.5901,2169.0100,2180.5000,2211.8101
2021-12-14,2178.9199,2189.7100,2153.2100,2159.6499,2180.5000
2021-12-15,2159.8799,2199.8601,2130.9099,2195.2100,2159.6499
2021-12-16,2196.8201,2216.0901,2144.7000,2152.4600,2195.2100
2021-12-17,2152.5100,2186.3601,2124.7400,2173.9299,2152.4600
2021-12-20,2170.9700,2170.9700,2107.6799,2139.8701,2173.9299
2021-12-21,2141.4099,2203.0200,2141.4099,2202.9500,2139.8701
2021-12-22,2202.4299,2222.5200,2195.4199,2221.8999,2202.9500
2021-12-23,2222.2500,2247.6299,2222.2500,2241.5801,2221.8999
2021-12-27,2242.4800,2261.8899,2230.3301,2261.4600,2241.5801
2021-12-28,2261.0400,2274.5400,2245.5701,2246.5100,2261.4600
2021-12-29,2246.3501,2252.7900,2236.6499,2249.2400,2246.5100
2021-12-30,2249.3501,2271.8201,2247.4700,2248.7900,2249.2400
2021-12-31,2245.9299,2258.1101,2244.8501,2245.3101,2248.7900
2022-01-03,2246.7100,2284.1399,2246.7100,2272.5601,2245.3101
2022-01-04,2273.1799,2288.3000,2255.7100,2268.8701,2272.5601
2022-01-05,2268.9199,2275.3201,2193.7200,2194.0000,2268.8701
2022-01-06,2194.4800,2220.5901,2179.2900,2206.3701,2194.0000
2022-01-07,2206.1399,2220.1299,2179.8101,2179.8101,2206.3701
2022-01-10,2179.0701,2179.0701,2133.1299,2171.1499,2179.8101
2022-01-11,2171.1699,2196.6499,2154.8101,2194.0000,2171.1499
2022-01-12,2194.9399,2210.2800,2169.4199,2176.0601,2194.0000
2022-01-13,2177.0601,2196.7400,2154.4600,2159.4399,2176.0601
2022-01-14,2157.9900,2162.4600,2126.1201,2162.4600,2159.4399
2022-01-18,2160.3501,2160.3501,2094.9299,2096.2300,2162.4600
2022-01-19,2097.5601,2109.2300,2062.1799,2062.7800,2096.2300
2022-01-20,2063.8601,2104.5901,2022.2000,2024.0400,2062.7800
2022-01-21,2022.5500,2043.5100,1987.9100,1987.9200,2024.0400
2022-01-24,1986.4500,2038.6600,1931.4399,2033.5100,1987.9200
2022-01-25,2030.8199,2030.8400,1966.1000,2004.0300,2033.5100
2022-01-26,2006.0400,2048.3501,1958.3400,1976.4600,2004.0300
2022-01-27,1978.0800,2007.2300,1925.4500,1931.2900,1976.4600
2022-01-28,1931.1400,1968.5100,1901.3600,1968.5100,1931.2900
2022-01-31,1968.0900,2028.4500,1960.1100,2028.4500,1968.5100
2022-02-01,2028.7800,2052.8501,2003.3800,2050.7400,2028.4500
2022-02-02,2051.6399,2054.7200,2013.5900,2029.5200,2050.7400
2022-02-03,2027.7300,2027.7300,1988.4100,1991.0300,2029.5200
2022-02-04,1990.9200,2016.3800,1968.6100,2002.3600,1991.0300
2022-02-07,2002.3800,2027.9100,2000.4000,2012.6000,2002.3600
2022-02-08,2012.4600,2047.8199,2011.3700,2045.3700,2012.6000
2022-02-09,2046.7600,2083.5000,2046.7600,2083.5000,2045.3700
2022-02-10,2082.5100,2105.2100,2039.6200,2051.1599,2083.5000
2022-02-11,2051.2600,2074.0601,2016.4100,2030.1500,2051.1599
2022-02-14,2030.1801,2048.2600,2011.3700,2020.7900,2030.1500
2022-02-15,2022.2200,2078.3301,2022.2200,2076.4600,2020.7900
2022-02-16,2075.6299,2084.9800,2060.3201,2079.3101,2076.4600
2022-02-17,2078.5000,2078.5000,2025.1200,2028.0900,2079.3101
2022-02-18,2028.0000,2038.1300,2004.7300,2009.3300,2028.0900
2022-02-22,2008.6801,2016.4301,1970.6300,1980.1700,2009.3300
2022-02-23,1980.9900,2001.5500,1942.2700,1944.0900,1980.1700
2022-02-24,1942.3000,1996.8400,1894.4500,1996.0100,1944.0900
2022-02-25,1995.8400,2040.9301,1988.0100,2040.9301,1996.0100
2022-02-28,2040.3101,2059.4399,2020.5100,2048.0901,2040.9301
2022-03-01,2047.2400,2050.6499,1995.4200,2008.5100,2048.0901
2022-03-02,2009.0100,2065.7100,2009.0100,2058.8701,2008.5100
2022-03-03,2059.1499,2067.2800,2019.9800,2032.4100,2058.8701
2022-03-04,2031.1600,2031.1600,1985.5100,2000.9000,2032.4100
2022-03-07,2001.0300,2007.4600,1951.2100,1951.3300,2000.9000
2022-03-08,1951.5900,2004.4800,1951.5900,1963.0100,1951.3300
2022-03-09,1964.4500,2022.5500,1964.4500,2016.2900,1963.0100
2022-03-10,2013.6200,2013.6200,1982.1100,2011.6700,2016.2900
2022-03-11,2012.4399,2027.3900,1979.0699,1979.6700,2011.6700
2022-03-14,1979.7900,1983.4301,1932.7100,1941.7200,1979.6700
2022-03-15,1942.0800,1969.8500,1942.0800,1968.9700,1941.7200
2022-03-16,1970.1100,2031.8000,1970.1100,2030.7200,1968.9700
2022-03-17,2029.8800,2065.0200,2019.2100,2065.0200,2030.7200
2022-03-18,2064.6899,2087.5500,2059.6899,2086.1399,2065.0200
2022-03-21,2085.8201,2093.3799,2054.7800,2065.9399,2086.1399
2022-03-22,2066.9199,2097.6101,2066.9199,2088.3401,2065.9399
2022-03-23,2086.7000,2086.7000,2051.4500,2052.2100,2088.3401
2022-03-24,2054.1001,2075.4900,2047.2700,2075.4399,2052.2100
2022-03-25,2075.8899,2081.3201,2064.2000,2077.9800,2075.4399
2022-03-28,2078.3000,2078.3000,2049.5400,2078.0601,2077.9800
2022-03-29,2079.3101,2138.4500,2079.3101,2133.1001,2078.0601
2022-03-30,2132.8301,2132.8301,2084.3701,2091.0701,2133.1001
2022-03-31,2090.9099,2100.7400,2069.2200,2070.1299,2091.0701
2022-04-01,2071.2200,2091.7300,2068.0500,2091.1101,2070.1299
2022-04-04,2091.5300,2096.9299,2076.5000,2095.4399,2091.1101
2022-04-05,2095.0000,2103.3601,2043.0800,2046.0400,2095.4399
2022-04-06,2044.8101,2044.8101,2005.0500,2016.9399,2046.0400
2022-04-07,2016.8800,2024.0000,1984.1500,2009.8000,2016.9399
2022-04-08,2009.0601,2017.0800,1993.0400,1994.5601,2009.8000
2022-04-11,1993.5300,2004.6801,1976.5900,1980.3199,1994.5601
2022-04-12,1983.1300,2027.5500,1980.9600,1986.9399,1980.3199
2022-04-13,1987.3300,2028.7900,1987.3300,2025.1000,1986.9399
2022-04-14,2025.1700,2034.2200,2004.9700,2004.9800,2025.1000
2022-04-18,2003.2700,2003.2700,1981.6899,1990.1300,2004.9800
2022-04-19,1990.2100,2035.7900,1990.2100,2030.7700,1990.1300
2022-04-20,2032.3900,2052.0801,2032.3900,2038.1899,2030.7700
2022-04-21,2046.7100,2060.0801,1986.9100,1991.4600,2038.1899
2022-04-22,1986.6600,1986.6600,1939.3400,1940.6600,1991.4600
2022-04-25,1933.2400,1954.4000,1908.8199,1954.2000,1940.6600
2022-04-26,1940.0800,1940.0800,1890.4700,1890.4700,1954.2000
2022-04-27,1891.1100,1909.1100,1879.6500,1884.0400,1890.4700
2022-04-28,1891.9200,1927.4800,1864.4200,1917.9399,1884.0400
2022-04-29,1914.3600,1928.3199,1860.5800,1864.1000,1917.9399
2022-05-02,1863.6600,1888.8400,1839.2500,1882.9100,1864.1000
2022-05-03,1882.5800,1907.3000,1875.9800,1898.8600,1882.9100
2022-05-04,1904.0900,1952.7500,1875.3600,1949.9200,1898.8600
2022-05-05,1935.6400,1935.6400,1849.4500,1871.1500,1949.9200
2022-05-06,1867.7300,1867.7300,1821.1000,1839.5601,1871.1500
2022-05-09,1833.4800,1833.4800,1754.2100,1762.0800,1839.5601
2022-05-10,1771.4600,1794.6400,1727.3800,1761.7900,1762.0800
2022-05-11,1763.0200,1791.8500,1715.7700,1718.1400,1761.7900
2022-05-12,1714.0601,1752.5500,1701.1500,1739.3800,1718.1400
2022-05-13,1748.2400,1804.3800,1748.2400,1792.6700,1739.3800
2022-05-16,1790.6100,1802.6300,1778.6700,1783.4301,1792.6700
2022-05-17,1796.3600,1840.3000,1796.3600,1840.3000,1783.4301
2022-05-18,1834.1500,1834.1500,1765.2500,1774.8500,1840.3000
2022-05-19,1769.8400,1797.2300,1759.6600,1776.2200,1774.8500
2022-05-20,1784.0800,1797.4399,1730.8800,1773.2700,1776.2200
2022-05-23,1786.4301,1799.2700,1769.1200,1792.7600,1773.2700
2022-05-24,1780.2000,1780.2000,1736.1100,1764.8300,1792.7600
2022-05-25,1760.4200,1807.4301,1759.2000,1799.1600,1764.8300
2022-05-26,1808.6400,1847.8300,1808.6400,1838.2400,1799.1600
2022-05-27,1845.2400,1887.9000,1845.2400,1887.9000,1838.2400
2022-05-31,1882.0000,1883.1899,1856.5601,1864.0400,1887.9000
2022-06-01,1871.4600,1877.4900,1830.2000,1854.8199,1864.0400
2022-06-02,1855.3500,1897.6700,1854.5100,1897.6700,1854.8199
2022-06-03,1886.6100,1889.4500,1872.2300,1883.0500,1897.6700
2022-06-06,1893.4500,1903.5100,1881.7300,1889.8900,1883.0500
2022-06-07,1879.7700,1919.7300,1870.9399,1919.5601,1889.8900
2022-06-08,1913.9700,1916.0800,1883.2600,1891.0100,1919.5601
2022-06-09,1884.9600,1884.9600,1850.6700,1850.8600,1891.0100
2022-06-10,1833.1500,1833.1500,1792.6000,1800.2800,1850.8600
2022-06-13,1770.5000,1770.5000,1708.2600,1714.5900,1800.2800
2022-06-14,1717.3300,1723.1899,1692.3199,1707.8300,1714.5900
2022-06-15,1718.1500,1751.5000,1704.4200,1731.1400,1707.8300
2022-06-16,1707.8500,1707.8500,1641.4700,1649.8400,1731.1400
2022-06-17,1657.0100,1684.5500,1652.0200,1665.6899,1649.8400
2022-06-21,1681.1000,1711.7400,1681.1000,1694.0300,1665.6899
2022-06-22,1678.5100,1703.3800,1665.5400,1690.2800,1694.0300
2022-06-23,1693.2700,1714.0400,1680.5500,1711.6700,1690.2800
2022-06-24,1720.0400,1765.7400,1720.0400,1765.7400,1711.6700
2022-06-27,1772.8900,1781.4600,1758.3101,1771.7400,1765.7400
2022-06-28,1778.6200,1792.5800,1738.8101,1738.8400,1771.7400
2022-06-29,1737.8300,1737.8300,1703.8000,1719.3700,1738.8400
2022-06-30,1706.4800,1722.0900,1680.4000,1707.9900,1719.3700
2022-07-01,1705.0699,1728.9100,1690.9100,1727.7600,1707.9900
2022-07-05,1714.8600,1741.3400,1681.5800,1741.3300,1727.7600
2022-07-06,1738.6899,1747.9301,1712.1600,1727.5500,1741.3300
2022-07-07,1736.0100,1772.3000,1736.0100,1769.6000,1727.5500
2022-07-08,1767.5800,1780.1300,1752.9399,1769.3600,1769.6000
2022-07-11,1765.6000,1765.6000,1729.6500,1732.0100,1769.3600
2022-07-12,1728.5200,1743.1700,1719.2400,1728.1801,1732.0100
2022-07-13,1715.4700,1732.6000,1700.9399,1726.0400,1728.1801
2022-07-14,1712.2900,1712.2900,1684.8500,1707.5100,1726.0400
2022-07-15,1724.1000,1744.3700,1708.9000,1744.3700,1707.5100
2022-07-18,1758.9000,1772.8000,1734.2200,1738.4200,1744.3700
2022-07-19,1754.7300,1800.0100,1754.7300,1799.3199,1738.4200
2022-07-20,1797.9500,1829.9100,1797.9500,1827.9500,1799.3199
2022-07-21,1819.7700,1836.6899,1804.9800,1836.6899,1827.9500
2022-07-22,1839.3600,1842.2000,1795.2900,1806.8800,1836.6899
2022-07-25,1810.9500,1819.1000,1798.8199,1817.7700,1806.8800
2022-07-26,1812.5000,1812.5000,1800.2900,1805.2500,1817.7700
2022-07-27,1814.2800,1852.8600,1814.1400,1848.3400,1805.2500
2022-07-28,1854.1801,1873.7400,1832.7700,1873.0300,1848.3400
2022-07-29,1874.1700,1888.2200,1865.7600,1885.2300,1873.0300
2022-08-01,1870.4900,1892.9700,1859.8800,1883.3101,1885.2300
2022-08-02,1875.5000,1900.7300,1875.0500,1882.4500,1883.3101
2022-08-03,1895.3800,1912.7700,1891.0500,1908.9301,1882.4500
2022-08-04,1908.5200,1911.5699,1899.4600,1906.4600,1908.9301
2022-08-05,1887.5400,1922.5500,1884.1801,1921.8199,1906.4600
2022-08-08,1928.4100,1959.1300,1928.4100,1941.2100,1921.8199
2022-08-09,1937.2500,1937.2500,1904.9700,1912.8900,1941.2100
2022-08-10,1935.7700,1970.9500,1935.7700,1969.2500,1912.8900
2022-08-11,1981.9301,2005.2100,1972.6300,1975.2600,1969.2500
2022-08-12,1978.7900,2016.6200,1978.6700,2016.6200,1975.2600
2022-08-15,2007.4100,2022.0300,1994.6801,2021.3500,2016.6200
2022-08-16,2018.7400,2030.0500,2003.7800,2020.5300,2021.3500
2022-08-17,2008.8800,2008.8800,1976.1400,1987.3101,2020.5300
2022-08-18,1987.8199,2003.0100,1982.5900,2000.7300,1987.3101
2022-08-19,1992.3000,1992.3000,1952.5000,1957.3500,2000.7300
2022-08-22,1931.7100,1933.6899,1911.6899,1915.7400,1957.3500
2022-08-23,1920.1300,1937.9700,1917.3199,1919.1400,1915.7400
2022-08-24,1918.6500,1941.1500,1916.5800,1935.2900,1919.1400
2022-08-25,1944.3800,1964.6400,1943.2000,1964.6400,1935.2900
2022-08-26,1965.2300,1965.3101,1898.5100,1899.8300,1964.6400
2022-08-29,1880.6300,1898.6700,1879.1300,1882.9399,1899.8300
2022-08-30,1889.1600,1889.3500,1847.5400,1855.5900,1882.9399
2022-08-31,1859.1801,1865.2800,1843.0800,1844.1200,1855.5900
2022-09-01,1826.7500,1826.7500,1799.1700,1822.8199,1844.1200
2022-09-02,1844.1700,1846.9800,1802.1400,1809.7500,1822.8199
2022-09-06,1813.1801,1815.1500,1786.6801,1792.3199,1809.7500
2022-09-07,1789.5601,1832.5699,1787.4301,1832.0000,1792.3199
2022-09-08,1823.4900,1846.9100,1810.5100,1846.9100,1832.0000
2022-09-09,1857.1400,1884.9000,1857.1400,1882.8500,1846.9100
2022-09-12,1889.8000,1906.0900,1889.8000,1906.0900,1882.8500
2022-09-13,1879.5400,1879.5400,1825.4200,1831.5699,1906.0900
2022-09-14,1832.6899,1840.5900,1817.5200,1838.4600,1831.5699
2022-09-15,1830.9700,1853.0300,1818.4100,1825.2300,1838.4600
2022-09-16,1813.8600,1813.8600,1778.7700,1798.1899,1825.2300
2022-09-19,1785.7200,1813.9399,1777.2700,1812.8400,1798.1899
2022-09-20,1801.4900,1801.4900,1776.3101,1787.5000,1812.8400
2022-09-21,1796.2000,1813.6600,1761.9700,1762.1600,1787.5000
2022-09-22,1760.1500,1760.3101,1716.2100,1722.3101,1762.1600
2022-09-23,1707.6100,1707.6100,1658.6600,1679.5900,1722.3101
2022-09-26,1674.3400,1701.2400,1653.4301,1655.8800,1679.5900
2022-09-27,1669.1700,1689.5300,1650.7100,1662.5100,1655.8800
2022-09-28,1668.7900,1725.2800,1668.7900,1715.2400,1662.5100
2022-09-29,1710.8199,1710.8199,1656.4100,1674.9301,1715.2400
2022-09-30,1672.8900,1707.7500,1664.2700,1664.7200,1674.9301
2022-10-03,1687.2800,1717.2900,1671.6200,1708.8700,1664.7200
2022-10-04,1735.8199,1775.7700,1735.8199,1775.7700,1708.8700
2022-10-05,1748.7900,1767.8199,1732.0900,1762.6899,1775.7700
2022-10-06,1756.4200,1772.2500,1747.0300,1752.5100,1762.6899
2022-10-07,1734.6500,1734.9200,1694.9600,1702.1500,1752.5100
2022-10-10,1706.1600,1706.8300,1681.9800,1691.9200,1702.1500
2022-10-11,1687.6000,1713.7400,1664.9100,1692.9200,1691.9200
2022-10-12,1692.9600,1696.7900,1671.8800,1687.7600,1692.9200
2022-10-13,1653.9500,1734.2700,1641.9399,1728.4100,1687.7600
2022-10-14,1741.3199,1747.8400,1681.5000,1682.4000,1728.4100
2022-10-17,1701.1600,1738.7000,1701.1600,1735.7500,1682.4000
2022-10-18,1756.3600,1782.0699,1744.0000,1755.9600,1735.7500
2022-10-19,1746.9700,1746.9700,1710.2100,1725.7600,1755.9600
2022-10-20,1726.5500,1746.2900,1699.9800,1704.3900,1725.7600
2022-10-21,1709.6100,1744.9000,1700.6300,1742.2400,1704.3900
2022-10-24,1747.6801,1751.4399,1727.2000,1748.4000,1742.2400
2022-10-25,1749.6200,1801.2000,1749.6200,1796.1600,1748.4000
2022-10-26,1801.9900,1836.0601,1801.2900,1804.3300,1796.1600
2022-10-27,1815.5200,1832.0900,1804.7000,1806.3199,1804.3300
2022-10-28,1811.6200,1848.2500,1804.8199,1846.9200,1806.3199
2022-10-31,1839.1700,1854.5699,1833.5900,1846.8600,1846.9200
2022-11-01,1864.9500,1868.7500,1845.9301,1851.3900,1846.8600
2022-11-02,1845.0800,1861.5699,1789.1300,1789.1400,1851.3900
2022-11-03,1768.4600,1791.8101,1758.0500,1779.7300,1789.1400
2022-11-04,1800.8101,1809.6400,1771.1100,1799.8700,1779.7300
2022-11-07,1808.0800,1814.7600,1793.9900,1809.8101,1799.8700
2022-11-08,1815.5200,1831.2000,1790.8800,1808.9301,1809.8101
2022-11-09,1796.3600,1796.8500,1757.4500,1760.4000,1808.9301
2022-11-10,1811.2800,1868.2800,1811.2800,1867.9301,1760.4000
2022-11-11,1872.9200,1899.9600,1872.9200,1882.7400,1867.9301
2022-11-14,1875.6500,1889.4100,1861.2500,1861.2500,1882.7400
2022-11-15,1885.9700,1905.8400,1878.0800,1889.2000,1861.2500
2022-11-16,1879.7400,1879.7400,1850.7200,1853.1700,1889.2000
2022-11-17,1837.2700,1839.8400,1820.7100,1839.1200,1853.1700
2022-11-18,1861.7300,1869.3400,1840.8800,1849.7300,1839.1200
2022-11-21,1842.9600,1842.9600,1828.9900,1839.1400,1849.7300
2022-11-22,1843.8700,1861.0800,1840.0400,1860.4399,1839.1400
2022-11-23,1857.5900,1868.9200,1851.6801,1863.5200,1860.4399
2022-11-25,1862.9200,1873.5900,1861.0000,1869.1899,1863.5200
2022-11-28,1857.1801,1857.5200,1827.0800,1830.9600,1869.1899
2022-11-29,1832.5200,1846.0699,1832.5200,1836.5500,1830.9600
2022-11-30,1839.1300,1886.5800,1821.4700,1886.5800,1836.5500
2022-12-01,1891.9800,1898.2700,1876.9301,1881.6801,1886.5800
2022-12-02,1863.9399,1898.4500,1856.4800,1892.8400,1881.6801
2022-12-05,1886.0100,1886.0100,1834.4200,1840.2200,1892.8400
2022-12-06,1839.5400,1839.5400,1802.9500,1812.5800,1840.2200
2022-12-07,1809.1700,1822.7000,1805.6600,1806.9000,1812.5800
2022-12-08,1815.7100,1833.7500,1808.8500,1818.2900,1806.9000
2022-12-09,1812.1500,1815.8101,1796.6600,1796.6600,1818.2900
2022-12-12,1798.7900,1820.5000,1793.1100,1818.6100,1796.6600
2022-12-13,1851.8300,1880.7600,1823.0000,1832.3600,1818.6100
2022-12-14,1831.2300,1845.7700,1812.3000,1820.4500,1832.3600
2022-12-15,1806.7400,1806.7400,1770.5601,1774.6100,1820.4500
2022-12-16,1759.5500,1765.6400,1746.2500,1763.4200,1774.6100
2022-12-19,1763.9399,1765.5400,1733.8199,1738.5800,1763.4200
2022-12-20,1735.4700,1755.0800,1733.2100,1748.0200,1738.5800
2022-12-21,1757.6899,1784.1100,1757.6899,1776.9399,1748.0200
2022-12-22,1766.6700,1766.6700,1726.8101,1754.0900,1776.9399
2022-12-23,1753.2000,1761.2400,1743.7400,1760.9301,1754.0900
2022-12-27,1761.3800,1761.6500,1745.4399,1749.5200,1760.9301
2022-12-28,1749.9301,1753.9301,1722.0200,1722.0200,1749.5200
2022-12-29,1727.3300,1767.9100,1727.3300,1766.2500,1722.0200
2022-12-30,1759.2600,1763.9301,1747.2300,1761.2500,1766.2500
2023-01-03,1769.7500,1785.9500,1737.2600,1750.7300,1761.2500
2023-01-04,1758.0900,1781.9700,1758.0900,1772.5400,1750.7300
2023-01-05,1766.0800,1766.0800,1745.3800,1753.1899,1772.5400
2023-01-06,1764.3300,1795.5601,1758.5000,1792.8000,1753.1899
2023-01-09,1801.0699,1817.0900,1794.5400,1795.9100,1792.8000
2023-01-10,1794.2900,1822.6500,1793.1899,1822.6500,1795.9100
2023-01-11,1827.1200,1844.1600,1826.5200,1844.0500,1822.6500
2023-01-12,1850.2500,1876.0601,1839.0900,1876.0601,1844.0500
2023-01-13,1867.5000,1889.1500,1861.7400,1887.0300,1876.0601
2023-01-17,1886.6400,1892.4200,1880.7400,1884.2900,1887.0300
2023-01-18,1890.0900,1903.8700,1854.3199,1854.3600,1884.2900
2023-01-19,1846.3500,1846.3500,1825.5800,1836.3500,1854.3600
2023-01-20,1847.6801,1867.3400,1836.6300,1867.3400,1836.3500
2023-01-23,1868.9600,1896.2000,1867.4900,1890.7700,1867.3400
2023-01-24,1887.8101,1892.7100,1878.3300,1885.6100,1890.7700
2023-01-25,1873.6200,1890.7300,1858.9900,1890.3199,1885.6100
2023-01-26,1899.8800,1909.4200,1882.7100,1903.0601,1890.3199
2023-01-27,1899.8199,1918.5900,1896.2400,1911.4600,1903.0601
2023-01-30,1903.1000,1909.3400,1885.4301,1885.7200,1911.4600
2023-01-31,1888.8300,1931.9500,1888.8300,1931.9399,1885.7200
2023-02-01,1929.4700,1976.8700,1921.5200,1960.8101,1931.9399
2023-02-02,1968.0300,2007.3101,1968.0300,2001.2200,1960.8101
2023-02-03,1989.1200,2005.5500,1976.0601,1985.5300,2001.2200
2023-02-06,1976.0900,1976.0900,1952.1899,1957.7200,1985.5300
2023-02-07,1952.6500,1975.8300,1936.3300,1972.6100,1957.7200
2023-02-08,1964.8900,1968.9200,1940.2900,1942.6000,1972.6100
2023-02-09,1954.8800,1963.8500,1912.2400,1915.3400,1942.6000
2023-02-10,1910.6600,1920.8500,1903.7200,1918.8101,1915.3400
2023-02-13,1919.8900,1942.7000,1913.6000,1941.1400,1918.8101
2023-02-14,1933.9000,1951.9800,1920.5000,1939.9100,1941.1400
2023-02-15,1929.7300,1960.9700,1924.9100,1960.9700,1939.9100
2023-02-16,1946.0500,1962.4600,1933.1400,1942.2100,1960.9700
2023-02-17,1943.6400,1947.8500,1928.3900,1946.3600,1942.2100
2023-02-21,1937.0500,1937.0500,1888.2100,1888.2100,1946.3600
2023-02-22,1890.8300,1904.4800,1885.1100,1894.6801,1888.2100
2023-02-23,1902.7200,1915.3101,1884.3101,1908.0900,1894.6801
2023-02-24,1891.3800,1891.6200,1875.8101,1890.4900,1908.0900
2023-02-27,1902.0000,1914.6000,1891.8900,1896.2700,1890.4900
2023-02-28,1896.7000,1913.1801,1896.4399,1896.9900,1896.2700
2023-03-01,1896.1400,1904.4399,1888.7300,1898.4301,1896.9900
2023-03-02,1888.4301,1905.3500,1877.5800,1902.6600,1898.4301
2023-03-03,1906.4600,1931.7200,1901.9800,1928.2600,1902.6600
2023-03-06,1928.0800,1928.7000,1892.4600,1899.7600,1928.2600
2023-03-07,1899.2400,1902.1100,1875.7900,1878.7200,1899.7600
2023-03-08,1880.2700,1886.5400,1866.0699,1879.4800,1878.7200
2023-03-09,1879.2200,1883.0200,1826.2900,1826.5900,1879.4800
2023-03-10,1821.6801,1821.6801,1756.8199,1772.7000,1826.5900
2023-03-13,1755.0400,1773.5300,1722.8500,1744.3000,1772.7000
2023-03-14,1770.6500,1802.1200,1760.0800,1776.8900,1744.3000
2023-03-15,1763.7200,1763.7200,1716.6700,1745.9399,1776.8900
2023-03-16,1733.5000,1781.1000,1717.5900,1771.2400,1745.9399
2023-03-17,1765.1600,1765.1600,1720.9200,1725.8900,1771.2400
2023-03-20,1733.5100,1761.7400,1733.5100,1744.9900,1725.8900
2023-03-21,1761.8700,1788.3700,1761.8700,1777.7400,1744.9900
2023-03-22,1776.5100,1779.7200,1726.6100,1727.3600,1777.7400
2023-03-23,1733.5000,1758.9100,1706.3400,1720.2900,1727.3600
2023-03-24,1711.4500,1735.7600,1695.2300,1734.9200,1720.2900
2023-03-27,1747.9301,1762.6500,1742.0601,1753.6700,1734.9200
2023-03-28,1749.6300,1759.4700,1745.1300,1752.6300,1753.6700
2023-03-29,1763.1300,1771.7100,1759.0500,1771.6000,1752.6300
2023-03-30,1778.6801,1787.6400,1762.3400,1768.3800,1771.6000
2023-03-31,1775.0500,1802.7000,1775.0500,1802.4800,1768.3800
2023-04-03,1804.0200,1812.3700,1783.4700,1802.3101,1802.4800
2023-04-04,1804.4800,1806.7000,1760.9900,1769.6500,1802.3101
2023-04-05,1764.2200,1764.2200,1742.7800,1752.1300,1769.6500
2023-04-06,1753.1100,1758.4301,1744.5000,1754.4600,1752.1300
2023-04-10,1749.3101,1773.2300,1745.4600,1772.4399,1754.4600
2023-04-11,1776.9000,1794.4500,1776.9000,1786.5900,1772.4399
2023-04-12,1793.6600,1803.1899,1772.3900,1773.7000,1786.5900
2023-04-13,1778.4700,1800.6400,1778.4700,1796.6801,1773.7000
2023-04-14,1798.1500,1805.0200,1770.5601,1781.1500,1796.6801
2023-04-17,1784.3800,1802.8400,1784.1200,1802.8400,1781.1500
2023-04-18,1807.2400,1809.5900,1787.0000,1795.5500,1802.8400
2023-04-19,1789.9900,1802.7900,1782.7200,1799.4399,1795.5500
2023-04-20,1790.6899,1797.4700,1782.3500,1789.7000,1799.4399
2023-04-21,1790.5601,1793.3101,1777.4000,1791.5100,1789.7000
2023-04-24,1790.2500,1797.6100,1781.6700,1788.8700,1791.5100
2023-04-25,1779.3300,1779.3300,1745.9100,1745.9500,1788.8700
2023-04-26,1741.2900,1747.2800,1725.8199,1730.4100,1745.9500
2023-04-27,1733.4000,1752.0000,1726.7700,1751.2200,1730.4100
2023-04-28,1749.8500,1773.0200,1746.8400,1768.9900,1751.2200
2023-05-01,1765.4500,1785.2000,1764.3199,1769.2100,1768.9900
2023-05-02,1761.1500,1761.1500,1716.2200,1732.1100,1769.2100
2023-05-03,1735.6899,1767.7000,1735.6899,1739.2800,1732.1100
2023-05-04,1727.2400,1728.3900,1704.8199,1718.8101,1739.2800
2023-05-05,1742.5200,1763.7800,1742.5200,1759.8800,1718.8101
2023-05-08,1766.4200,1768.2100,1748.3199,1754.4700,1759.8800
2023-05-09,1747.4399,1756.0900,1737.7000,1749.6801,1754.4700
2023-05-10,1769.5800,1772.9301,1743.6300,1759.5100,1749.6801
2023-05-11,1748.8900,1749.4399,1736.8400,1744.7100,1759.5100
2023-05-12,1748.1400,1753.2300,1731.3400,1740.8500,1744.7100
2023-05-15,1744.6600,1768.7500,1744.2100,1761.5500,1740.8500
2023-05-16,1755.1600,1755.1600,1736.1600,1736.1801,1761.5500
2023-05-17,1744.1100,1776.9000,1737.3900,1774.5000,1736.1801
2023-05-18,1770.8199,1787.3600,1766.2900,1784.8600,1774.5000
2023-05-19,1795.9900,1800.5200,1769.0200,1773.7200,1784.8600
2023-05-22,1777.6400,1801.3900,1776.9600,1795.3800,1773.7200
2023-05-23,1792.3300,1816.4000,1787.5200,1787.7100,1795.3800
2023-05-24,1792.3300,1816.4000,1761.2000,1767.0000,1787.7100
2023-05-25,1767.1000,1767.1000,1741.2400,1754.6000,1767.0000
2023-05-26,1755.3600,1774.6899,1755.2900,1773.0200,1754.6000
2023-05-30,1776.6100,1784.7100,1761.3500,1767.2900,1773.0200
2023-05-31,1761.3300,1765.4100,1736.8199,1749.6500,1767.2900
2023-06-01,1750.8600,1773.0100,1744.3700,1767.9399,1749.6500
2023-06-02,1782.3400,1831.7100,1782.3400,1830.9100,1767.9399
2023-06-05,1825.7700,1825.7700,1797.2700,1806.7100,1830.9100
2023-06-06,1804.6700,1859.3900,1801.6000,1855.4000,1806.7100
2023-06-07,1861.2000,1893.5601,1861.2000,1888.4500,1855.4000
2023-06-08,1886.0300,1886.0300,1867.9100,1880.7800,1888.4500
2023-06-09,1881.2700,1881.7400,1862.5000,1865.7100,1880.7800
2023-06-12,1866.7700,1880.4500,1863.1000,1873.2100,1865.7100
2023-06-13,1878.0900,1903.0000,1878.0900,1896.3300,1873.2100
2023-06-14,1898.7400,1904.9200,1864.0800,1874.1000,1896.3300
2023-06-15,1870.1700,1890.0900,1866.2600,1889.2800,1874.1000
2023-06-16,1900.1200,1906.8300,1868.6500,1875.4700,1889.2800
2023-06-20,1871.4900,1871.4900,1856.2000,1866.7000,1875.4700
2023-06-21,1862.3900,1873.9600,1855.0800,1863.0100,1866.7000
2023-06-22,1860.0300,1860.0300,1843.9200,1848.1801,1863.0100
2023-06-23,1835.4301,1838.1600,1818.8101,1821.6300,1848.1801
2023-06-26,1821.3400,1841.0601,1819.8000,1823.2600,1821.6300
2023-06-27,1825.7600,1855.1100,1823.5400,1849.9301,1823.2600
2023-06-28,1847.6000,1859.0000,1842.3000,1858.7100,1849.9301
2023-06-29,1860.2600,1883.7700,1860.2600,1881.5900,1858.7100
2023-06-30,1889.2000,1898.4000,1887.5500,1888.7300,1881.5900
2023-07-03,1887.0300,1898.6000,1885.6300,1896.7800,1888.7300
2023-07-05,1891.9600,1891.9600,1872.9100,1872.9100,1896.7800
2023-07-06,1867.1300,1867.1300,1823.9100,1842.2300,1872.9100
2023-07-07,1843.1600,1878.9000,1843.1600,1864.6600,1842.2300
2023-07-10,1862.2100,1895.5699,1860.4200,1895.2500,1864.6600
2023-07-11,1899.2600,1915.1801,1895.8800,1913.3600,1895.2500
2023-07-12,1931.8300,1944.2300,1931.2800,1933.3800,1913.3600
2023-07-13,1937.9000,1952.5400,1936.5100,1950.8900,1933.3800
2023-07-14,1949.8600,1949.8600,1920.3400,1931.0900,1950.8900
2023-07-17,1929.4200,1958.0500,1926.6400,1951.2700,1931.0900
2023-07-18,1952.1100,1977.5800,1952.1100,1976.0699,1951.2700
2023-07-19,1981.7800,1990.2500,1977.2500,1984.8900,1976.0699
2023-07-20,1984.5200,1984.5200,1960.1700,1967.1600,1984.8900
2023-07-21,1976.9399,1981.6400,1958.7400,1960.2600,1967.1600
2023-07-24,1961.0400,1973.3199,1958.3300,1965.6801,1960.2600
2023-07-25,1963.6200,1976.9301,1961.4200,1966.1100,1965.6801
2023-07-26,1964.5699,1984.7800,1962.4900,1980.3600,1966.1100
2023-07-27,1988.6200,1994.8199,1949.0900,1954.9000,1980.3600
2023-07-28,1964.9700,1983.8400,1964.9700,1981.5400,1954.9000
2023-07-31,1984.8000,2003.6200,1984.8000,2003.1801,1981.5400
2023-08-01,1996.8900,1996.8900,1976.7900,1994.1700,2003.1801
2023-08-02,1981.2800,1981.2800,1957.1300,1966.8300,1994.1700
2023-08-03,1962.4000,1970.5400,1948.7000,1961.4000,1966.8300
2023-08-04,1961.7700,1977.4900,1955.1400,1957.4600,1961.4000
2023-08-07,1959.1200,1961.4900,1944.8101,1958.9399,1957.4600
2023-08-08,1945.1000,1947.6300,1924.2300,1947.4200,1958.9399
2023-08-09,1946.6600,1946.6600,1925.1300,1930.7700,1947.4200
2023-08-10,1933.9800,1953.1400,1916.6100,1922.6200,1930.7700
2023-08-11,1918.2000,1929.3800,1914.1000,1925.1100,1922.6200
2023-08-14,1919.9500,1920.9000,1903.5200,1920.4900,1925.1100
2023-08-15,1913.6300,1913.6300,1895.7500,1895.7500,1920.4900
2023-08-16,1893.9800,1901.4301,1871.5200,1871.5200,1895.7500
2023-08-17,1874.1600,1877.8300,1850.0601,1850.0601,1871.5200
2023-08-18,1841.0100,1864.6801,1830.8400,1859.4200,1850.0601
2023-08-21,1860.1300,1863.7100,1846.3000,1856.0100,1859.4200
2023-08-22,1860.0000,1866.1899,1847.2700,1850.8400,1856.0100
2023-08-23,1851.8600,1873.4800,1849.8300,1870.0300,1850.8400
2023-08-24,1868.3199,1871.8600,1845.9800,1846.2800,1870.0300
2023-08-25,1850.6100,1861.8500,1831.9500,1853.6300,1846.2800
2023-08-28,1859.3300,1877.4500,1859.3300,1869.0100,1853.6300
2023-08-29,1868.6700,1896.6600,1864.1500,1895.5400,1869.0100
2023-08-30,1893.4700,1908.8900,1889.2800,1903.2100,1895.5400
2023-08-31,1904.3600,1913.2000,1898.9500,1899.6801,1903.2100
2023-09-01,1908.1700,1926.8101,1908.1700,1920.8300,1899.6801
2023-09-05,1916.2800,1916.2800,1880.4500,1880.4500,1920.8300
2023-09-06,1880.7400,1890.8300,1864.4600,1874.2800,1880.4500
2023-09-07,1871.6200,1871.6200,1848.7200,1855.7600,1874.2800
2023-09-08,1856.0500,1857.8600,1848.5900,1851.5400,1855.7600
2023-09-11,1863.1100,1866.5500,1853.8800,1855.1400,1851.5400
2023-09-12,1851.5699,1864.3300,1851.2900,1855.3199,1855.1400
2023-09-13,1855.2500,1857.0000,1837.5601,1840.8400,1855.3199
2023-09-14,1855.3000,1868.1700,1854.3700,1866.6300,1840.8400
2023-09-15,1861.5601,1861.6801,1840.0000,1847.0300,1866.6300
2023-09-18,1847.7100,1847.7100,1834.3000,1834.3000,1847.0300
2023-09-19,1834.3900,1840.5601,1823.0500,1826.5300,1834.3000
2023-09-20,1834.4399,1843.5000,1810.0800,1810.1000,1826.5300
2023-09-21,1795.2200,1795.8000,1781.8199,1781.8300,1810.1000
2023-09-22,1787.5200,1791.1400,1776.5000,1776.5000,1781.8300
2023-09-25,1768.6700,1788.0300,1766.5400,1784.2400,1776.5000
2023-09-26,1774.6400,1786.0500,1761.6100,1761.6100,1784.2400
2023-09-27,1771.1600,1786.6000,1765.6400,1778.9000,1761.6100
2023-09-28,1778.0300,1802.6100,1777.8900,1794.3101,1778.9000
2023-09-29,1805.4700,1809.6899,1781.0500,1785.1000,1794.3101
2023-10-02,1780.8600,1782.0200,1749.4301,1756.8199,1785.1000
2023-10-03,1749.1899,1749.1899,1721.4800,1727.1500,1756.8199
2023-10-04,1727.0900,1731.2300,1709.5900,1729.0100,1727.1500
2023-10-05,1724.6899,1734.3101,1717.3400,1731.5100,1729.0100
2023-10-06,1723.7100,1754.2500,1713.9200,1745.5601,1731.5100
2023-10-09,1738.3900,1761.0200,1735.7300,1755.9900,1745.5601
2023-10-10,1759.5200,1785.8900,1759.5200,1775.9500,1755.9900
2023-10-11,1777.5699,1786.6400,1761.8101,1773.3000,1775.9500
2023-10-12,1774.3400,1774.9200,1725.4399,1734.2500,1773.3000
2023-10-13,1738.0900,1740.5699,1715.3199,1719.7100,1734.2500
2023-10-16,1734.1300,1749.2100,1728.1801,1747.0601,1719.7100
2023-10-17,1735.7500,1779.8500,1735.7100,1766.0500,1747.0601
2023-10-18,1752.9200,1752.9200,1727.2400,1728.8101,1766.0500
2023-10-19,1725.7000,1734.5800,1700.2400,1702.7000,1728.8101
2023-10-20,1705.5500,1706.0200,1680.0900,1680.7900,1702.7000
2023-10-23,1671.7600,1687.7400,1662.6400,1665.8800,1680.7900
2023-10-24,1677.7400,1690.4100,1671.2700,1679.5000,1665.8800
2023-10-25,1666.8400,1668.1700,1649.8500,1651.4301,1679.5000
2023-10-26,1656.6100,1670.0900,1648.8300,1657.0000,1651.4301
2023-10-27,1660.7400,1661.1899,1633.6700,1636.9399,1657.0000
2023-10-30,1646.3600,1657.3199,1635.4100,1647.2900,1636.9399
2023-10-31,1648.6000,1663.5000,1644.9900,1662.2800,1647.2900
2023-11-01,1661.4100,1669.7900,1649.0601,1669.7000,1662.2800
2023-11-02,1684.4500,1714.6100,1684.4500,1714.2100,1669.7000
2023-11-03,1733.6100,1770.5800,1733.6100,1760.7000,1714.2100
2023-11-06,1760.1801,1760.8600,1731.6801,1737.9399,1760.7000
2023-11-07,1733.7300,1739.2600,1723.5500,1733.1500,1737.9399
2023-11-08,1732.9600,1733.1100,1709.2400,1714.0699,1733.1500
2023-11-09,1720.7000,1724.8300,1685.2700,1687.2400,1714.0699
2023-11-10,1692.7700,1709.2400,1684.2000,1705.3199,1687.2400
2023-11-13,1698.7400,1709.5699,1690.9200,1705.5000,1705.3199
2023-11-14,1741.7400,1798.3199,1741.7400,1798.3199,1705.5000
2023-11-15,1798.2000,1830.0000,1797.5900,1801.2200,1798.3199
2023-11-16,1797.0000,1797.0000,1767.4200,1773.7600,1801.2200
2023-11-17,1784.8600,1798.4399,1784.8600,1797.7700,1773.7600
2023-11-20,1798.5601,1809.2100,1794.7100,1807.0800,1797.7700
2023-11-21,1799.3300,1799.3300,1783.2600,1783.2600,1807.0800
2023-11-22,1792.5100,1803.1200,1789.8800,1795.5400,1783.2600
2023-11-24,1794.9900,1810.2600,1794.6899,1807.5000,1795.5400
2023-11-27,1801.0300,1804.5000,1790.9500,1801.1500,1807.5000
2023-11-28,1799.7100,1804.1100,1789.2000,1792.8101,1801.1500
2023-11-29,1804.2300,1827.0601,1801.9100,1803.8101,1792.8101
2023-11-30,1808.6200,1816.5300,1805.2200,1809.0200,1803.8101
2023-12-01,1806.1300,1863.6600,1800.8101,1862.6400,1809.0200
2023-12-04,1857.1700,1882.0900,1854.3800,1882.0200,1862.6400
2023-12-05,1876.6000,1876.6000,1855.0500,1856.0400,1882.0200
2023-12-06,1864.2300,1888.7200,1851.9600,1852.0500,1856.0400
2023-12-07,1854.5300,1868.2500,1848.7800,1868.2500,1852.0500
2023-12-08,1866.7700,1887.8101,1863.6600,1880.8199,1868.2500
2023-12-11,1879.6600,1885.4200,1873.5800,1883.6801,1880.8199
2023-12-12,1883.1801,1887.9500,1871.0100,1881.2700,1883.6801
2023-12-13,1882.1400,1948.0500,1870.3400,1947.5100,1881.2700
2023-12-14,1966.8800,2008.6600,1966.8800,2000.5100,1947.5100
2023-12-15,2005.1500,2009.0800,1975.1300,1985.1300,2000.5100
2023-12-18,1991.6100,1996.5100,1980.7500,1982.4200,1985.1300
2023-12-19,1996.3300,2024.2500,1995.2400,2020.9500,1982.4200
2023-12-20,2016.8700,2039.8101,1982.5601,1982.8400,2020.9500
2023-12-21,2005.8199,2017.1801,1997.4500,2017.0601,1982.8400
2023-12-22,2028.2200,2042.4700,2025.7500,2033.9600,2017.0601
2023-12-26,2043.1400,2064.6399,2039.3500,2059.1899,2033.9600
2023-12-27,2063.5901,2071.7800,2056.3701,2066.2100,2059.1899
2023-12-28,2058.1799,2068.8501,2053.6399,2058.3401,2066.2100
2023-12-29,2054.2300,2056.6201,2027.0699,2027.0699,2058.3401
2024-01-02,2012.7500,2032.4900,2003.4100,2012.8000,2027.0699
2024-01-03,1995.1700,1995.1700,1958.0300,1959.2000,2012.8000
2024-01-04,1964.3500,1970.5400,1956.7000,1957.7300,1959.2000
2024-01-05,1943.5000,1967.9900,1941.7700,1951.1400,1957.7300
2024-01-08,1948.9000,1989.0100,1944.8600,1989.0100,1951.1400
2024-01-09,1964.7200,1975.2300,1957.4200,1968.0400,1989.0100
2024-01-10,1965.4700,1971.2500,1953.0000,1970.2600,1968.0400
2024-01-11,1963.1100,1964.2300,1934.3199,1955.4600,1970.2600
2024-01-12,1977.8800,1983.8101,1947.5000,1950.9600,1955.4600
2024-01-16,1934.6400,1939.8101,1921.8101,1927.3000,1950.9600
2024-01-17,1899.1801,1914.2100,1898.2400,1913.1700,1927.3000
2024-01-18,1924.0100,1926.0500,1901.6500,1923.6500,1913.1700
2024-01-19,1934.0900,1944.3900,1914.4700,1944.3900,1923.6500
2024-01-22,1960.9399,1984.1200,1960.9399,1983.3800,1944.3900
2024-01-23,2000.5900,2001.1400,1969.9399,1976.2700,1983.3800
2024-01-24,2000.1801,2000.1801,1960.4800,1961.8600,1976.2700
2024-01-25,1987.2500,1989.2100,1963.8900,1975.8800,1961.8600
2024-01-26,1986.6700,1993.4399,1974.6300,1978.3300,1975.8800
2024-01-29,1978.1400,2011.6500,1972.7800,2011.4200,1978.3300
2024-01-30,2002.3600,2005.2200,1990.8199,1996.2400,2011.4200
2024-01-31,1989.3199,2003.1500,1946.8900,1947.3400,1996.2400
2024-02-01,1959.5800,1974.4200,1936.2300,1974.4200,1947.3400
2024-02-02,1950.7800,1971.5100,1944.6000,1962.7300,1974.4200
2024-02-05,1951.7700,1951.7700,1921.3600,1937.2400,1962.7300
2024-02-06,1936.7700,1954.0400,1932.0800,1953.6300,1937.2400
2024-02-07,1954.3600,1958.0699,1939.9700,1950.3600,1953.6300
2024-02-08,1949.7600,1980.1500,1948.6400,1979.7000,1950.3600
2024-02-09,1984.1100,2010.7700,1984.1100,2009.9900,1979.7000
2024-02-12,2014.6899,2052.0000,2014.6899,2045.2600,2009.9900
2024-02-13,1987.2600,1992.9800,1950.4700,1964.1700,2045.2600
2024-02-14,1992.1300,2014.0601,1983.1000,2012.1000,1964.1700
2024-02-15,2027.5300,2062.8000,2027.0601,2061.4800,2012.1000
2024-02-16,2049.8799,2050.2400,2032.1600,2045.1400,2061.4800
2024-02-20,2008.7800,2011.5300,1998.0900,2004.1400,2045.1400
2024-02-21,1993.4399,1997.6000,1982.4399,1994.7400,2004.1400
2024-02-22,2003.5100,2016.8300,1998.8000,2013.8400,1994.7400
2024-02-23,2011.4500,2026.4301,2004.6400,2016.6899,2013.8400
2024-02-26,2012.9301,2031.9600,2011.8600,2028.9700,2016.6899
2024-02-27,2046.5699,2058.0601,2045.3700,2056.1101,2028.9700
2024-02-28,2043.0400,2053.5200,2038.6300,2040.3101,2056.1101
2024-02-29,2060.7300,2072.9700,2044.8000,2054.8401,2040.3101
2024-03-01,2058.4800,2077.9700,2052.4299,2076.3899,2054.8401
2024-03-04,2087.6299,2091.8000,2071.9900,2074.3101,2076.3899
2024-03-05,2060.7300,2072.3000,2048.1299,2053.7100,2074.3101
2024-03-06,2069.8101,2075.6499,2059.8601,2068.0901,2053.7100
2024-03-07,2079.3201,2090.7900,2079.3201,2084.7400,2068.0901
2024-03-08,2099.6001,2115.9500,2075.8999,2082.7100,2084.7400
2024-03-11,2075.7400,2079.9700,2063.7800,2065.8799,2082.7100
2024-03-12,2066.1499,2072.9500,2052.9299,2065.4800,2065.8799
2024-03-13,2062.7500,2080.1899,2062.3501,2071.7100,2065.4800
2024-03-14,2064.2800,2064.2800,2017.2800,2031.1801,2071.7100
2024-03-15,2020.6300,2041.8800,2018.9500,2039.3199,2031.1801
2024-03-18,2042.1200,2044.0699,2024.5699,2024.7400,2039.3199
2024-03-19,2012.0300,2039.8300,2009.8101,2035.7100,2024.7400
2024-03-20,2030.3800,2081.3301,2028.5601,2074.8799,2035.7100
2024-03-21,2087.8501,2106.3101,2087.8501,2098.5601,2074.8799
2024-03-22,2098.0300,2099.1101,2071.7900,2072.0000,2098.5601
2024-03-25,2075.0601,2088.4800,2074.1599,2074.1599,2072.0000
2024-03-26,2083.4399,2093.5200,2070.0000,2070.1599,2074.1599
2024-03-27,2079.7000,2114.6499,2079.7000,2114.3501,2070.1599
2024-03-28,2115.7700,2135.4600,2115.7700,2124.5500,2114.3501
2024-04-01,2125.9099,2126.0601,2100.1399,2102.8401,2124.5500
2024-04-02,2087.4199,2087.4199,2054.3401,2065.0400,2102.8401
2024-04-03,2056.6899,2080.3999,2052.1001,2076.2000,2065.0400
2024-04-04,2089.0701,2101.4700,2051.3201,2053.8301,2076.2000
2024-04-05,2051.8799,2073.3201,2048.2500,2063.4700,2053.8301
2024-04-08,2074.6899,2079.0300,2066.1201,2073.7100,2063.4700
2024-04-09,2079.3501,2084.0601,2065.1299,2080.8000,2073.7100
2024-04-10,2043.2200,2044.2700,2016.5500,2028.3900,2080.8000
2024-04-11,2036.2300,2045.0400,2021.5000,2042.6000,2028.3900
2024-04-12,2031.0800,2032.9399,1994.8300,2003.1700,2042.6000
2024-04-15,2010.9100,2016.6600,1968.1100,1975.7100,2003.1700
2024-04-16,1965.8500,1976.2100,1953.0100,1967.4800,1975.7100
2024-04-17,1977.2900,1982.8400,1947.7500,1947.9500,1967.4800
2024-04-18,1951.2400,1971.3900,1941.3199,1942.9600,1947.9500
2024-04-19,1935.7700,1956.3000,1931.5400,1947.6600,1942.9600
2024-04-22,1953.2400,1978.4301,1947.8500,1967.4700,1947.6600
2024-04-23,1969.7400,2010.4800,1969.6400,2002.6400,1967.4700
2024-04-24,2000.4500,2006.1300,1983.6200,1995.4301,2002.6400
2024-04-25,1980.5300,1984.4900,1957.8199,1981.1200,1995.4301
2024-04-26,1984.5300,2005.0100,1984.4200,2002.0000,1981.1200
2024-04-29,2005.1000,2020.6300,2005.1000,2016.0300,2002.0000
2024-04-30,2001.7100,2003.4100,1973.8500,1973.9100,2016.0300
2024-05-01,1973.3700,2017.7000,1968.0300,1980.2300,1973.9100
2024-05-02,1998.3199,2016.5000,1984.6801,2016.1100,1980.2300
2024-05-03,2044.2200,2054.8501,2030.8199,2035.7200,2016.1100
2024-05-06,2048.5100,2064.2900,2048.5100,2060.6699,2035.7200
2024-05-07,2062.1599,2077.8101,2062.1599,2064.6499,2060.6699
2024-05-08,2050.7800,2055.6399,2043.8500,2055.1399,2064.6499
2024-05-09,2056.9800,2075.3701,2053.0500,2073.6299,2055.1399
2024-05-10,2079.9500,2082.0400,2054.8701,2059.7800,2073.6299
2024-05-13,2072.1399,2081.4500,2062.1201,2062.1201,2059.7800
2024-05-14,2078.7400,2088.3601,2076.0300,2085.6899,2062.1201
2024-05-15,2105.4199,2112.3201,2095.4299,2109.4600,2085.6899
2024-05-16,2107.0901,2107.3601,2095.8201,2096.2500,2109.4600
2024-05-17,2103.6699,2104.1299,2090.4399,2095.7200,2096.2500
2024-05-20,2096.4900,2109.7000,2095.0000,2102.5000,2095.7200
2024-05-21,2097.4700,2101.6001,2094.0200,2098.3601,2102.5000
2024-05-22,2093.7300,2096.8899,2075.7800,2081.7100,2098.3601
2024-05-23,2089.5200,2090.3899,2040.6801,2048.4099,2081.7100
2024-05-24,2061.0000,2070.2300,2056.3501,2069.6699,2048.4099
2024-05-28,2075.7200,2086.2800,2057.6899,2066.8501,2069.6699
2024-05-29,2050.4600,2050.4600,2036.1300,2036.1899,2066.8501
2024-05-30,2043.7300,2063.1899,2043.7300,2056.6001,2036.1899
2024-05-31,2061.2300,2073.6699,2047.4000,2070.1299,2056.6001
2024-06-03,2082.3999,2088.1499,2048.0601,2059.6799,2070.1299
2024-06-04,2050.3899,2050.3899,2032.1400,2033.9399,2059.6799
2024-06-05,2044.1500,2063.8701,2036.3400,2063.8701,2033.9399
2024-06-06,2058.4800,2060.4500,2046.5300,2049.4399,2063.8701
2024-06-07,2035.1200,2043.4600,2023.1400,2026.5500,2049.4399
2024-06-10,2012.2200,2033.6500,2008.3000,2031.6100,2026.5500
2024-06-11,2019.1200,2027.5300,2006.0699,2024.3500,2031.6100
2024-06-12,2065.7900,2088.5300,2052.1699,2057.1001,2024.3500
2024-06-13,2053.5300,2053.5701,2025.6400,2038.9100,2057.1001
2024-06-14,2020.1899,2020.1899,1999.0200,2006.1600,2038.9100
2024-06-17,2002.5699,2024.9100,1993.2300,2022.0100,2006.1600
2024-06-18,2022.0900,2033.5500,2020.8199,2025.2300,2022.0100
2024-06-20,2021.9100,2033.2800,2012.5100,2017.3900,2025.2300
2024-06-21,2016.3500,2022.2600,2006.8500,2022.0300,2017.3900
2024-06-24,2023.2300,2043.1000,2023.2300,2030.8101,2022.0300
2024-06-25,2029.6600,2029.6600,2017.6500,2022.3500,2030.8101
2024-06-26,2014.1801,2020.3900,2010.3600,2018.1200,2022.3500
2024-06-27,2020.9500,2038.4700,2020.2500,2038.3400,2018.1200
2024-06-28,2050.5601,2057.2800,2033.7000,2047.6899,2038.3400
2024-07-01,2050.6001,2053.3501,2024.4100,2030.0699,2047.6899
2024-07-02,2031.0699,2037.2100,2027.7800,2033.8700,2030.0699
2024-07-03,2038.4100,2049.3999,2035.5601,2036.6200,2033.8700
2024-07-05,2031.8800,2032.5100,2019.0601,2026.7300,2036.6200
2024-07-08,2038.3800,2050.1599,2036.5500,2038.6700,2026.7300
2024-07-09,2035.7600,2039.9700,2023.9200,2029.4700,2038.6700
2024-07-10,2037.0800,2051.7500,2032.1801,2051.7500,2029.4700
2024-07-11,2081.7000,2128.5500,2081.7000,2125.0400,2051.7500
2024-07-12,2139.2300,2163.6001,2139.2300,2148.2700,2125.0400
2024-07-15,2162.0000,2198.4900,2160.5000,2187.0200,2148.2700
2024-07-16,2198.4299,2265.2100,2198.4299,2263.6699,2187.0200
2024-07-17,2246.4399,2278.1299,2236.2500,2239.6699,2263.6699
2024-07-18,2233.9700,2261.1599,2189.6299,2198.2900,2239.6699
2024-07-19,2233.9700,2261.1599,2179.9500,2184.3501,2198.2900
2024-07-22,2191.2300,2223.0901,2176.4800,2220.6499,2184.3501
2024-07-23,2210.6499,2253.9299,2208.4099,2243.2700,2220.6499
2024-07-24,2232.8401,2246.8501,2195.3701,2195.3701,2243.2700
2024-07-25,2201.6699,2255.7100,2199.6201,2222.9800,2195.3701
2024-07-26,2247.8201,2267.9099,2238.6699,2260.0701,2222.9800
2024-07-29,2265.6101,2269.1599,2228.1699,2235.3301,2260.0701
2024-07-30,2242.4399,2255.8601,2231.0200,2243.1399,2235.3301
2024-07-31,2253.5701,2300.0000,2242.7700,2254.4800,2243.1399
2024-08-01,2253.5000,2262.7300,2171.0500,2186.1599,2254.4800
2024-08-02,2127.2500,2127.2500,2090.8401,2109.3101,2186.1599
2024-08-05,2021.8600,2061.7400,1993.2700,2039.1600,2109.3101
2024-08-06,2045.2000,2087.0400,2035.5200,2064.3000,2039.1600
2024-08-07,2088.1101,2094.8000,2033.9600,2035.1100,2064.3000
2024-08-08,2056.8999,2084.8899,2054.5701,2084.4199,2035.1100
2024-08-09,2085.5000,2086.7600,2068.9199,2080.9199,2084.4199
2024-08-12,2083.0500,2085.0300,2058.1201,2062.0801,2080.9199
2024-08-13,2073.7700,2098.7000,2068.9600,2095.1899,2062.0801
2024-08-14,2103.8401,2104.7100,2077.2700,2084.3201,2095.1899
2024-08-15,2117.5601,2145.2600,2117.5601,2135.4700,2084.3201
2024-08-16,2131.1699,2149.8401,2130.7100,2141.9199,2135.4700
2024-08-19,2143.9800,2167.5100,2143.9800,2167.5000,2141.9199
2024-08-20,2164.5601,2165.3501,2138.1499,2142.1899,2167.5000
2024-08-21,2146.6101,2171.2700,2146.6101,2170.5601,2142.1899
2024-08-22,2170.7300,2174.8799,2147.8701,2150.0300,2170.5601
2024-08-23,2159.9800,2222.7500,2159.9800,2218.7000,2150.0300
2024-08-26,2230.2100,2237.6899,2216.9399,2217.9199,2218.7000
2024-08-27,2210.8799,2210.8799,2195.0701,2203.0000,2217.9199
2024-08-28,2198.0500,2202.9800,2180.1599,2188.6399,2203.0000
2024-08-29,2199.1101,2223.0100,2192.4299,2202.9800,2188.6399
2024-08-30,2208.7000,2218.0500,2192.4099,2217.6299,2202.9800
2024-09-03,2206.4099,2206.4099,2145.4700,2149.2100,2217.6299
2024-09-04,2144.5901,2166.0400,2138.8201,2145.2200,2149.2100
2024-09-05,2146.5400,2150.6899,2126.2000,2132.0500,2145.2200
2024-09-06,2133.1599,2139.6599,2087.9500,2091.4099,2132.0500
2024-09-09,2093.0901,2115.0801,2093.0901,2097.7800,2091.4099
2024-09-10,2099.8799,2101.8501,2072.8899,2097.4399,2097.7800
2024-09-11,2090.8601,2105.3601,2058.6799,2103.8501,2097.4399
2024-09-12,2109.0901,2138.5000,2102.3601,2129.4299,2103.8501
2024-09-13,2143.2800,2183.5400,2143.2800,2182.4900,2129.4299
2024-09-16,2186.1299,2192.1201,2178.3999,2189.1699,2182.4900
2024-09-17,2199.1699,2229.0000,2199.1699,2205.4800,2189.1699
2024-09-18,2206.5100,2259.2500,2197.8501,2206.3401,2205.4800
2024-09-19,2233.2800,2258.7800,2233.2800,2252.7100,2206.3401
2024-09-20,2249.1299,2249.1299,2227.1899,2227.8899,2252.7100
2024-09-23,2230.9800,2238.4099,2215.2600,2220.2800,2227.8899
2024-09-24,2228.7500,2230.3799,2212.8799,2223.9900,2220.2800
2024-09-25,2223.8899,2224.0901,2196.8899,2197.4500,2223.9900
2024-09-26,2223.2300,2227.8899,2206.3301,2209.8701,2197.4500
2024-09-27,2229.9500,2243.6499,2218.7900,2224.7000,2209.8701
2024-09-30,2216.4299,2234.1299,2209.8799,2229.9700,2224.7000
2024-10-01,2223.1201,2223.5701,2186.8601,2197.0300,2229.9700
2024-10-02,2189.2800,2204.5100,2184.7400,2195.0100,2197.0300
2024-10-03,2181.7500,2189.3899,2173.3000,2180.1499,2195.0100
2024-10-04,2211.1399,2214.8601,2196.1201,2212.8000,2180.1499
2024-10-07,2206.0901,2206.0901,2181.2400,2193.0901,2212.8000
2024-10-08,2194.0500,2201.9099,2188.2400,2194.9800,2193.0901
2024-10-09,2194.2400,2213.1399,2190.4600,2200.5901,2194.9800
2024-10-10,2186.5601,2188.4199,2170.6101,2188.4199,2200.5901
2024-10-11,2188.6299,2234.9600,2188.6299,2234.4099,2188.4199
2024-10-14,2233.7000,2250.2300,2228.2500,2248.6399,2234.4099
2024-10-15,2246.5200,2272.1599,2243.7100,2249.8201,2248.6399
2024-10-16,2260.1399,2289.4900,2260.1399,2286.6799,2249.8201
2024-10-17,2287.4099,2288.6399,2272.0100,2280.8501,2286.6799
2024-10-18,2283.7600,2287.1499,2275.4900,2276.0901,2280.8501
2024-10-21,2275.3301,2275.6001,2238.3000,2239.7100,2276.0901
2024-10-22,2235.7700,2235.7700,2225.0601,2231.5300,2239.7100
2024-10-23,2224.6499,2226.4099,2195.4700,2213.8401,2231.5300
2024-10-24,2216.9900,2227.0000,2206.3501,2218.9199,2213.8401
2024-10-25,2225.7700,2236.6899,2207.2400,2207.9900,2218.9199
2024-10-28,2217.6699,2247.3799,2217.6699,2244.0701,2207.9900
2024-10-29,2236.5100,2238.0901,2221.7500,2238.0901,2244.0701
2024-10-30,2232.6599,2260.4800,2229.7900,2233.0400,2238.0901
2024-10-31,2231.3701,2232.1599,2196.6499,2196.6499,2233.0400
2024-11-01,2202.1799,2227.3501,2202.1799,2210.1299,2196.6499
2024-11-04,2206.5601,2233.1899,2200.3000,2219.0300,2210.1299
2024-11-05,2216.6201,2260.9199,2212.2700,2260.8401,2219.0300
2024-11-06,2300.9800,2393.8501,2300.9800,2392.9199,2260.8401
2024-11-07,2391.2600,2402.3601,2378.1699,2382.6899,2392.9199
2024-11-08,2384.0801,2401.9099,2376.4199,2399.6399,2382.6899
2024-11-11,2411.7000,2441.7200,2411.7000,2434.9800,2399.6399
2024-11-12,2428.1399,2432.3999,2387.8101,2391.8501,2434.9800
2024-11-13,2401.8501,2414.5500,2368.4700,2369.3701,2391.8501
2024-11-14,2374.1399,2379.5901,2333.2700,2336.9399,2369.3701
2024-11-15,2339.9600,2346.4500,2297.5200,2303.8401,2336.9399
2024-11-18,2306.5200,2322.0701,2301.8701,2306.3401,2303.8401
2024-11-19,2295.7800,2325.0601,2284.2000,2324.8301,2306.3401
2024-11-20,2323.3101,2325.8799,2303.7900,2325.5300,2324.8301
2024-11-21,2331.4600,2372.2500,2331.4600,2364.0200,2325.5300
2024-11-22,2366.4399,2409.2200,2366.4399,2406.6699,2364.0200
2024-11-25,2419.0801,2466.4900,2419.0801,2442.0300,2406.6699
2024-11-26,2439.0200,2439.0200,2415.9199,2424.3101,2442.0300
2024-11-27,2430.1299,2449.8601,2424.5100,2426.1899,2424.3101
2024-11-29,2433.0000,2445.6399,2433.0000,2434.7300,2426.1899
2024-12-02,2437.2100,2442.6101,2420.7100,2434.1399,2434.7300
2024-12-03,2433.9099,2435.3101,2412.8501,2416.3501,2434.1399
2024-12-04,2419.1001,2430.0300,2412.7400,2426.5601,2416.3501
2024-12-05,2425.0400,2425.8101,2395.1599,2396.1699,2426.5601
2024-12-06,2408.0901,2414.1799,2401.7700,2408.9900,2396.1699
2024-12-09,2418.8301,2428.1599,2392.7000,2392.8401,2408.9900
2024-12-10,2392.4299,2402.6599,2378.6101,2382.7700,2392.8401
2024-12-11,2399.0500,2407.7400,2386.3701,2394.1599,2382.7700
2024-12-12,2387.3799,2391.8601,2360.5901,2361.0801,2394.1599
2024-12-13,2357.8000,2361.8401,2336.2800,2346.8999,2361.0801
2024-12-16,2344.8701,2370.4299,2339.7400,2361.9900,2346.8999
2024-12-17,2350.7900,2354.5601,2329.2600,2334.0801,2361.9900
2024-12-18,2342.2800,2349.9800,2215.7400,2231.5100,2334.0801
2024-12-19,2251.0901,2265.3501,2217.1499,2221.5000,2231.5100
2024-12-20,2201.7100,2264.4800,2194.8999,2242.3701,2221.5000
2024-12-23,2239.0901,2241.9099,2219.4199,2237.4399,2242.3701
2024-12-24,2240.2500,2259.8501,2233.3101,2259.8501,2237.4399
2024-12-26,2248.8000,2281.8301,2243.8000,2280.1899,2259.8501
2024-12-27,2268.9700,2273.8000,2227.1699,2244.5901,2280.1899
2024-12-30,2230.8301,2237.9199,2202.6699,2227.7800,2244.5901
2024-12-31,2237.9299,2250.3999,2224.5300,2230.1599,2227.7800
2025-01-02,2241.8201,2261.7500,2219.9199,2231.6699,2230.1599
2025-01-03,2237.7300,2269.0500,2237.7300,2268.4700,2231.6699
2025-01-06,2275.7100,2292.3000,2264.4199,2266.6499,2268.4700
2025-01-07,2271.3101,2286.1799,2236.5500,2249.8000,2266.6499
2025-01-08,2236.1201,2241.8899,2211.7100,2238.9600,2249.8000
2025-01-10,2215.2300,2215.2300,2176.0300,2189.2300,2238.9600
2025-01-13,2176.4900,2194.6899,2158.6299,2194.3999,2189.2300
2025-01-14,2206.1599,2221.3301,2194.8501,2219.2400,2194.3999
2025-01-15,2256.5601,2278.1699,2252.7400,2263.2900,2219.2400
2025-01-16,2261.9700,2273.0400,2252.8899,2266.7900,2263.2900
2025-01-17,2281.6599,2289.9700,2269.2200,2275.8799,2266.7900
2025-01-21,2286.3999,2318.8101,2286.3999,2317.9700,2275.8799
2025-01-22,2316.1399,2318.6299,2301.8999,2303.7200,2317.9700
2025-01-23,2296.1101,2314.7200,2289.2700,2314.6001,2303.7200
2025-01-24,2312.3799,2322.2700,2303.1499,2307.7400,2314.6001
2025-01-27,2290.1499,2311.7900,2273.6699,2284.0200,2307.7400
2025-01-28,2287.1101,2294.6699,2275.0801,2288.8601,2284.0200
2025-01-29,2286.5701,2300.8701,2269.1101,2283.1001,2288.8601
2025-01-30,2299.8201,2320.5300,2293.7100,2307.4500,2283.1001
2025-01-31,2307.7000,2322.2900,2278.7800,2287.6899,2307.4500
2025-02-03,2244.8201,2271.2100,2229.5100,2258.4199,2287.6899
2025-02-04,2257.1899,2291.3799,2257.1101,2290.2100,2258.4199
2025-02-05,2297.7400,2316.2300,2293.3799,2316.2300,2290.2100
2025-02-06,2323.3000,2326.9500,2295.6799,2307.1201,2316.2300
2025-02-07,2308.1899,2311.5100,2277.6299,2279.7100,2307.1201
2025-02-10,2289.3799,2294.7100,2281.6499,2287.9399,2279.7100
2025-02-11,2278.1599,2282.2100,2270.8899,2275.7000,2287.9399
2025-02-12,2250.7100,2262.5701,2240.5100,2255.8899,2275.7000
2025-02-13,2264.8301,2282.4199,2259.0701,2282.1799,2255.8899
2025-02-14,2287.8501,2297.7100,2276.6299,2279.9800,2282.1799
2025-02-18,2281.5601,2294.5901,2277.1699,2290.3501,2279.9800
2025-02-19,2278.2900,2288.7500,2273.6299,2282.4600,2290.3501
2025-02-20,2280.3000,2280.3000,2250.1101,2261.7400,2282.4600
2025-02-21,2275.9600,2282.6299,2194.1101,2195.3501,2261.7400
2025-02-24,2200.7100,2202.0601,2169.5400,2178.2700,2195.3501
2025-02-25,2180.4700,2184.7600,2154.3501,2170.0801,2178.2700
2025-02-26,2175.4399,2199.9199,2166.8601,2174.1699,2170.0801
2025-02-27,2175.1299,2177.7900,2139.4099,2139.6599,2174.1699
2025-02-28,2135.5901,2163.2300,2126.0801,2163.0701,2139.6599
2025-03-03,2168.0200,2173.5701,2092.1699,2102.2400,2163.0701
2025-03-04,2083.7000,2112.1001,2048.0100,2079.5300,2102.2400
2025-03-05,2080.4900,2102.9500,2066.1499,2100.7500,2079.5300
2025-03-06,2081.5701,2093.3899,2055.4199,2066.5500,2100.7500
2025-03-07,2065.5000,2084.3999,2033.6899,2075.4800,2066.5500
2025-03-10,2058.0901,2058.0901,2003.4200,2019.0699,2075.4800
2025-03-11,2022.5200,2043.4900,2001.1899,2023.5900,2019.0699
2025-03-12,2037.9100,2050.2100,2012.5699,2026.4700,2023.5900
2025-03-13,2026.0800,2031.1600,1984.9200,1993.6899,2026.4700
2025-03-14,2008.5300,2044.5100,2008.5300,2044.1000,1993.6899
2025-03-17,2041.5200,2073.9199,2039.9600,2068.3301,2044.1000
2025-03-18,2060.9700,2060.9700,2043.8700,2049.9399,2068.3301
2025-03-19,2051.2800,2092.0300,2051.2800,2082.0801,2049.9399
2025-03-20,2068.6001,2089.9800,2060.4900,2068.6299,2082.0801
2025-03-21,2057.7900,2060.7700,2040.1400,2056.9800,2068.6299
2025-03-24,2075.4800,2110.5400,2075.4800,2109.3799,2056.9800
2025-03-25,2108.2500,2110.0801,2090.0400,2095.3799,2109.3799
2025-03-26,2097.1799,2103.7100,2066.3000,2073.8301,2095.3799
2025-03-27,2072.4800,2079.3000,2057.6001,2065.7000,2073.8301
2025-03-28,2063.3101,2063.3101,2013.0000,2023.2700,2065.7000
2025-03-31,1997.9700,2021.9500,1973.0800,2011.9100,2023.2700
2025-04-01,2007.5900,2027.0000,1985.6700,2012.2400,2011.9100
2025-04-02,1998.3300,2048.1499,1986.3300,2045.3600,2012.2400
2025-04-03,1981.6700,1981.6700,1909.7000,1910.5500,2045.3600
2025-04-04,1866.0000,1866.0000,1783.0601,1827.0300,1910.5500
2025-04-07,1775.1200,1891.1600,1733.1600,1810.1400,1827.0300
2025-04-08,1850.9100,1868.9900,1738.8199,1760.7100,1810.1400
2025-04-09,1743.1899,1930.6000,1732.9900,1913.1600,1760.7100
2025-04-10,1864.7700,1864.7700,1788.9800,1831.3900,1913.1600
2025-04-11,1827.6600,1860.8500,1802.2300,1860.2000,1831.3900
2025-04-14,1890.6600,1892.8800,1848.5300,1880.8800,1860.2000
2025-04-15,1879.6801,1902.3199,1874.9900,1882.9200,1880.8800
2025-04-16,1872.7600,1879.9000,1842.1500,1863.4800,1882.9200
2025-04-17,1863.5000,1887.6400,1861.3000,1880.6200,1863.4800
2025-04-21,1862.7100,1863.2100,1823.3800,1840.3199,1880.6200
2025-04-22,1863.9399,1892.9200,1860.8000,1890.2800,1840.3199
2025-04-23,1938.3101,1967.9200,1914.6200,1919.1400,1890.2800
2025-04-24,1922.4600,1958.7100,1919.0500,1957.5900,1919.1400
2025-04-25,1944.7300,1957.6200,1934.3800,1957.6200,1957.5900
2025-04-28,1960.3900,1973.9399,1942.0200,1965.5500,1957.6200
2025-04-29,1957.9399,1982.8400,1948.1600,1976.5200,1965.5500
2025-04-30,1950.0699,1969.4000,1925.3500,1964.1200,1976.5200
2025-05-01,1974.7800,1990.7000,1960.4900,1975.8600,1964.1200
2025-05-02,1997.7300,2026.5300,1997.7300,2020.7400,1975.8600
2025-05-05,2003.9800,2020.0900,2000.2900,2004.2600,2020.7400
2025-05-06,1984.7000,1998.3199,1976.8600,1983.1899,2004.2600
2025-05-07,1993.7300,1998.7900,1977.6100,1989.6600,1983.1899
2025-05-08,2009.7300,2040.4600,2000.1200,2026.4100,1989.6600
2025-05-09,2031.1300,2037.3000,2016.2900,2023.0699,2026.4100
2025-05-12,2086.8101,2104.7100,2076.9099,2092.2000,2023.0699
2025-05-13,2101.5500,2109.9500,2095.2400,2102.3501,2092.2000
2025-05-14,2096.4600,2099.3401,2082.8101,2083.8000,2102.3501
2025-05-15,2077.3999,2094.9700,2069.3401,2094.6899,2083.8000
2025-05-16,2096.0200,2114.9500,2094.3501,2113.2500,2094.6899
2025-05-19,2082.2000,2104.5400,2081.4800,2104.4299,2113.2500
2025-05-20,2101.3799,2111.1899,2095.5500,2105.5801,2104.4299
2025-05-21,2084.1101,2087.0701,2043.1801,2046.5601,2105.5801
2025-05-22,2042.0300,2057.0100,2032.4000,2045.5601,2046.5601
2025-05-23,2014.1100,2044.8900,2011.2000,2039.8500,2045.5601
2025-05-27,2059.1799,2090.5601,2058.2000,2090.3999,2039.8500
2025-05-28,2089.9099,2092.3899,2066.4399,2067.8000,2090.3999
2025-05-29,2077.6699,2081.5200,2061.0200,2074.7800,2067.8000
2025-05-30,2067.3301,2074.7400,2051.1201,2066.2900,2074.7800
2025-06-02,2066.5000,2070.5400,2043.6000,2070.1599,2066.2900
2025-06-03,2074.0300,2107.3899,2070.8601,2102.9800,2070.1599
2025-06-04,2103.2800,2110.2200,2096.7300,2098.4800,2102.9800
2025-06-05,2099.5601,2110.0801,2086.7900,2097.3501,2098.4800
2025-06-06,2115.2100,2132.3501,2115.2100,2132.2500,2097.3501
2025-06-09,2144.1599,2154.3899,2139.0500,2144.4500,2132.2500
2025-06-10,2150.7400,2164.4700,2150.7400,2156.4099,2144.4500
2025-06-11,2163.5500,2170.4900,2146.9099,2148.2300,2156.4099
2025-06-12,2142.2800,2142.8799,2131.0701,2140.0901,2148.2300
2025-06-13,2120.2300,2125.0801,2095.6499,2100.5100,2140.0901
2025-06-16,2115.0701,2134.7100,2115.0701,2124.1299,2100.5100
2025-06-17,2113.8601,2120.3799,2101.5901,2101.9600,2124.1299
2025-06-18,2101.3601,2127.6699,2100.4399,2112.9600,2101.9600
2025-06-20,2123.3999,2127.5500,2103.3201,2109.2700,2112.9600
2025-06-23,2105.5200,2133.3601,2088.0701,2132.6799,2109.2700
2025-06-24,2144.9600,2164.8999,2142.7400,2161.2100,2132.6799
2025-06-25,2163.0100,2163.6699,2135.9600,2136.1799,2161.2100
2025-06-26,2141.4700,2172.1299,2141.4700,2172.1101,2136.1799
2025-06-27,2176.7400,2189.1799,2159.8000,2172.5300,2172.1101
2025-06-30,2177.8201,2182.3701,2173.2000,2175.0400,2172.5300
2025-07-01,2165.6299,2218.5901,2160.6299,2197.5400,2175.0400
2025-07-02,2199.6599,2226.7900,2194.2600,2226.3799,2197.5400
2025-07-03,2232.3000,2249.0400,2232.3000,2249.0400,2226.3799
2025-07-07,2237.5200,2243.3799,2204.3101,2214.2300,2249.0400
2025-07-08,2219.1001,2238.5300,2219.1001,2228.7400,2214.2300
2025-07-09,2236.3501,2252.7700,2229.3501,2252.4900,2228.7400
2025-07-10,2251.0400,2275.7000,2247.1899,2263.4099,2252.4900
2025-07-11,2253.9500,2253.9500,2233.4099,2234.8301,2263.4099
2025-07-14,2231.6799,2250.2000,2229.4600,2249.7300,2234.8301
2025-07-15,2254.7700,2257.5701,2205.0500,2205.0500,2249.7300
2025-07-16,2212.8799,2229.9500,2189.3000,2226.9900,2205.0500
2025-07-17,2228.0500,2258.4600,2227.2000,2253.6799,2226.9900
2025-07-18,2265.1499,2269.6101,2238.1101,2240.0100,2253.6799
2025-07-21,2248.2500,2259.2200,2230.0200,2231.1299,2240.0100
2025-07-22,2231.1799,2254.5701,2224.3301,2248.7600,2231.1299
2025-07-23,2259.1899,2283.2000,2259.1899,2283.1299,2248.7600
2025-07-24,2276.4700,2276.4700,2251.7700,2252.1299,2283.1299
2025-07-25,2257.2900,2262.5801,2244.4600,2261.0701,2252.1299
2025-07-28,2267.5701,2270.1699,2252.9800,2256.7300,2261.0701
2025-07-29,2268.3301,2273.3799,2239.0901,2242.9600,2256.7300
2025-07-30,2249.3201,2265.8101,2220.3000,2232.3999,2242.9600
2025-07-31,2225.6399,2235.6299,2207.3899,2211.6499,2232.3999
2025-08-01,2192.9399,2192.9399,2143.4299,2166.7800,2211.6499
2025-08-04,2177.1001,2212.4500,2177.1001,2212.3000,2166.7800
2025-08-05,2218.4399,2228.4800,2200.7300,2225.6699,2212.3000
2025-08-06,2224.2500,2225.3601,2211.2100,2221.2900,2225.6699
2025-08-07,2234.5801,2243.1599,2202.8701,2214.7200,2221.2900
2025-08-08,2222.7900,2228.3000,2214.2700,2218.4199,2214.7200
2025-08-11,2221.9099,2229.7300,2213.5400,2216.5100,2218.4199
2025-08-12,2232.0601,2283.6699,2229.6799,2282.7800,2216.5100
2025-08-13,2296.1899,2329.2600,2296.0300,2328.0601,2282.7800
2025-08-14,2304.4900,2304.4900,2279.8601,2299.0801,2328.0601
2025-08-15,2304.2000,2305.0000,2279.5701,2286.5200,2299.0801
2025-08-18,2287.1101,2298.2700,2285.8000,2294.4700,2286.5200
2025-08-19,2295.1201,2300.5100,2272.8601,2276.6101,2294.4700
2025-08-20,2273.7900,2274.6899,2252.4299,2269.3501,2276.6101
2025-08-21,2258.9399,2277.0100,2254.5500,2274.1001,2269.3501
2025-08-22,2285.1799,2366.6001,2285.1799,2361.9500,2274.1001
2025-08-25,2357.3899,2357.3899,2339.0701,2339.1699,2361.9500
2025-08-26,2339.1699,2361.7100,2339.1699,2358.6001,2339.1699
2025-08-27,2353.9299,2375.7100,2352.7800,2373.8000,2358.6001
2025-08-28,2382.5901,2384.0100,2370.1201,2378.4099,2373.8000
2025-08-29,2381.1599,2382.1299,2359.3999,2366.4199,2378.4099
2025-09-02,2339.8601,2354.9900,2329.9500,2352.2100,2366.4199
2025-09-03,2352.3701,2359.2000,2340.4900,2349.9700,2352.2100
2025-09-04,2354.4099,2379.7900,2351.3401,2379.6101,2349.9700
2025-09-05,2389.9800,2407.3701,2366.7800,2391.0500,2379.6101
2025-09-08,2395.6499,2398.1399,2378.8201,2394.8899,2391.0500
2025-09-09,2393.5500,2393.9900,2370.2100,2381.8201,2394.8899
2025-09-10,2384.6899,2394.1599,2369.0100,2378.0100,2381.8201
2025-09-11,2380.9399,2422.3301,2379.9900,2421.5300,2378.0100
2025-09-12,2416.0000,2416.0500,2396.7100,2397.0601,2421.5300
2025-09-15,2402.9399,2411.5200,2399.7800,2405.1299,2397.0601
2025-09-16,2405.0000,2406.9199,2388.2500,2403.0300,2405.1299
2025-09-17,2406.1001,2453.3601,2396.1001,2407.3401,2403.0300
2025-09-18,2420.5901,2470.0701,2420.5901,2467.7000,2407.3401
2025-09-19,2471.9600,2472.2700,2445.8601,2448.7700,2467.7000
2025-09-22,2445.8999,2466.8899,2431.6201,2463.3401,2448.7700
2025-09-23,2467.2700,2488.8401,2455.0701,2457.5100,2463.3401
2025-09-24,2459.2900,2461.4900,2434.9800,2434.9800,2457.5100
2025-09-25,2418.9800,2418.9800,2393.8101,2411.0400,2434.9800
2025-09-26,2414.9700,2435.1499,2413.5500,2434.3201,2411.0400
2025-09-29,2442.6599,2449.2600,2428.3000,2435.2500,2434.3201
2025-09-30,2432.6399,2438.3301,2413.2800,2436.4800,2435.2500
2025-10-01,2428.2300,2447.4600,2424.8799,2442.3501,2436.4800
2025-10-02,2448.9800,2458.5500,2435.7900,2458.4900,2442.3501
2025-10-03,2466.6799,2497.3601,2466.6799,2476.1799,2458.4900
2025-10-06,2489.1399,2501.9199,2481.3401,2486.3501,2476.1799
2025-10-07,2490.4299,2493.1001,2451.3101,2458.4199,2486.3501
2025-10-08,2467.6299,2487.6399,2458.6699,2483.9900,2458.4199
2025-10-09,2485.7400,2490.7500,2459.6299,2468.8501,2483.9900
2025-10-10,2473.2900,2484.3501,2393.8501,2394.5901,2468.8501
2025-10-13,2423.0000,2462.9199,2423.0000,2461.4199,2394.5901
2025-10-14,2444.2300,2512.6799,2417.7400,2495.5000,2461.4199
2025-10-15,2510.5701,2541.6699,2490.5601,2519.7500,2495.5000
2025-10-16,2523.0500,2529.2900,2458.2500,2467.0200,2519.7500
2025-10-17,2455.6599,2465.0901,2433.1899,2452.1699,2467.0200
2025-10-20,2471.1499,2500.5300,2471.1499,2499.9099,2452.1699
2025-10-21,2495.6799,2500.5500,2473.5701,2487.6899,2499.9099
2025-10-22,2483.3301,2485.1399,2426.5300,2451.5500,2487.6899
2025-10-23,2457.3301,2488.3501,2457.3301,2482.6599,2451.5500
2025-10-24,2502.1101,2526.8401,2502.1101,2513.4700,2482.6599
2025-10-27,2527.2100,2539.9399,2515.5701,2520.4399,2513.4700
2025-10-28,2516.1201,2523.7800,2500.8101,2506.6499,2520.4399
2025-10-29,2505.4399,2527.5400,2467.7100,2484.8101,2506.6499
2025-10-30,2476.8301,2496.0500,2464.8101,2465.9500,2484.8101
2025-10-31,2469.1799,2484.2000,2455.9700,2479.3799,2465.9500
2025-11-03,2481.0500,2481.0500,2441.9099,2471.2400,2479.3799
2025-11-04,2447.6101,2457.1201,2426.6201,2427.3401,2471.2400
2025-11-05,2429.1299,2473.3601,2429.1299,2464.7800,2427.3401
2025-11-06,2460.2400,2461.4700,2417.0901,2418.8201,2464.7800
2025-11-07,2407.9700,2432.9099,2380.0701,2432.8201,2418.8201
2025-11-10,2451.7500,2468.8899,2440.3301,2455.6499,2432.8201
2025-11-11,2451.8101,2463.5701,2443.4099,2458.2800,2455.6499
2025-11-12,2463.3601,2478.1399,2449.5300,2450.8000,2458.2800
2025-11-13,2441.6101,2441.6101,2375.3701,2382.9800,2450.8000
2025-11-14,2359.1599,2400.4500,2345.1001,2388.2300,2382.9800
2025-11-17,2381.6899,2390.9199,2334.2600,2341.3799,2388.2300
2025-11-18,2333.4099,2363.5801,2325.1101,2348.7400,2341.3799
2025-11-19,2349.3501,2375.3799,2340.5500,2347.8899,2348.7400
2025-11-20,2365.3301,2404.2500,2303.4600,2305.1101,2347.8899
2025-11-21,2306.7800,2383.5500,2306.7800,2369.5901,2305.1101
2025-11-24,2372.8000,2418.3101,2372.3401,2414.2800,2369.5901
2025-11-25,2417.6699,2470.8301,2417.6699,2465.9800,2414.2800
2025-11-26,2466.0100,2502.9600,2464.7100,2486.1201,2465.9800
2025-11-28,2492.0500,2501.4600,2492.0500,2500.4299,2486.1201
2025-12-01,2482.2300,2488.5801,2468.0100,2469.1299,2500.4299
2025-12-02,2480.0500,2487.6399,2464.9800,2464.9800,2469.1299
2025-12-03,2469.6399,2512.4500,2468.6499,2512.1399,2464.9800
2025-12-04,2508.2400,2540.0100,2501.7700,2531.1599,2512.1399
2025-12-05,2530.4500,2538.3701,2517.9099,2521.4800,2531.1599
2025-12-08,2532.4199,2540.8999,2517.1399,2520.9800,2521.4800
2025-12-09,2515.7900,2541.7700,2514.0901,2526.2400,2520.9800
2025-12-10,2524.4800,2576.3101,2519.1699,2559.6101,2526.2400
2025-12-11,2560.9800,2593.8899,2558.4600,2590.6101,2559.6101
2025-12-12,2593.3601,2595.9800,2548.8101,2551.4600,2590.6101
2025-12-15,2562.5000,2567.4600,2529.3701,2530.6699,2551.4600
2025-12-16,2526.5000,2536.6201,2506.5500,2519.3000,2530.6699
2025-12-17,2522.1101,2540.2500,2487.9800,2492.3000,2519.3000
2025-12-18,2517.6599,2531.7900,2504.4900,2507.8701,2492.3000
2025-12-19,2508.5901,2534.8201,2508.5901,2529.4299,2507.8701
2025-12-22,2538.8000,2572.8999,2538.8000,2558.7800,2529.4299
2025-12-23,2548.6399,2553.2000,2537.9399,2541.1201,2558.7800
2025-12-24,2539.3301,2549.9600,2535.1299,2548.0801,2541.1201
2025-12-26,2546.7800,2546.7800,2527.3601,2534.3501,2548.0801
2025-12-29,2524.8401,2533.6499,2515.6799,2519.8000,2534.3501
2025-12-30,2519.8999,2520.9099,2500.4900,2500.5901,2519.8000
2025-12-31,2500.3701,2501.7700,2480.6799,2481.9099,2500.5901
2026-01-02,2491.8201,2509.7200,2481.5901,2508.2200,2481.9099
2026-01-05,2516.8101,2556.2400,2516.8101,2547.9199,2508.2200
2026-01-06,2544.9600,2582.9900,2541.6299,2582.8999,2547.9199
2026-01-07,2585.6201,2585.6201,2563.3999,2575.4199,2582.8999
2026-01-08,2567.6101,2608.5801,2566.6599,2603.9099,2575.4199
2026-01-09,2614.7300,2635.8000,2606.6599,2624.2200,2603.9099
2026-01-12,2614.0901,2636.7200,2606.8999,2635.6899,2624.2200
2026-01-13,2644.4900,2647.0400,2627.3999,2633.1101,2635.6899
2026-01-14,2631.0601,2653.3101,2624.2900,2651.6399,2633.1101
2026-01-15,2661.1101,2689.2800,2659.2900,2674.5601,2651.6399
2026-01-16,2676.8101,2692.2300,2668.5601,2677.7400,2674.5601
2026-01-20,2636.8401,2670.3201,2632.3601,2645.3601,2677.7400
2026-01-21,2662.1201,2703.7500,2651.4700,2698.1699,2645.3601
2026-01-22,2717.8000,2735.1001,2714.9900,2718.7700,2698.1699
2026-01-23,2712.7000,2712.7000,2664.5500,2669.1599,2718.7700
2026-01-26,2672.3701,2684.9900,2657.4199,2659.6699,2669.1599
2026-01-27,2659.9299,2668.5601,2650.6399,2666.7000,2659.6699
2026-01-28,2681.0100,2685.8601,2647.6299,2653.5500,2666.7000
2026-01-29,2660.6101,2665.0601,2616.1399,2654.7800,2653.5500
2026-01-30,2633.7900,2648.2700,2599.5701,2613.7400,2654.7800
2026-02-02,2604.4800,2654.8401,2603.7900,2640.2800,2613.7400
2026-02-03,2648.1299,2666.8501,2605.8799,2648.5000,2640.2800
2026-02-04,2657.4500,2660.4399,2591.8701,2624.5500,2648.5000
2026-02-05,2606.7100,2629.8301,2569.2300,2577.6499,2624.5500
2026-02-06,2611.2900,2676.2200,2611.2900,2670.3401,2577.6499
2026-02-09,2667.4399,2695.4500,2659.9600,2689.0500,2670.3401
2026-02-10,2691.7900,2704.0801,2678.5000,2679.7700,2689.0500
2026-02-11,2700.3301,2706.3601,2643.1599,2669.4700,2679.7700
2026-02-12,2684.9900,2692.7700,2604.5000,2615.8301,2669.4700
2026-02-13,2620.1399,2668.2900,2610.3401,2646.7000,2615.8301
2026-02-17,2644.2000,2659.4600,2611.3401,2646.5901,2646.7000
2026-02-18,2646.9299,2686.7600,2644.4800,2658.6101,2646.5901
2026-02-19,2648.1001,2665.2200,2637.5801,2665.0901,2658.6101
2026-02-20,2660.2900,2682.4199,2642.0701,2663.7800,2665.0901
2026-02-23,2654.8301,2659.3000,2600.9900,2620.9900,2663.7800
2026-02-24,2620.3101,2656.1399,2619.0300,2652.3301,2620.9900
2026-02-25,2661.1001,2671.2500,2643.9199,2663.3301,2652.3301
2026-02-26,2665.1899,2679.6101,2640.6599,2677.2900,2663.3301
2026-02-27,2652.7500,2652.7500,2616.1001,2632.3601,2677.2900
2026-03-02,2608.8899,2658.6201,2596.6899,2655.9399,2632.3601
2026-03-03,2613.6499,2624.8999,2550.9700,2608.3601,2655.9399
2026-03-04,2621.5601,2644.1499,2608.5000,2636.0100,2608.3601
2026-03-05,2619.3101,2621.6499,2560.9900,2585.5701,2636.0100
2026-03-06,2554.6599,2554.6599,2518.3101,2525.3000,2585.5701
2026-03-09,2503.1899,2559.1699,2463.3799,2553.6699,2525.3000
2026-03-10,2551.0100,2591.3301,2544.3899,2548.0801,2553.6699
2026-03-11,2538.9199,2556.8501,2524.5300,2542.8999,2548.0801
2026-03-12,2520.8301,2520.8301,2483.3201,2488.9900,2542.8999
2026-03-13,2501.4099,2519.9299,2471.9099,2480.0500,2488.9900
2026-03-16,2499.6699,2525.6201,2499.1101,2503.2900,2480.0500
2026-03-17,2512.8701,2534.6899,2511.5901,2519.9900,2503.2900
2026-03-18,2511.1599,2511.1599,2478.1201,2478.6399,2519.9900
2026-03-19,2459.0500,2515.0100,2447.7200,2494.7100,2478.6399
2026-03-20,2494.2700,2496.5901,2422.9900,2438.4500,2494.7100
2026-03-23,2465.3999,2529.5500,2465.3999,2494.2300,2438.4500
2026-03-24,2481.3301,2517.8501,2472.2000,2505.4399,2494.2300
2026-03-25,2526.5601,2547.9299,2518.3501,2536.3799,2505.4399
2026-03-26,2517.0100,2534.6399,2490.5100,2493.3201,2536.3799
2026-03-27,2481.1101,2482.1299,2443.6299,2449.7000,2493.3201
2026-03-30,2461.5500,2467.0100,2404.9900,2414.0100,2449.7000
2026-03-31,2437.6699,2501.7900,2437.6699,2496.3701,2414.0100
2026-04-01,2510.8799,2540.5901,2510.8799,2512.3701,2496.3701
2026-04-02,2482.5901,2535.3201,2468.7900,2530.0400,2512.3701
2026-04-06,2527.8799,2544.8999,2523.6399,2540.6399,2530.0400
2026-04-07,2534.5500,2547.9199,2515.5000,2544.9500,2540.6399
2026-04-08,2596.1299,2636.5200,2596.1299,2620.4600,2544.9500
2026-04-09,2612.6499,2645.1499,2608.9700,2636.3101,2620.4600
2026-04-10,2640.8201,2646.3701,2623.0701,2630.5901,2636.3101
2026-04-13,2625.6899,2671.0500,2622.1399,2670.4900,2630.5901
2026-04-14,2679.7100,2711.9199,2679.7100,2705.6699,2670.4900
2026-04-15,2705.9900,2714.9600,2694.8301,2713.6599,2705.6699
2026-04-16,2713.9900,2720.0500,2700.9399,2719.6001,2713.6599
2026-04-17,2741.7400,2793.1201,2741.7400,2776.8999,2719.6001
2026-04-20,2771.1399,2795.5100,2764.6299,2792.9600,2776.8999
2026-04-21,2798.5100,2817.9600,2759.1201,2764.9700,2792.9600
2026-04-22,2783.2700,2799.2700,2770.0200,2785.3799,2764.9700
2026-04-23,2784.8201,2796.1001,2741.5400,2775.1001,2785.3799
2026-04-24,2783.4800,2796.6799,2762.2300,2787.0000,2775.1001
2026-04-27,2788.6201,2796.7400,2781.5000,2788.1899,2787.0000
2026-04-28,2782.2800,2790.6001,2746.0000,2756.0500,2788.1899
2026-04-29,2753.6899,2760.6499,2725.2300,2739.4700,2756.0500
2026-04-30,2744.7900,2801.0801,2744.0901,2799.9099,2739.4700
2026-05-01,2803.8501,2815.6899,2788.5200,2812.8201,2799.9099
2026-05-04,2809.8799,2826.4099,2782.4900,2796.0000,2812.8201
2026-05-05,2806.0000,2846.6699,2806.0000,2845.0000,2796.0000
2026-05-06,2857.1101,2888.6201,2853.9800,2886.7700,2845.0000
2026-05-07,2886.8799,2886.8799,2832.7300,2839.6299,2886.7700
2026-05-08,2852.0701,2866.2400,2844.0801,2861.2100,2839.6299
2026-05-11,2864.2000,2888.2100,2864.2000,2870.6399,2861.2100
2026-05-12,2861.8301,2861.8301,2799.6899,2842.8301,2870.6399
2026-05-13,2846.2500,2852.7200,2815.9600,2843.9299,2842.8301
2026-05-14,2852.7500,2873.8701,2838.8799,2863.0901,2843.9299
2026-05-15,2839.3201,2839.3201,2791.5000,2793.3000,2863.0901
2026-05-18,2793.3000,2802.8401,2757.0200,2775.1001,2793.3000
2026-05-19,2753.1599,2766.3899,2722.8501,2747.0701,2775.1001
2026-05-20,2764.4099,2817.9900,2755.7100,2817.3701,2747.0701
2026-05-21,2802.3601,2850.6201,2798.2500,2843.4500,2817.3701
2026-05-22,2855.1201,2878.6101,2855.1201,2869.2300,2843.4500
2026-05-26,2899.0100,2923.0400,2892.3101,2920.5400,2869.2300
2026-05-27,2924.3601,2932.7400,2908.6399,2919.9399,2920.5400
2026-05-28,2915.0400,2942.6101,2897.8501,2936.5701,2919.9399
2026-05-29,2932.5701,2932.5701,2898.8301,2919.3401,2936.5701
2026-06-01,2899.0901,2919.5701,2880.8899,2905.7600,2919.3401
2026-06-02,2900.9500,2934.9500,2900.7000,2931.9600,2905.7600
2026-06-03,2921.2400,2921.2400,2885.5200,2893.5100,2931.9600
2026-06-04,2895.0000,2943.9700,2884.5100,2935.3301,2893.5100
2026-06-05,2914.0300,2914.0300,2819.0300,2833.5000,2935.3301
2026-06-08,2862.7600,2882.8701,2853.3101,2855.4199,2833.5000
2026-06-09,2879.4800,2921.3301,2795.4800,2867.0200,2855.4199
2026-06-10,2861.9299,2905.2800,2833.4700,2835.4600,2867.0200
2026-06-11,2854.2300,2923.9299,2854.2300,2921.0300,2835.4600
2026-06-12,2930.8201,2969.4299,2921.2700,2943.9900,2921.0300
2026-06-15,2982.3501,2996.4199,2960.6799,2965.0901,2943.9900
2026-06-16,2971.6101,2984.8101,2936.3601,2939.2000,2965.0901
2026-06-17,2945.7900,2977.2000,2910.9600,2917.9800,2939.2000
2026-06-18,2952.5801,2980.6001,2939.8201,2979.7700,2917.9800
2026-06-22,2992.3601,3015.4099,2985.0901,3004.3999,2979.7700
2026-06-23,2964.2700,2996.9600,2951.2300,2975.4800,3004.3999
2026-06-24,2977.7600,3015.0500,2969.7200,2986.6299,2975.4800
2026-06-25,3005.4700,3033.7500,2989.2000,3007.8601,2986.6299
2026-06-26,2990.0601,3018.8701,2979.1101,3010.0801,3007.8601
2026-06-29,3000.9099,3011.9500,2969.8701,3010.4199,3010.0801
2026-06-30,3007.1499,3030.6101,3000.2500,3024.3701,3010.4199
2026-07-01,3018.4900,3046.5901,3010.8799,3012.5901,3024.3701
2026-07-02,3023.7700,3039.8401,2971.1699,2996.1101,3012.5901
2026-07-06,2996.9800,3024.3701,2996.9800,3009.5400,2996.1101
2026-07-07,3008.5100,3016.5701,2974.1399,2982.4900,3009.5400
2026-07-08,2969.6299,2971.1499,2927.1201,2956.3899,2982.4900
2026-07-09,2963.2800,2998.2700,2963.2800,2992.5400,2956.3899
2026-07-10,2996.1101,2998.1799,2963.1599,2977.8101,2992.5400
2026-07-13,2974.4900,2974.4900,2947.2400,2953.1699,2977.8101
2026-07-14,2967.6899,2977.3799,2957.8899,2964.7600,2953.1699
2026-07-15,2970.3101,2987.6899,2961.4199,2976.2600,2964.7600
2026-07-16,2970.2700,2996.2800,2963.5100,2974.5701,2976.2600
2026-07-17,2948.5801,2979.3201,2934.1201,2962.2200,2974.5701
2026-07-20,2968.1201,2978.0901,2942.3301,2942.4299,2962.2200
2026-07-21,2949.4500,2988.4299,2949.4500,2987.3999,2942.4299
2026-07-22,2982.5601,2983.4299,2955.6001,2959.9399,2987.3999
2026-07-23,2943.3101,2952.5400,2924.3301,2940.1599,2959.9399
2026-07-24,2949.6699,2956.8799,2927.4900,2930.0000,2940.1599
2026-07-27,2944.6101,2972.4600,2931.4399,2948.0400,2930.0000
2026-07-28,2946.6699,2955.3999,2923.2700,2953.8000,2948.0400
2026-07-29,2950.6218,2953.7559,2903.6665,2906.3098,2953.8000
