date,open,high,low,close,prior_close
2019-01-02,2476.9600,2519.4900,2467.4700,2510.0300,
2019-01-03,2491.9199,2493.1399,2443.9600,2447.8899,2510.0300
2019-01-04,2474.3301,2538.0701,2474.3301,2531.9399,2447.8899
2019-01-07,2535.6101,2566.1599,2524.5601,2549.6899,2531.9399
2019-01-08,2568.1101,2579.8201,2547.5601,2574.4099,2549.6899
2019-01-09,2580.0000,2595.3201,2568.8899,2584.9600,2574.4099
2019-01-10,2573.5100,2597.8201,2562.0200,2596.6399,2584.9600
2019-01-11,2588.1101,2596.2700,2577.3999,2596.2600,2596.6399
2019-01-14,2580.3101,2589.3201,2570.4099,2582.6101,2596.2600
2019-01-15,2585.1001,2613.0801,2585.1001,2610.3000,2582.6101
2019-01-16,2614.7500,2625.7600,2612.6799,2616.1001,2610.3000
2019-01-17,2609.2800,2645.0601,2606.3601,2635.9600,2616.1001
2019-01-18,2651.2700,2675.4700,2647.5801,2670.7100,2635.9600
2019-01-22,2657.8799,2657.8799,2617.2700,2632.8999,2670.7100
2019-01-23,2643.4800,2653.1899,2612.8601,2638.7000,2632.8999
2019-01-24,2638.8401,2647.2000,2627.0100,2642.3301,2638.7000
2019-01-25,2657.4399,2672.3799,2657.3301,2664.7600,2642.3301
2019-01-28,2644.9700,2644.9700,2624.0601,2643.8501,2664.7600
2019-01-29,2644.8899,2650.9299,2631.0500,2640.0000,2643.8501
2019-01-30,2653.6201,2690.4399,2648.3401,2681.0500,2640.0000
2019-01-31,2685.4900,2708.9500,2678.6499,2704.1001,2681.0500
2019-02-01,2702.3201,2716.6599,2696.8799,2706.5300,2704.1001
2019-02-04,2706.4900,2724.9900,2698.7500,2724.8701,2706.5300
2019-02-05,2728.3401,2738.9800,2724.0300,2737.7000,2724.8701
2019-02-06,2735.0500,2738.0801,2724.1499,2731.6101,2737.7000
2019-02-07,2717.5300,2719.3201,2687.2600,2706.0500,2731.6101
2019-02-08,2692.3601,2708.0701,2681.8301,2707.8799,2706.0500
2019-02-11,2712.3999,2718.0500,2703.7900,2709.8000,2707.8799
2019-02-12,2722.6101,2748.1899,2722.6101,2744.7300,2709.8000
2019-02-13,2750.3000,2761.8501,2748.6299,2753.0300,2744.7300
2019-02-14,2743.5000,2757.8999,2731.2300,2745.7300,2753.0300
2019-02-15,2760.2400,2775.6599,2760.2400,2775.6001,2745.7300
2019-02-19,2769.2800,2787.3301,2767.2900,2779.7600,2775.6001
2019-02-20,2779.0500,2789.8799,2774.0601,2784.7000,2779.7600
2019-02-21,2780.2400,2781.5801,2764.5500,2774.8799,2784.7000
2019-02-22,2780.6699,2794.2000,2779.1101,2792.6699,2774.8799
2019-02-25,2804.3501,2813.4900,2794.9900,2796.1101,2792.6699
2019-02-26,2792.3601,2803.1201,2789.4700,2793.8999,2796.1101
2019-02-27,2787.5000,2795.7600,2775.1299,2792.3799,2793.8999
2019-02-28,2788.1101,2793.7300,2782.5100,2784.4900,2792.3799
2019-03-01,2798.2200,2808.0200,2787.3799,2803.6899,2784.4900
2019-03-04,2814.3701,2816.8799,2767.6599,2792.8101,2803.6899
2019-03-05,2794.4099,2796.4399,2782.9700,2789.6499,2792.8101
2019-03-06,2790.2700,2790.2700,2768.6899,2771.4500,2789.6499
2019-03-07,2766.5300,2767.2500,2739.0901,2748.9299,2771.4500
2019-03-08,2730.7900,2744.1299,2722.2700,2743.0701,2748.9299
2019-03-11,2747.6101,2784.0000,2747.6101,2783.3000,2743.0701
2019-03-12,2787.3401,2798.3201,2786.7300,2791.5200,2783.3000
2019-03-13,2799.7800,2821.2400,2799.7800,2810.9199,2791.5200
2019-03-14,2810.3799,2815.0000,2803.4600,2808.4800,2810.9199
2019-03-15,2810.7900,2830.7300,2810.7900,2822.4800,2808.4800
2019-03-18,2822.6101,2835.4099,2821.9900,2832.9399,2822.4800
2019-03-19,2840.7600,2852.4199,2823.2700,2832.5701,2832.9399
2019-03-20,2831.3401,2843.5400,2812.4299,2824.2300,2832.5701
2019-03-21,2819.7200,2860.3101,2817.3799,2854.8799,2824.2300
2019-03-22,2844.5200,2846.1599,2800.4700,2800.7100,2854.8799
2019-03-25,2796.0100,2809.7900,2785.0200,2798.3601,2800.7100
2019-03-26,2812.6599,2829.8701,2803.9900,2818.4600,2798.3601
2019-03-27,2819.7200,2825.5601,2787.7200,2805.3701,2818.4600
2019-03-28,2809.3999,2819.7100,2798.7700,2815.4399,2805.3701
2019-03-29,2828.2700,2836.0300,2819.2300,2834.3999,2815.4399
2019-04-01,2848.6299,2869.3999,2848.6299,2867.1899,2834.3999
2019-04-02,2868.2400,2872.8999,2858.7500,2867.2400,2867.1899
2019-04-03,2876.0901,2885.2500,2865.1699,2873.3999,2867.2400
2019-04-04,2873.9900,2881.2800,2867.1399,2879.3899,2873.3999
2019-04-05,2884.1599,2893.2400,2882.9900,2892.7400,2879.3899
2019-04-08,2888.4600,2895.9500,2880.7800,2895.7700,2892.7400
2019-04-09,2886.5801,2886.8799,2873.3301,2878.2000,2895.7700
2019-04-10,2881.3701,2889.7100,2879.1299,2888.2100,2878.2000
2019-04-11,2891.9199,2893.4199,2881.9900,2888.3201,2888.2100
2019-04-12,2900.8601,2910.5400,2898.3701,2907.4099,2888.3201
2019-04-15,2908.3201,2909.6001,2896.4800,2905.5801,2907.4099
2019-04-16,2912.2600,2916.0601,2900.7100,2907.0601,2905.5801
2019-04-17,2916.0400,2918.0000,2895.4500,2900.4500,2907.0601
2019-04-18,2904.8101,2908.3999,2891.8999,2905.0300,2900.4500
2019-04-22,2898.7800,2909.5100,2896.3501,2907.9700,2905.0300
2019-04-23,2909.9900,2936.3101,2908.5300,2933.6799,2907.9700
2019-04-24,2934.0000,2936.8301,2926.0500,2927.2500,2933.6799
2019-04-25,2928.9900,2933.1001,2912.8401,2926.1699,2927.2500
2019-04-26,2925.8101,2939.8799,2917.5601,2939.8799,2926.1699
2019-04-29,2940.5801,2949.5200,2939.3501,2943.0300,2939.8799
2019-04-30,2937.1399,2948.2200,2924.1101,2945.8301,2943.0300
2019-05-01,2952.3301,2954.1299,2923.3601,2923.7300,2945.8301
2019-05-02,2922.1599,2931.6799,2900.5000,2917.5200,2923.7300
2019-05-03,2929.2100,2947.8501,2929.2100,2945.6399,2917.5200
2019-05-06,2908.8899,2937.3201,2898.2100,2932.4700,2945.6399
2019-05-07,2913.0300,2913.0300,2862.6001,2884.0500,2932.4700
2019-05-08,2879.6101,2897.9600,2873.2800,2879.4199,2884.0500
2019-05-09,2859.8401,2875.9700,2836.3999,2870.7200,2879.4199
2019-05-10,2863.1001,2891.3101,2825.3899,2881.3999,2870.7200
2019-05-13,2840.1899,2840.1899,2801.4299,2811.8701,2881.3999
2019-05-14,2820.1201,2852.5400,2820.1201,2834.4099,2811.8701
2019-05-15,2820.3799,2858.6799,2815.0801,2850.9600,2834.4099
2019-05-16,2855.8000,2892.1499,2855.8000,2876.3201,2850.9600
2019-05-17,2858.6001,2885.4800,2854.2300,2859.5300,2876.3201
2019-05-20,2841.9399,2853.8601,2831.2900,2840.2300,2859.5300
2019-05-21,2854.0200,2868.8799,2854.0200,2864.3601,2840.2300
2019-05-22,2856.0601,2865.4700,2851.1101,2856.2700,2864.3601
2019-05-23,2836.7000,2836.7000,2805.4900,2822.2400,2856.2700
2019-05-24,2832.4099,2841.3601,2820.1899,2826.0601,2822.2400
2019-05-28,2830.0300,2840.5100,2801.5801,2802.3899,2826.0601
2019-05-29,2790.2500,2792.0300,2766.0601,2783.0200,2802.3899
2019-05-30,2786.9399,2799.0000,2776.7400,2788.8601,2783.0200
2019-05-31,2766.1499,2768.9800,2750.5200,2752.0601,2788.8601
2019-06-03,2751.5300,2763.0701,2728.8101,2744.4500,2752.0601
2019-06-04,2762.6399,2804.4900,2762.6399,2803.2700,2744.4500
2019-06-05,2818.0901,2827.2800,2800.9199,2826.1499,2803.2700
2019-06-06,2828.5100,2852.1001,2822.4500,2843.4900,2826.1499
2019-06-07,2852.8701,2884.9700,2852.8701,2873.3401,2843.4900
2019-06-10,2885.8301,2904.7700,2885.5100,2886.7300,2873.3401
2019-06-11,2903.2700,2910.6101,2878.5300,2885.7200,2886.7300
2019-06-12,2882.7300,2888.5701,2874.6799,2879.8401,2885.7200
2019-06-13,2886.2400,2895.2400,2881.9900,2891.6399,2879.8401
2019-06-14,2886.8201,2894.4500,2879.6201,2886.9800,2891.6399
2019-06-17,2889.7500,2897.2700,2887.3000,2889.6699,2886.9800
2019-06-18,2906.7100,2930.7900,2905.4399,2917.7500,2889.6699
2019-06-19,2920.5500,2931.7400,2911.4299,2926.4600,2917.7500
2019-06-20,2949.6001,2958.0601,2931.5000,2954.1799,2926.4600
2019-06-21,2952.7100,2964.1499,2946.8701,2950.4600,2954.1799
2019-06-24,2951.4199,2954.9199,2944.0500,2945.3501,2950.4600
2019-06-25,2945.7800,2946.5200,2916.0100,2917.3799,2945.3501
2019-06-26,2926.0701,2932.5901,2912.9900,2913.7800,2917.3799
2019-06-27,2919.6599,2929.3000,2918.5701,2924.9199,2913.7800
2019-06-28,2932.9399,2943.9800,2929.0500,2941.7600,2924.9199
2019-07-01,2971.4099,2977.9299,2952.2200,2964.3301,2941.7600
2019-07-02,2964.6599,2973.2100,2955.9199,2973.0100,2964.3301
2019-07-03,2978.0801,2995.8401,2977.9600,2995.8201,2973.0100
2019-07-05,2984.2500,2994.0300,2967.9700,2990.4099,2995.8201
2019-07-08,2979.7700,2980.7600,2970.0901,2975.9500,2990.4099
2019-07-09,2965.5200,2981.8999,2963.4399,2979.6299,2975.9500
2019-07-10,2989.3000,3002.9800,2984.6201,2993.0701,2979.6299
2019-07-11,2999.6201,3002.3301,2988.8000,2999.9099,2993.0701
2019-07-12,3003.3601,3013.9199,3001.8701,3013.7700,2999.9099
2019-07-15,3017.8000,3017.8000,3008.7700,3014.3000,3013.7700
2019-07-16,3012.1299,3015.0200,3001.1499,3004.0400,3014.3000
2019-07-17,3005.1001,3005.2600,2984.2500,2984.4199,3004.0400
2019-07-18,2978.8701,2998.2800,2973.0901,2995.1101,2984.4199
2019-07-19,3004.2600,3006.0200,2975.8601,2976.6101,2995.1101
2019-07-22,2981.9299,2990.7100,2976.6499,2985.0300,2976.6101
2019-07-23,2994.7400,3005.8999,2988.5601,3005.4700,2985.0300
2019-07-24,2998.7700,3019.5901,2996.8201,3019.5601,3005.4700
2019-07-25,3016.2600,3016.3101,2997.2400,3003.6699,3019.5601
2019-07-26,3013.2500,3027.9800,3012.5901,3025.8601,3003.6699
2019-07-29,3024.4700,3025.6101,3014.3000,3020.9700,3025.8601
2019-07-30,3007.6599,3017.1899,3000.9399,3013.1799,3020.9700
2019-07-31,3016.2200,3017.3999,2958.0801,2980.3799,3013.1799
2019-08-01,2980.3201,3013.5901,2945.2300,2953.5601,2980.3799
2019-08-02,2943.8999,2945.5000,2914.1101,2932.0500,2953.5601
2019-08-05,2898.0701,2898.0701,2822.1201,2844.7400,2932.0500
2019-08-06,2861.1799,2884.3999,2847.4199,2881.7700,2844.7400
2019-08-07,2858.6499,2892.1699,2825.7100,2883.9800,2881.7700
2019-08-08,2896.2100,2938.7200,2894.4700,2938.0901,2883.9800
2019-08-09,2930.5100,2935.7500,2900.1499,2918.6499,2938.0901
2019-08-12,2907.0701,2907.5801,2873.1399,2882.7000,2918.6499
2019-08-13,2880.7200,2943.3101,2877.0500,2926.3201,2882.7000
2019-08-14,2894.1499,2894.1499,2839.6399,2840.6001,2926.3201
2019-08-15,2846.2000,2856.6699,2825.5100,2847.6001,2840.6001
2019-08-16,2864.7400,2893.6299,2864.7400,2888.6799,2847.6001
2019-08-19,2913.4800,2931.0000,2913.4800,2923.6499,2888.6799
2019-08-20,2919.0100,2923.6299,2899.6001,2900.5100,2923.6499
2019-08-21,2922.0400,2928.7300,2917.9099,2924.4299,2900.5100
2019-08-22,2930.9399,2939.0801,2904.5100,2922.9500,2924.4299
2019-08-23,2911.0701,2927.0100,2834.9700,2847.1101,2922.9500
2019-08-26,2866.7000,2879.2700,2856.0000,2878.3799,2847.1101
2019-08-27,2893.1399,2898.7900,2860.5901,2869.1599,2878.3799
2019-08-28,2861.2800,2890.0300,2853.0500,2887.9399,2869.1599
2019-08-29,2910.3701,2930.5000,2905.6699,2924.5801,2887.9399
2019-08-30,2937.0901,2940.4299,2913.3201,2926.4600,2924.5801
2019-09-03,2909.0100,2914.3899,2891.8501,2906.2700,2926.4600
2019-09-04,2924.6699,2938.8401,2921.8601,2937.7800,2906.2700
2019-09-05,2960.6001,2985.8601,2960.6001,2976.0000,2937.7800
2019-09-06,2980.3301,2985.0300,2972.5100,2978.7100,2976.0000
2019-09-09,2988.4299,2989.4299,2969.3899,2978.4299,2978.7100
2019-09-10,2971.0100,2979.3899,2957.0100,2979.3899,2978.4299
2019-09-11,2981.4099,3000.9299,2975.3101,3000.9299,2979.3899
2019-09-12,3009.0801,3020.7400,3000.9199,3009.5701,3000.9299
2019-09-13,3012.2100,3017.3301,3002.8999,3007.3899,3009.5701
2019-09-16,2996.4099,3002.1899,2990.6699,2997.9600,3007.3899
2019-09-17,2995.6699,3006.2100,2993.7300,3005.7000,2997.9600
2019-09-18,3001.5000,3007.8301,2978.5701,3006.7300,3005.7000
2019-09-19,3010.3601,3021.9900,3003.1599,3006.7900,3006.7300
2019-09-20,3008.4199,3016.3701,2984.6799,2992.0701,3006.7900
2019-09-23,2983.5000,2999.1499,2982.2300,2991.7800,2992.0701
2019-09-24,3002.4299,3007.9800,2957.7300,2966.6001,2991.7800
2019-09-25,2968.3501,2989.8201,2952.8601,2984.8701,2966.6001
2019-09-26,2985.7300,2987.2800,2963.7100,2977.6201,2984.8701
2019-09-27,2985.4700,2987.3101,2945.5300,2961.7900,2977.6201
2019-09-30,2967.0701,2983.8501,2967.0701,2976.7400,2961.7900
2019-10-01,2983.6899,2992.5300,2938.7000,2940.2500,2976.7400
2019-10-02,2924.7800,2924.7800,2874.9299,2887.6101,2940.2500
2019-10-03,2885.3799,2911.1299,2855.9399,2910.6299,2887.6101
2019-10-04,2918.5601,2953.7400,2918.5601,2952.0100,2910.6299
2019-10-07,2944.2300,2959.7500,2935.6799,2938.7900,2952.0100
2019-10-08,2920.3999,2925.4700,2892.6599,2893.0601,2938.7900
2019-10-09,2911.1001,2929.3201,2907.4099,2919.3999,2893.0601
2019-10-10,2918.5500,2948.4600,2917.1201,2938.1299,2919.3999
2019-10-11,2963.0701,2993.2800,2963.0701,2970.2700,2938.1299
2019-10-14,2965.8101,2972.8401,2962.9399,2966.1499,2970.2700
2019-10-15,2973.6101,3003.2800,2973.6101,2995.6799,2966.1499
2019-10-16,2989.6799,2997.5400,2985.2000,2989.6899,2995.6799
2019-10-17,3000.7700,3008.2900,2991.7900,2997.9500,2989.6899
2019-10-18,2996.8401,3000.0000,2976.3101,2986.2000,2997.9500
2019-10-21,2996.4800,3007.3301,2995.3501,3006.7200,2986.2000
2019-10-22,3010.7300,3014.5701,2995.0400,2995.9900,3006.7200
2019-10-23,2994.0100,3004.7800,2991.2100,3004.5200,2995.9900
2019-10-24,3014.7800,3016.0701,3000.4199,3010.2900,3004.5200
2019-10-25,3003.3201,3027.3899,3001.9399,3022.5500,3010.2900
2019-10-28,3032.1201,3044.0801,3032.1201,3039.4199,3022.5500
2019-10-29,3035.3899,3047.8701,3034.8101,3036.8899,3039.4199
2019-10-30,3039.7400,3050.1001,3025.9600,3046.7700,3036.8899
2019-10-31,3046.8999,3046.8999,3023.1899,3037.5601,3046.7700
2019-11-01,3050.7200,3066.9500,3050.7200,3066.9099,3037.5601
2019-11-04,3078.9600,3085.2000,3074.8701,3078.2700,3066.9099
2019-11-05,3080.8000,3083.9500,3072.1499,3074.6201,3078.2700
2019-11-06,3075.1001,3078.3401,3065.8899,3076.7800,3074.6201
2019-11-07,3087.0200,3097.7700,3080.2300,3085.1799,3076.7800
2019-11-08,3081.2500,3093.0901,3073.5801,3093.0801,3085.1799
2019-11-11,3080.3301,3088.3301,3075.8201,3087.0100,3093.0801
2019-11-12,3089.2800,3102.6101,3084.7300,3091.8401,3087.0100
2019-11-13,3084.1799,3098.0601,3078.8000,3094.0400,3091.8401
2019-11-14,3090.7500,3098.2000,3083.2600,3096.6299,3094.0400
2019-11-15,3107.9199,3120.4600,3104.6001,3120.4600,3096.6299
2019-11-18,3117.9099,3124.1699,3112.0601,3122.0300,3120.4600
2019-11-19,3127.4500,3127.6399,3113.4700,3120.1799,3122.0300
2019-11-20,3114.6599,3118.9700,3091.4099,3108.4600,3120.1799
2019-11-21,3108.4900,3110.1101,3094.5500,3103.5400,3108.4600
2019-11-22,3111.4099,3112.8701,3099.2600,3110.2900,3103.5400
2019-11-25,3117.4399,3133.8301,3117.4399,3133.6399,3110.2900
2019-11-26,3134.8501,3142.6899,3131.0000,3140.5200,3133.6399
2019-11-27,3145.4900,3154.2600,3143.4099,3153.6299,3140.5200
2019-11-29,3147.1799,3150.3000,3139.3401,3140.9800,3153.6299
2019-12-02,3143.8501,3144.3101,3110.7800,3113.8701,3140.9800
2019-12-03,3087.4099,3094.9700,3070.3301,3093.2000,3113.8701
2019-12-04,3103.5000,3119.3799,3102.5300,3112.7600,3093.2000
2019-12-05,3119.2100,3119.4500,3103.7600,3117.4299,3112.7600
2019-12-06,3134.6201,3150.6001,3134.6201,3145.9099,3117.4299
2019-12-09,3141.8601,3148.8701,3135.4600,3135.9600,3145.9099
2019-12-10,3135.3601,3142.1201,3126.0901,3132.5200,3135.9600
2019-12-11,3135.7500,3143.9800,3133.2100,3141.6299,3132.5200
2019-12-12,3141.2300,3176.2800,3138.4700,3168.5701,3141.6299
2019-12-13,3166.6499,3182.6799,3156.5100,3168.8000,3168.5701
2019-12-16,3183.6299,3197.7100,3183.6299,3191.4500,3168.8000
2019-12-17,3195.3999,3198.2200,3191.0300,3192.5200,3191.4500
2019-12-18,3195.2100,3198.4800,3191.1399,3191.1399,3192.5200
2019-12-19,3192.3201,3205.4800,3192.3201,3205.3701,3191.1399
2019-12-20,3223.3301,3225.6499,3216.0300,3221.2200,3205.3701
2019-12-23,3226.0500,3227.7800,3222.3000,3224.0100,3221.2200
2019-12-24,3225.4500,3226.4299,3220.5100,3223.3799,3224.0100
2019-12-26,3227.2000,3240.0801,3227.2000,3239.9099,3223.3799
2019-12-27,3247.2300,3247.9299,3234.3701,3240.0200,3239.9099
2019-12-30,3240.0901,3240.9199,3216.5701,3221.2900,3240.0200
2019-12-31,3215.1799,3231.7200,3212.0300,3230.7800,3221.2900
2020-01-02,3244.6699,3258.1399,3235.5300,3257.8501,3230.7800
2020-01-03,3226.3601,3246.1499,3222.3401,3234.8501,3257.8501
2020-01-06,3217.5500,3246.8401,3214.6399,3246.2800,3234.8501
2020-01-07,3241.8601,3244.9099,3232.4299,3237.1799,3246.2800
2020-01-08,3238.5901,3267.0701,3236.6699,3253.0500,3237.1799
2020-01-09,3266.0300,3275.5801,3263.6699,3274.7000,3253.0500
2020-01-10,3281.8101,3282.9900,3260.8601,3265.3501,3274.7000
2020-01-13,3271.1299,3288.1299,3268.4299,3288.1299,3265.3501
2020-01-14,3285.3501,3294.2500,3277.1899,3283.1499,3288.1299
2020-01-15,3282.2700,3298.6599,3280.6899,3289.2900,3283.1499
2020-01-16,3302.9700,3317.1101,3302.8201,3316.8101,3289.2900
2020-01-17,3323.6599,3329.8799,3318.8601,3329.6201,3316.8101
2020-01-21,3321.0300,3329.7900,3316.6101,3320.7900,3329.6201
2020-01-22,3330.0200,3337.7700,3320.0400,3321.7500,3320.7900
2020-01-23,3315.7700,3326.8799,3301.8701,3325.5400,3321.7500
2020-01-24,3333.1001,3333.1799,3281.5300,3295.4700,3325.5400
2020-01-27,3247.1599,3258.8501,3234.5000,3243.6299,3295.4700
2020-01-28,3255.3501,3285.7800,3253.2200,3276.2400,3243.6299
2020-01-29,3289.4600,3293.4700,3271.8899,3273.3999,3276.2400
2020-01-30,3256.4500,3285.9099,3242.8000,3283.6599,3273.3999
2020-01-31,3282.3301,3282.3301,3214.6799,3225.5200,3283.6599
2020-02-03,3235.6599,3268.4399,3235.6599,3248.9199,3225.5200
2020-02-04,3280.6101,3306.9199,3280.6101,3297.5901,3248.9199
2020-02-05,3324.9099,3337.5801,3313.7500,3334.6899,3297.5901
2020-02-06,3344.9199,3347.9600,3334.3899,3345.7800,3334.6899
2020-02-07,3335.5400,3341.4199,3322.1201,3327.7100,3345.7800
2020-02-10,3318.2800,3352.2600,3317.7700,3352.0901,3327.7100
2020-02-11,3365.8701,3375.6299,3352.7200,3357.7500,3352.0901
2020-02-12,3370.5000,3381.4700,3369.7200,3379.4500,3357.7500
2020-02-13,3365.8999,3385.0901,3360.5200,3373.9399,3379.4500
2020-02-14,3378.0801,3380.6899,3366.1499,3380.1599,3373.9399
2020-02-18,3369.0400,3375.0100,3355.6101,3370.2900,3380.1599
2020-02-19,3380.3899,3393.5200,3378.8301,3386.1499,3370.2900
2020-02-20,3380.4500,3389.1499,3341.0200,3373.2300,3386.1499
2020-02-21,3360.5000,3360.7600,3328.4500,3337.7500,3373.2300
2020-02-24,3257.6101,3259.8101,3214.6499,3225.8899,3337.7500
2020-02-25,3238.9399,3246.9900,3118.7700,3128.2100,3225.8899
2020-02-26,3139.8999,3182.5100,3108.9900,3116.3899,3128.2100
2020-02-27,3062.5400,3097.0701,2977.3899,2978.7600,3116.3899
2020-02-28,2916.8999,2959.7200,2855.8401,2954.2200,2978.7600
2020-03-02,2974.2800,3090.9600,2945.1899,3090.2300,2954.2200
2020-03-03,3096.4600,3136.7200,2976.6299,3003.3701,3090.2300
2020-03-04,3045.7500,3130.9700,3034.3799,3130.1201,3003.3701
2020-03-05,3075.7000,3083.0400,2999.8301,3023.9399,3130.1201
2020-03-06,2954.2000,2985.9299,2901.5400,2972.3701,3023.9399
2020-03-09,2863.8899,2863.8899,2734.4299,2746.5601,2972.3701
2020-03-10,2813.4800,2882.5901,2734.0000,2882.2300,2746.5601
2020-03-11,2825.6001,2825.6001,2707.2200,2741.3799,2882.2300
2020-03-12,2630.8601,2660.9500,2478.8601,2480.6399,2741.3799
2020-03-13,2569.9900,2711.3301,2492.3701,2711.0200,2480.6399
2020-03-16,2508.5901,2562.9800,2380.9399,2386.1299,2711.0200
2020-03-17,2425.6599,2553.9299,2367.0400,2529.1899,2386.1299
2020-03-18,2436.5000,2453.5701,2280.5200,2398.1001,2529.1899
2020-03-19,2393.4800,2466.9700,2319.7800,2409.3899,2398.1001
2020-03-20,2431.9399,2453.0100,2295.5601,2304.9199,2409.3899
2020-03-23,2290.7100,2300.7300,2191.8601,2237.3999,2304.9199
2020-03-24,2344.4399,2449.7100,2344.4399,2447.3301,2237.3999
2020-03-25,2457.7700,2571.4199,2407.5300,2475.5601,2447.3301
2020-03-26,2501.2900,2637.0100,2500.7200,2630.0701,2475.5601
2020-03-27,2555.8701,2615.9099,2520.0200,2541.4700,2630.0701
2020-03-30,2558.9800,2631.8000,2545.2800,2626.6499,2541.4700
2020-03-31,2614.6899,2641.3899,2571.1499,2584.5901,2626.6499
2020-04-01,2498.0801,2522.7500,2447.4900,2470.5000,2584.5901
2020-04-02,2458.5400,2533.2200,2455.7900,2526.8999,2470.5000
2020-04-03,2514.9199,2538.1799,2459.9600,2488.6499,2526.8999
2020-04-06,2578.2800,2676.8501,2574.5701,2663.6799,2488.6499
2020-04-07,2738.6499,2756.8899,2657.6699,2659.4099,2663.6799
2020-04-08,2685.0000,2760.7500,2663.3000,2749.9800,2659.4099
2020-04-09,2776.9900,2818.5701,2762.3601,2789.8201,2749.9800
2020-04-13,2782.4600,2782.4600,2721.1699,2761.6299,2789.8201
2020-04-14,2805.1001,2851.8501,2805.1001,2846.0601,2761.6299
2020-04-15,2795.6399,2801.8799,2761.5400,2783.3601,2846.0601
2020-04-16,2799.3401,2806.5100,2764.3201,2799.5500,2783.3601
2020-04-17,2842.4299,2879.2200,2830.8799,2874.5601,2799.5500
2020-04-20,2845.6201,2868.9800,2820.4299,2823.1599,2874.5601
2020-04-21,2784.8101,2785.5400,2727.1001,2736.5601,2823.1599
2020-04-22,2787.8899,2815.1001,2775.9500,2799.3101,2736.5601
2020-04-23,2810.4199,2844.8999,2794.2600,2797.8000,2799.3101
2020-04-24,2812.6399,2842.7100,2791.7600,2836.7400,2797.8000
2020-04-27,2854.6499,2887.7200,2852.8899,2878.4800,2836.7400
2020-04-28,2909.9600,2921.1499,2860.7100,2863.3899,2878.4800
2020-04-29,2918.4600,2954.8601,2912.1599,2939.5100,2863.3899
2020-04-30,2930.9099,2930.9099,2892.4700,2912.4299,2939.5100
2020-05-01,2869.0901,2869.0901,2821.6101,2830.7100,2912.4299
2020-05-04,2815.0100,2844.2400,2797.8501,2842.7400,2830.7100
2020-05-05,2868.8799,2898.2300,2863.5500,2868.4399,2842.7400
2020-05-06,2883.1399,2891.1101,2847.6499,2848.4199,2868.4399
2020-05-07,2878.2600,2901.9199,2876.4800,2881.1899,2848.4199
2020-05-08,2908.8301,2932.1599,2902.8799,2929.8000,2881.1899
2020-05-11,2915.4600,2944.2500,2903.4399,2930.1899,2929.8000
2020-05-12,2939.5000,2945.8201,2869.5901,2870.1201,2930.1899
2020-05-13,2865.8601,2874.1399,2793.1499,2820.0000,2870.1201
2020-05-14,2794.5400,2852.8000,2766.6399,2852.5000,2820.0000
2020-05-15,2829.9500,2865.0100,2816.7800,2863.7000,2852.5000
2020-05-18,2913.8601,2968.0901,2913.8601,2953.9099,2863.7000
2020-05-19,2948.5901,2964.2100,2922.3501,2922.9399,2953.9099
2020-05-20,2953.6299,2980.2900,2953.6299,2971.6101,2922.9399
2020-05-21,2969.9500,2978.5000,2938.5701,2948.5100,2971.6101
2020-05-22,2948.0500,2956.7600,2933.5901,2955.4500,2948.5100
2020-05-26,3004.0801,3021.7200,2988.1699,2991.7700,2955.4500
2020-05-27,3015.6499,3036.2500,2969.7500,3036.1299,2991.7700
2020-05-28,3046.6101,3068.6699,3023.3999,3029.7300,3036.1299
2020-05-29,3025.1699,3049.1699,2998.6101,3044.3101,3029.7300
2020-06-01,3038.7800,3062.1799,3031.5400,3055.7300,3044.3101
2020-06-02,3064.7800,3081.0701,3051.6399,3080.8201,3055.7300
2020-06-03,3098.8999,3130.9399,3098.8999,3122.8701,3080.8201
2020-06-04,3111.5601,3128.9099,3090.4099,3112.3501,3122.8701
2020-06-05,3163.8401,3211.7200,3163.8401,3193.9299,3112.3501
2020-06-08,3199.9199,3233.1299,3196.0000,3232.3899,3193.9299
2020-06-09,3213.3201,3222.7100,3193.1101,3207.1799,3232.3899
2020-06-10,3213.4199,3223.2700,3181.4900,3190.1399,3207.1799
2020-06-11,3123.5300,3123.5300,2999.4900,3002.1001,3190.1399
2020-06-12,3071.0400,3088.4199,2984.4700,3041.3101,3002.1001
2020-06-15,2993.7600,3079.7600,2965.6599,3066.5901,3041.3101
2020-06-16,3131.0000,3153.4500,3076.0601,3124.7400,3066.5901
2020-06-17,3136.1299,3141.1599,3108.0300,3113.4900,3124.7400
2020-06-18,3101.6399,3120.0000,3093.5100,3115.3401,3113.4900
2020-06-19,3140.2900,3155.5300,3083.1101,3097.7400,3115.3401
2020-06-22,3094.4199,3120.9199,3079.3899,3117.8601,3097.7400
2020-06-23,3138.7000,3154.8999,3127.1201,3131.2900,3117.8601
2020-06-24,3114.3999,3115.0100,3032.1299,3050.3301,3131.2900
2020-06-25,3046.6001,3086.2500,3024.0100,3083.7600,3050.3301
2020-06-26,3073.2000,3073.7300,3004.6299,3009.0500,3083.7600
2020-06-29,3018.5901,3053.8899,2999.7400,3053.2400,3009.0500
2020-06-30,3050.2000,3111.5100,3047.8301,3100.2900,3053.2400
2020-07-01,3105.9199,3128.4399,3101.1699,3115.8601,3100.2900
2020-07-02,3143.6399,3165.8101,3124.5200,3130.0100,3115.8601
2020-07-06,3155.2900,3182.5901,3155.2900,3179.7200,3130.0100
2020-07-07,3166.4399,3184.1499,3142.9299,3145.3201,3179.7200
2020-07-08,3153.0701,3171.8000,3136.5300,3169.9399,3145.3201
2020-07-09,3176.1699,3179.7800,3115.7000,3152.0500,3169.9399
2020-07-10,3152.4700,3186.8201,3136.2200,3185.0400,3152.0500
2020-07-13,3205.0801,3235.3201,3149.4299,3155.2200,3185.0400
2020-07-14,3141.1101,3200.9500,3127.6599,3197.5200,3155.2200
2020-07-15,3225.9800,3238.2800,3200.7600,3226.5601,3197.5200
2020-07-16,3208.3601,3220.3899,3198.5901,3215.5701,3226.5601
2020-07-17,3224.2100,3233.5200,3205.6499,3224.7300,3215.5701
2020-07-20,3224.2900,3258.6101,3215.1599,3251.8401,3224.7300
2020-07-21,3268.5200,3277.2900,3247.7700,3257.3000,3251.8401
2020-07-22,3254.8601,3279.3201,3253.1001,3276.0200,3257.3000
2020-07-23,3271.6399,3279.9900,3222.6599,3235.6599,3276.0200
2020-07-24,3218.5801,3227.2600,3200.0500,3215.6299,3235.6599
2020-07-27,3219.8401,3241.4299,3214.2500,3239.4099,3215.6299
2020-07-28,3234.2700,3243.7200,3216.1699,3218.4399,3239.4099
2020-07-29,3227.2200,3264.7400,3227.2200,3258.4399,3218.4399
2020-07-30,3231.7600,3250.9199,3204.1299,3246.2200,3258.4399
2020-07-31,3270.4500,3272.1699,3220.2600,3271.1201,3246.2200
2020-08-03,3288.2600,3302.7300,3284.5300,3294.6101,3271.1201
2020-08-04,3289.9199,3306.8401,3286.3701,3306.5100,3294.6101
2020-08-05,3317.3701,3330.7700,3317.3701,3327.7700,3306.5100
2020-08-06,3323.1699,3351.0300,3318.1399,3349.1599,3327.7700
2020-08-07,3340.0500,3352.5400,3328.7200,3351.2800,3349.1599
2020-08-10,3356.0400,3363.2900,3335.4399,3360.4700,3351.2800
2020-08-11,3370.3401,3381.0100,3326.4399,3333.6899,3360.4700
2020-08-12,3355.4600,3387.8899,3355.4600,3380.3501,3333.6899
2020-08-13,3372.9500,3387.2400,3363.3501,3373.4299,3380.3501
2020-08-14,3368.6599,3378.5100,3361.6399,3372.8501,3373.4299
2020-08-17,3380.8601,3387.5901,3379.2200,3381.9900,3372.8501
2020-08-18,3387.0400,3395.0601,3370.1499,3389.7800,3381.9900
2020-08-19,3392.5100,3399.5400,3369.6599,3374.8501,3389.7800
2020-08-20,3360.4800,3390.8000,3354.6899,3385.5100,3374.8501
2020-08-21,3386.0100,3399.9600,3379.3101,3397.1599,3385.5100
2020-08-24,3418.0901,3432.0901,3413.1299,3431.2800,3397.1599
2020-08-25,3435.9500,3444.2100,3425.8401,3443.6201,3431.2800
2020-08-26,3449.9700,3481.0701,3444.1499,3478.7300,3443.6201
2020-08-27,3485.1399,3501.3799,3468.3501,3484.5500,3478.7300
2020-08-28,3494.6899,3509.2300,3484.3201,3508.0100,3484.5500
2020-08-31,3509.7300,3514.7700,3493.2500,3500.3101,3508.0100
2020-09-01,3507.4399,3528.0300,3494.6001,3526.6499,3500.3101
2020-09-02,3543.7600,3588.1101,3535.2300,3580.8401,3526.6499
2020-09-03,3564.7400,3564.8501,3427.4099,3455.0601,3580.8401
2020-09-04,3453.6001,3479.1499,3349.6299,3426.9600,3455.0601
2020-09-08,3371.8799,3379.9700,3329.2700,3331.8401,3426.9600
2020-09-09,3369.8201,3424.7700,3366.8401,3398.9600,3331.8401
2020-09-10,3412.5601,3425.5500,3329.2500,3339.1899,3398.9600
2020-09-11,3352.7000,3368.9500,3310.4700,3340.9700,3339.1899
2020-09-14,3363.5601,3402.9299,3363.5601,3383.5400,3340.9700
2020-09-15,3407.7300,3419.4800,3389.2500,3401.2000,3383.5400
2020-09-16,3411.2300,3428.9199,3384.4500,3385.4900,3401.2000
2020-09-17,3346.8601,3375.1699,3328.8201,3357.0100,3385.4900
2020-09-18,3357.3799,3362.2700,3292.3999,3319.4700,3357.0100
2020-09-21,3285.5701,3285.5701,3229.1001,3281.0601,3319.4700
2020-09-22,3295.7500,3320.3101,3270.9500,3315.5701,3281.0601
2020-09-23,3320.1101,3323.3501,3232.5701,3236.9199,3315.5701
2020-09-24,3226.1399,3278.7000,3209.4500,3246.5901,3236.9199
2020-09-25,3236.6599,3306.8799,3228.4399,3298.4600,3246.5901
2020-09-28,3333.8999,3360.7400,3332.9099,3351.6001,3298.4600
2020-09-29,3350.9199,3357.9199,3327.5400,3335.4700,3351.6001
2020-09-30,3341.2100,3393.5601,3340.4700,3363.0000,3335.4700
2020-10-01,3385.8701,3397.1799,3361.3899,3380.8000,3363.0000
2020-10-02,3338.9399,3369.1001,3323.6899,3348.4199,3380.8000
2020-10-05,3367.2700,3409.5701,3367.2700,3408.6001,3348.4199
2020-10-06,3408.7400,3431.5601,3354.5400,3360.9700,3408.6001
2020-10-07,3384.5601,3426.2600,3384.5601,3419.4399,3360.9700
2020-10-08,3434.2800,3447.2800,3428.1499,3446.8301,3419.4399
2020-10-09,3459.6699,3482.3401,3458.0701,3477.1399,3446.8301
2020-10-12,3500.0200,3549.8501,3499.6101,3534.2200,3477.1399
2020-10-13,3534.0100,3534.0100,3500.8601,3511.9299,3534.2200
2020-10-14,3515.4700,3527.9399,3480.5500,3488.6699,3511.9299
2020-10-15,3453.7200,3489.0801,3440.8899,3483.3401,3488.6699
2020-10-16,3493.5000,3515.7600,3480.4500,3483.8101,3483.3401
2020-10-19,3493.6599,3502.4199,3419.9299,3426.9199,3483.8101
2020-10-20,3439.3799,3476.9299,3435.6499,3443.1201,3426.9199
2020-10-21,3439.9099,3464.8601,3433.0601,3435.5601,3443.1201
2020-10-22,3438.5000,3460.5300,3415.3401,3453.4900,3435.5601
2020-10-23,3464.8999,3466.4600,3440.4500,3465.3899,3453.4900
2020-10-26,3441.4199,3441.4199,3364.8601,3400.9700,3465.3899
2020-10-27,3403.1499,3409.5100,3388.7100,3390.6799,3400.9700
2020-10-28,3342.4800,3342.4800,3268.8899,3271.0300,3390.6799
2020-10-29,3277.1699,3341.0500,3259.8201,3310.1101,3271.0300
2020-10-30,3293.5901,3304.9299,3233.9399,3269.9600,3310.1101
2020-11-02,3296.2000,3330.1399,3279.7400,3310.2400,3269.9600
2020-11-03,3336.2500,3389.4900,3336.2500,3369.1599,3310.2400
2020-11-04,3406.4600,3486.2500,3405.1699,3443.4399,3369.1599
2020-11-05,3485.7400,3529.0500,3485.7400,3510.4500,3443.4399
2020-11-06,3508.3401,3521.5801,3484.3401,3509.4399,3510.4500
2020-11-09,3583.0400,3645.9900,3547.4800,3550.5000,3509.4399
2020-11-10,3543.2600,3557.2200,3511.9099,3545.5300,3550.5000
2020-11-11,3563.2200,3581.1599,3557.0000,3572.6599,3545.5300
2020-11-12,3562.6699,3569.0200,3518.5801,3537.0100,3572.6599
2020-11-13,3552.5701,3593.6599,3552.5701,3585.1499,3537.0100
2020-11-16,3600.1599,3628.5100,3600.1599,3626.9099,3585.1499
2020-11-17,3610.3101,3623.1101,3588.6799,3609.5300,3626.9099
2020-11-18,3612.0901,3619.0901,3567.3301,3567.7900,3609.5300
2020-11-19,3559.4099,3585.2200,3543.8401,3581.8701,3567.7900
2020-11-20,3579.3101,3581.2300,3556.8501,3557.5400,3581.8701
2020-11-23,3566.8201,3589.8101,3552.7700,3577.5901,3557.5400
2020-11-24,3594.5200,3642.3101,3594.5200,3635.4099,3577.5901
2020-11-25,3635.5000,3635.5000,3617.7600,3629.6499,3635.4099
2020-11-27,3638.5500,3644.3101,3629.3301,3638.3501,3629.6499
2020-11-30,3634.1799,3634.1799,3594.3899,3621.6299,3638.3501
2020-12-01,3645.8701,3678.4500,3645.8701,3662.4500,3621.6299
2020-12-02,3653.7800,3670.9600,3644.8401,3669.0100,3662.4500
2020-12-03,3668.2800,3682.7300,3657.1699,3666.7200,3669.0100
2020-12-04,3670.9399,3699.2000,3670.9399,3699.1201,3666.7200
2020-12-07,3694.7300,3697.4099,3678.8799,3691.9600,3699.1201
2020-12-08,3683.0500,3708.4500,3678.8301,3702.2500,3691.9600
2020-12-09,3705.9800,3712.3899,3660.5400,3672.8201,3702.2500
2020-12-10,3659.1299,3678.4900,3645.1799,3668.1001,3672.8201
2020-12-11,3656.0801,3665.9099,3633.3999,3663.4600,3668.1001
2020-12-14,3675.2700,3697.6101,3645.8401,3647.4900,3663.4600
2020-12-15,3666.4099,3695.2900,3659.6201,3694.6201,3647.4900
2020-12-16,3696.2500,3711.2700,3688.5701,3701.1699,3694.6201
2020-12-17,3713.6499,3725.1201,3710.8701,3722.4800,3701.1699
2020-12-18,3722.3899,3726.7000,3685.8401,3709.4099,3722.4800
2020-12-21,3684.2800,3702.8999,3636.4800,3694.9199,3709.4099
2020-12-22,3698.0801,3698.2600,3676.1599,3687.2600,3694.9199
2020-12-23,3693.4199,3711.2400,3689.2800,3690.0100,3687.2600
2020-12-24,3694.0300,3703.8201,3689.3201,3703.0601,3690.0100
2020-12-28,3723.0300,3740.5100,3723.0300,3735.3601,3703.0601
2020-12-29,3750.0100,3756.1201,3723.3101,3727.0400,3735.3601
2020-12-30,3736.1899,3744.6299,3730.2100,3732.0400,3727.0400
2020-12-31,3733.2700,3760.2000,3726.8799,3756.0701,3732.0400
2021-01-04,3764.6101,3769.9900,3662.7100,3700.6499,3756.0701
2021-01-05,3698.0200,3737.8301,3695.0701,3726.8601,3700.6499
2021-01-06,3712.2000,3783.0400,3705.3401,3748.1399,3726.8601
2021-01-07,3764.7100,3811.5500,3764.7100,3803.7900,3748.1399
2021-01-08,3815.0500,3826.6899,3783.6001,3824.6799,3803.7900
2021-01-11,3803.1399,3817.8601,3789.0200,3799.6101,3824.6799
2021-01-12,3801.6201,3810.7800,3776.5100,3801.1899,3799.6101
2021-01-13,3802.2300,3820.9600,3791.5000,3809.8401,3801.1899
2021-01-14,3814.9800,3823.6001,3792.8601,3795.5400,3809.8401
2021-01-15,3788.7300,3788.7300,3749.6201,3768.2500,3795.5400
2021-01-19,3781.8799,3804.5300,3780.3701,3798.9099,3768.2500
2021-01-20,3816.2200,3859.7500,3816.2200,3851.8501,3798.9099
2021-01-21,3857.4600,3861.4500,3845.0500,3853.0701,3851.8501
2021-01-22,3844.2400,3852.3101,3830.4099,3841.4700,3853.0701
2021-01-25,3851.6799,3859.2300,3797.1599,3855.3601,3841.4700
2021-01-26,3862.9600,3870.8999,3847.7800,3849.6201,3855.3601
2021-01-27,3836.8301,3836.8301,3732.4800,3750.7700,3849.6201
2021-01-28,3755.7500,3830.5000,3755.7500,3787.3799,3750.7700
2021-01-29,3778.0500,3778.0500,3694.1201,3714.2400,3787.3799
2021-02-01,3731.1699,3784.3201,3725.6201,3773.8601,3714.2400
2021-02-02,3791.8401,3843.0901,3791.8401,3826.3101,3773.8601
2021-02-03,3840.2700,3847.5100,3816.6799,3830.1699,3826.3101
2021-02-04,3836.6599,3872.4199,3836.6599,3871.7400,3830.1699
2021-02-05,3878.3000,3894.5601,3874.9299,3886.8301,3871.7400
2021-02-08,3892.5901,3915.7700,3892.5901,3915.5901,3886.8301
2021-02-09,3910.4900,3918.3501,3902.6399,3911.2300,3915.5901
2021-02-10,3920.7800,3931.5000,3884.9399,3909.8799,3911.2300
2021-02-11,3916.3999,3925.9900,3890.3899,3916.3799,3909.8799
2021-02-12,3911.6499,3937.2300,3905.7800,3934.8301,3916.3799
2021-02-16,3939.6101,3950.4299,3923.8501,3932.5901,3934.8301
2021-02-17,3918.5000,3933.6101,3900.4299,3931.3301,3932.5901
2021-02-18,3915.8601,3921.9800,3885.0300,3913.9700,3931.3301
2021-02-19,3921.1599,3930.4099,3903.0701,3906.7100,3913.9700
2021-02-22,3885.5500,3902.9199,3874.7100,3876.5000,3906.7100
2021-02-23,3857.0701,3895.9800,3805.5901,3881.3701,3876.5000
2021-02-24,3873.7100,3928.6499,3859.6001,3925.4299,3881.3701
2021-02-25,3915.8000,3925.0200,3814.0400,3829.3401,3925.4299
2021-02-26,3839.6599,3861.0801,3789.5400,3811.1499,3829.3401
2021-03-01,3842.5100,3914.5000,3842.5100,3901.8201,3811.1499
2021-03-02,3903.6399,3906.4099,3868.5701,3870.2900,3901.8201
2021-03-03,3863.9900,3874.4700,3818.8601,3819.7200,3870.2900
2021-03-04,3818.5300,3843.6699,3723.3401,3768.4700,3819.7200
2021-03-05,3793.5801,3851.6899,3730.1899,3841.9399,3768.4700
2021-03-08,3844.3899,3881.0601,3819.2500,3821.3501,3841.9399
2021-03-09,3851.9299,3903.7600,3851.9299,3875.4399,3821.3501
2021-03-10,3891.9900,3917.3501,3885.7300,3898.8101,3875.4399
2021-03-11,3915.5400,3960.2700,3915.5400,3939.3401,3898.8101
2021-03-12,3924.5200,3944.9900,3915.2100,3943.3401,3939.3401
2021-03-15,3942.9600,3970.0801,3923.5400,3968.9399,3943.3401
2021-03-16,3973.5901,3981.0400,3953.4399,3962.7100,3968.9399
2021-03-17,3949.5701,3983.8701,3935.7400,3974.1201,3962.7100
2021-03-18,3953.5000,3969.6201,3910.8601,3915.4600,3974.1201
2021-03-19,3913.1399,3930.1201,3886.7500,3913.1001,3915.4600
2021-03-22,3916.4800,3955.3101,3914.1599,3940.5901,3913.1001
2021-03-23,3937.6001,3949.1299,3901.5701,3910.5200,3940.5901
2021-03-24,3919.9299,3942.0801,3889.0701,3889.1399,3910.5200
2021-03-25,3879.3401,3919.5400,3853.5000,3909.5200,3889.1399
2021-03-26,3917.1201,3978.1899,3917.1201,3974.5400,3909.5200
2021-03-29,3969.3101,3981.8301,3943.2500,3971.0901,3974.5400
2021-03-30,3963.3401,3968.0100,3944.3501,3958.5500,3971.0901
2021-03-31,3967.2500,3994.4099,3966.9800,3972.8899,3958.5500
2021-04-01,3992.7800,4020.6299,3992.7800,4019.8701,3972.8899
2021-04-05,4034.4399,4083.4199,4034.4399,4077.9099,4019.8701
2021-04-06,4075.5701,4086.2300,4068.1399,4073.9399,4077.9099
2021-04-07,4074.2900,4083.1299,4068.3101,4079.9500,4073.9399
2021-04-08,4089.9500,4098.1899,4082.5400,4097.1699,4079.9500
2021-04-09,4096.1099,4129.4800,4095.5100,4128.7998,4097.1699
2021-04-12,4124.7100,4131.7598,4114.8198,4127.9902,4128.7998
2021-04-13,4130.1001,4148.0000,4124.4302,4141.5898,4127.9902
2021-04-14,4141.5801,4151.6899,4120.8701,4124.6602,4141.5898
2021-04-15,4139.7598,4173.4902,4139.7598,4170.4199,4124.6602
2021-04-16,4174.1401,4191.3101,4170.7500,4185.4702,4170.4199
2021-04-19,4179.7998,4180.8101,4150.4702,4163.2598,4185.4702
2021-04-20,4159.1802,4159.1802,4118.3799,4134.9399,4163.2598
2021-04-21,4128.4199,4175.0200,4126.3501,4173.4199,4134.9399
2021-04-22,4170.4600,4179.5698,4123.6899,4134.9800,4173.4199
2021-04-23,4138.7798,4194.1699,4138.7798,4180.1699,4134.9800
2021-04-26,4185.0298,4194.1899,4182.3599,4187.6201,4180.1699
2021-04-27,4188.2500,4193.3501,4176.2202,4186.7202,4187.6201
2021-04-28,4185.1401,4201.5298,4181.7798,4183.1802,4186.7202
2021-04-29,4206.1401,4218.7798,4176.8101,4211.4702,4183.1802
2021-04-30,4198.1001,4198.1001,4174.8501,4181.1699,4211.4702
2021-05-03,4191.9800,4209.3901,4188.0298,4192.6602,4181.1699
2021-05-04,4179.0400,4179.0400,4128.5898,4164.6602,4192.6602
2021-05-05,4177.0601,4187.7202,4160.9399,4167.5898,4164.6602
2021-05-06,4169.1401,4202.7002,4147.3301,4201.6201,4167.5898
2021-05-07,4210.3398,4238.0400,4201.6401,4232.6001,4201.6201
2021-05-10,4228.2900,4236.3901,4188.1299,4188.4302,4232.6001
2021-05-11,4150.3398,4162.0400,4111.5298,4152.1001,4188.4302
2021-05-12,4130.5498,4134.7300,4056.8799,4063.0400,4152.1001
2021-05-13,4074.9900,4131.5801,4074.9900,4112.5000,4063.0400
2021-05-14,4129.5801,4183.1299,4129.5801,4173.8501,4112.5000
2021-05-17,4169.9199,4171.9199,4142.6899,4163.2900,4173.8501
2021-05-18,4165.9399,4169.1499,4125.9902,4127.8301,4163.2900
2021-05-19,4098.4502,4116.9302,4061.4099,4115.6802,4127.8301
2021-05-20,4121.9702,4172.7998,4121.9702,4159.1201,4115.6802
2021-05-21,4168.6099,4188.7202,4151.7202,4155.8599,4159.1201
2021-05-24,4170.1602,4209.5200,4170.1602,4197.0498,4155.8599
2021-05-25,4205.9399,4213.4199,4182.5200,4188.1299,4197.0498
2021-05-26,4191.5898,4202.6099,4184.1099,4195.9902,4188.1299
2021-05-27,4201.9399,4213.3799,4197.7798,4200.8799,4195.9902
2021-05-28,4210.7700,4218.3599,4203.5698,4204.1099,4200.8799
2021-06-01,4216.5200,4234.1201,4197.5898,4202.0400,4204.1099
2021-06-02,4206.8198,4217.3701,4198.2700,4208.1201,4202.0400
2021-06-03,4191.4302,4204.3901,4167.9302,4192.8501,4208.1201
2021-06-04,4206.0498,4233.4502,4206.0498,4229.8901,4192.8501
2021-06-07,4229.3398,4232.3398,4215.6602,4226.5200,4229.8901
2021-06-08,4233.8101,4236.7402,4208.4102,4227.2598,4226.5200
2021-06-09,4232.9902,4237.0898,4218.7402,4219.5498,4227.2598
2021-06-10,4228.5601,4249.7402,4220.3398,4239.1802,4219.5498
2021-06-11,4242.8999,4248.3799,4232.2500,4247.4399,4239.1802
2021-06-14,4248.3101,4255.5898,4234.0698,4255.1499,4247.4399
2021-06-15,4255.2798,4257.1602,4238.3501,4246.5898,4255.1499
2021-06-16,4248.8701,4251.8901,4202.4502,4223.7002,4246.5898
2021-06-17,4220.3701,4232.2900,4196.0498,4221.8599,4223.7002
2021-06-18,4204.7798,4204.7798,4164.3999,4166.4502,4221.8599
2021-06-21,4173.3999,4226.2402,4173.3999,4224.7900,4166.4502
2021-06-22,4224.6099,4255.8398,4217.2700,4246.4399,4224.7900
2021-06-23,4249.2700,4256.6001,4241.4302,4241.8398,4246.4399
2021-06-24,4256.9702,4271.2798,4256.9702,4266.4902,4241.8398
2021-06-25,4274.4502,4286.1201,4271.1602,4280.7002,4266.4902
2021-06-28,4284.8999,4292.1401,4274.6699,4290.6099,4280.7002
2021-06-29,4293.2100,4300.5200,4287.0400,4291.7998,4290.6099
2021-06-30,4290.6499,4302.4302,4287.9600,4297.5000,4291.7998
2021-07-01,4300.7300,4320.6602,4300.7300,4319.9399,4297.5000
2021-07-02,4326.6001,4355.4302,4326.6001,4352.3398,4319.9399
2021-07-06,4356.4600,4356.4600,4314.3701,4343.5400,4352.3398
2021-07-07,4351.0098,4361.8799,4329.7900,4358.1299,4343.5400
2021-07-08,4321.0698,4330.8799,4289.3701,4320.8198,4358.1299
2021-07-09,4329.3799,4371.6001,4329.3799,4369.5498,4320.8198
2021-07-12,4372.4102,4386.6802,4364.0298,4384.6299,4369.5498
2021-07-13,4381.0698,4392.3701,4366.9199,4369.2100,4384.6299
2021-07-14,4380.1099,4393.6802,4362.3599,4374.2998,4369.2100
2021-07-15,4369.0200,4369.0200,4340.7002,4360.0298,4374.2998
2021-07-16,4367.4302,4375.0898,4322.5298,4327.1602,4360.0298
2021-07-19,4296.3999,4296.3999,4233.1299,4258.4902,4327.1602
2021-07-20,4265.1099,4336.8398,4262.0498,4323.0601,4258.4902
2021-07-21,4331.1299,4359.7002,4331.1299,4358.6899,4323.0601
2021-07-22,4361.2700,4369.8701,4350.0601,4367.4800,4358.6899
2021-07-23,4381.2002,4415.1802,4381.2002,4411.7900,4367.4800
2021-07-26,4409.5801,4422.7300,4405.4502,4422.2998,4411.7900
2021-07-27,4416.3799,4416.3799,4372.5098,4401.4600,4422.2998
2021-07-28,4402.9502,4415.4702,4387.0098,4400.6401,4401.4600
2021-07-29,4403.5898,4429.9702,4403.5898,4419.1499,4400.6401
2021-07-30,4395.1201,4412.2500,4389.6499,4395.2598,4419.1499
2021-08-02,4406.8599,4422.1802,4384.8101,4387.1602,4395.2598
2021-08-03,4392.7402,4423.7900,4373.0000,4423.1499,4387.1602
2021-08-04,4415.9502,4416.1699,4400.2300,4402.6602,4423.1499
2021-08-05,4408.8599,4429.7598,4408.8599,4429.1001,4402.6602
2021-08-06,4429.0698,4440.8198,4429.0698,4436.5200,4429.1001
2021-08-09,4437.7700,4439.3901,4424.7402,4432.3501,4436.5200
2021-08-10,4435.7900,4445.2100,4430.0298,4436.7500,4432.3501
2021-08-11,4442.1802,4449.4399,4436.4199,4442.4102,4436.7500
2021-08-12,4446.0801,4461.7700,4435.9600,4460.8301,4442.4102
2021-08-13,4464.8398,4468.3701,4460.8198,4468.0000,4460.8301
2021-08-16,4461.6499,4480.2598,4437.6602,4479.7100,4468.0000
2021-08-17,4462.1201,4462.1201,4417.8301,4448.0801,4479.7100
2021-08-18,4440.9399,4454.3198,4397.5898,4400.2700,4448.0801
2021-08-19,4382.4399,4418.6099,4367.7300,4405.7998,4400.2700
2021-08-20,4410.5601,4444.3501,4406.7998,4441.6699,4405.7998
2021-08-23,4450.2900,4489.8799,4450.2900,4479.5298,4441.6699
2021-08-24,4484.3999,4492.8101,4482.2798,4486.2300,4479.5298
2021-08-25,4490.4502,4501.7100,4485.6602,4496.1899,4486.2300
2021-08-26,4493.7500,4495.8999,4468.9902,4470.0000,4496.1899
2021-08-27,4474.1001,4513.3301,4474.1001,4509.3701,4470.0000
2021-08-30,4513.7598,4537.3599,4513.7598,4528.7900,4509.3701
2021-08-31,4529.7500,4531.3901,4515.7998,4522.6802,4528.7900
2021-09-01,4528.7998,4537.1099,4522.0200,4524.0898,4522.6802
2021-09-02,4534.4800,4545.8501,4524.6602,4536.9502,4524.0898
2021-09-03,4532.4199,4541.4502,4521.2998,4535.4302,4536.9502
2021-09-07,4535.3799,4535.3799,4513.0000,4520.0298,4535.4302
2021-09-08,4518.0898,4521.7900,4493.9502,4514.0698,4520.0298
2021-09-09,4513.0200,4529.8999,4492.0698,4493.2798,4514.0698
2021-09-10,4506.9199,4520.4702,4457.6602,4458.5801,4493.2798
2021-09-13,4474.8101,4492.9902,4445.7002,4468.7300,4458.5801
2021-09-14,4479.3301,4485.6802,4435.4600,4443.0498,4468.7300
2021-09-15,4447.4902,4486.8701,4438.3701,4480.7002,4443.0498
2021-09-16,4477.0898,4485.8701,4443.7998,4473.7500,4480.7002
2021-09-17,4469.7402,4471.5200,4427.7598,4432.9902,4473.7500
2021-09-20,4402.9502,4402.9502,4305.9102,4357.7300,4432.9902
2021-09-21,4374.4502,4394.8701,4347.9600,4354.1899,4357.7300
2021-09-22,4367.4302,4416.7500,4367.4302,4395.6401,4354.1899
2021-09-23,4406.7500,4465.3999,4406.7500,4448.9800,4395.6401
2021-09-24,4438.0400,4463.1201,4430.2700,4455.4800,4448.9800
2021-09-27,4442.1201,4457.2998,4436.1899,4443.1099,4455.4800
2021-09-28,4419.5400,4419.5400,4346.3301,4352.6299,4443.1099
2021-09-29,4362.4102,4385.5698,4355.0801,4359.4600,4352.6299
2021-09-30,4370.6699,4382.5498,4306.2402,4307.5400,4359.4600
2021-10-01,4317.1602,4375.1899,4288.5200,4357.0400,4307.5400
2021-10-04,4348.8398,4355.5098,4278.9399,4300.4600,4357.0400
2021-10-05,4309.8701,4369.2300,4309.8701,4345.7202,4300.4600
2021-10-06,4319.5698,4365.5698,4290.4902,4363.5498,4345.7202
2021-10-07,4383.7300,4429.9702,4383.7300,4399.7598,4363.5498
2021-10-08,4406.5098,4412.0200,4386.2202,4391.3398,4399.7598
2021-10-11,4385.4399,4415.8799,4360.5898,4361.1899,4391.3398
2021-10-12,4368.3101,4374.8901,4342.0898,4350.6499,4361.1899
2021-10-13,4358.0098,4372.8701,4329.9199,4363.7998,4350.6499
2021-10-14,4386.7500,4439.7300,4386.7500,4438.2598,4363.7998
2021-10-15,4447.6899,4475.8198,4447.6899,4471.3701,4438.2598
2021-10-18,4463.7202,4488.7500,4447.4702,4486.4600,4471.3701
2021-10-19,4497.3398,4520.3999,4496.4102,4519.6299,4486.4600
2021-10-20,4524.4199,4540.8701,4524.3999,4536.1899,4519.6299
2021-10-21,4532.2402,4551.4399,4526.8901,4549.7798,4536.1899
2021-10-22,4546.1201,4559.6699,4524.0000,4544.8999,4549.7798
2021-10-25,4553.6899,4572.6201,4537.3599,4566.4800,4544.8999
2021-10-26,4578.6899,4598.5298,4569.1699,4574.7900,4566.4800
2021-10-27,4580.2202,4584.5698,4551.6602,4551.6802,4574.7900
2021-10-28,4562.8398,4597.5498,4562.8398,4596.4199,4551.6802
2021-10-29,4572.8701,4608.0801,4567.5898,4605.3799,4596.4199
2021-11-01,4610.6201,4620.3398,4595.0601,4613.6699,4605.3799
2021-11-02,4613.3398,4635.1499,4613.3398,4630.6499,4613.6699
2021-11-03,4630.6499,4663.4600,4621.1899,4660.5698,4630.6499
2021-11-04,4662.9302,4683.0000,4662.5898,4680.0601,4660.5698
2021-11-05,4699.2598,4718.5000,4681.3198,4697.5298,4680.0601
2021-11-08,4701.4800,4714.9199,4694.3901,4701.7002,4697.5298
2021-11-09,4707.2500,4708.5298,4670.8701,4685.2500,4701.7002
2021-11-10,4670.2598,4684.8501,4630.8599,4646.7100,4685.2500
2021-11-11,4659.3901,4664.5498,4648.3101,4649.2700,4646.7100
2021-11-12,4655.2402,4688.4702,4650.7700,4682.8501,4649.2700
2021-11-15,4689.2998,4697.4199,4672.8599,4682.7998,4682.8501
2021-11-16,4679.4199,4714.9502,4679.4199,4700.8999,4682.7998
2021-11-17,4701.5000,4701.5000,4684.4102,4688.6699,4700.8999
2021-11-18,4700.7202,4708.7998,4672.7798,4704.5400,4688.6699
2021-11-19,4708.4399,4717.7500,4694.2202,4697.9600,4704.5400
2021-11-22,4712.0000,4743.8301,4682.1699,4682.9399,4697.9600
2021-11-23,4678.4800,4699.3901,4652.6602,4690.7002,4682.9399
2021-11-24,4675.7798,4702.8701,4659.8901,4701.4600,4690.7002
2021-11-26,4664.6299,4664.6299,4585.4302,4594.6201,4701.4600
2021-11-29,4628.7500,4672.9502,4625.2598,4655.2700,4594.6201
2021-11-30,4640.2500,4646.0200,4560.0000,4567.0000,4655.2700
2021-12-01,4602.8198,4652.9399,4510.2700,4513.0400,4567.0000
2021-12-02,4504.7300,4595.4600,4504.7300,4577.1001,4513.0400
2021-12-03,4589.4902,4608.0298,4495.1201,4538.4302,4577.1001
2021-12-06,4548.3701,4612.6001,4540.5098,4591.6699,4538.4302
2021-12-07,4631.9702,4694.0400,4631.9702,4686.7500,4591.6699
2021-12-08,4690.8599,4705.0601,4674.5200,4701.2100,4686.7500
2021-12-09,4691.0000,4695.2598,4665.9800,4667.4502,4701.2100
2021-12-10,4687.6401,4713.5698,4670.2402,4712.0200,4667.4502
2021-12-13,4710.2998,4710.2998,4667.6001,4668.9702,4712.0200
2021-12-14,4642.9902,4660.4702,4606.5200,4634.0898,4668.9702
2021-12-15,4636.4600,4712.6001,4611.2202,4709.8501,4634.0898
2021-12-16,4719.1299,4731.9902,4651.8901,4668.6699,4709.8501
2021-12-17,4652.5000,4666.7002,4600.2202,4620.6401,4668.6699
2021-12-20,4587.8999,4587.8999,4531.1001,4568.0200,4620.6401
2021-12-21,4594.9600,4651.1401,4583.1602,4649.2300,4568.0200
2021-12-22,4650.3599,4697.6699,4645.5298,4696.5601,4649.2300
2021-12-23,4703.9600,4740.7402,4703.9600,4725.7900,4696.5601
2021-12-27,4733.9902,4791.4902,4733.9902,4791.1899,4725.7900
2021-12-28,4795.4902,4807.0200,4780.0400,4786.3501,4791.1899
2021-12-29,4788.6401,4804.0601,4778.0801,4793.0601,4786.3501
2021-12-30,4794.2300,4808.9302,4775.3301,4778.7300,4793.0601
2021-12-31,4775.2100,4786.8301,4765.7500,4766.1802,4778.7300
2022-01-03,4778.1401,4796.6401,4758.1699,4796.5601,4766.1802
2022-01-04,4804.5098,4818.6201,4774.2700,4793.5400,4796.5601
2022-01-05,4787.9902,4797.7002,4699.4399,4700.5801,4793.5400
2022-01-06,4693.3901,4725.0098,4671.2598,4696.0498,4700.5801
2022-01-07,4697.6602,4707.9502,4662.7402,4677.0298,4696.0498
2022-01-10,4655.3398,4673.0200,4582.2402,4670.2900,4677.0298
2022-01-11,4669.1401,4714.1299,4638.2700,4713.0698,4670.2900
2022-01-12,4728.5898,4748.8301,4706.7100,4726.3501,4713.0698
2022-01-13,4733.5601,4744.1299,4650.2900,4659.0298,4726.3501
2022-01-14,4637.9902,4665.1299,4614.7500,4662.8501,4659.0298
2022-01-18,4632.2402,4632.2402,4568.7002,4577.1099,4662.8501
2022-01-19,4588.0298,4611.5498,4530.2002,4532.7598,4577.1099
2022-01-20,4547.3501,4602.1099,4477.9502,4482.7300,4532.7598
2022-01-21,4471.3799,4494.5200,4395.3398,4397.9399,4482.7300
2022-01-24,4356.3198,4417.3501,4222.6201,4410.1299,4397.9399
2022-01-25,4366.6401,4411.0098,4287.1099,4356.4502,4410.1299
2022-01-26,4408.4302,4453.2300,4304.7998,4349.9302,4356.4502
2022-01-27,4380.5801,4428.7402,4309.5000,4326.5098,4349.9302
2022-01-28,4336.1899,4432.7202,4292.4600,4431.8501,4326.5098
2022-01-31,4431.7900,4516.8901,4414.0200,4515.5498,4431.8501
2022-02-01,4519.5698,4550.4902,4483.5298,4546.5400,4515.5498
2022-02-02,4566.3901,4595.3101,4544.3198,4589.3799,4546.5400
2022-02-03,4535.4102,4542.8799,4470.3901,4477.4399,4589.3799
2022-02-04,4482.7900,4539.6602,4451.5000,4500.5298,4477.4399
2022-02-07,4505.7500,4521.8599,4471.4702,4483.8701,4500.5298
2022-02-08,4480.0200,4531.3198,4465.3999,4521.5400,4483.8701
2022-02-09,4547.0000,4590.0298,4547.0000,4587.1802,4521.5400
2022-02-10,4553.2402,4588.9199,4484.3101,4504.0801,4587.1802
2022-02-11,4506.2700,4526.3301,4401.4102,4418.6401,4504.0801
2022-02-14,4412.6099,4426.2202,4364.8398,4401.6699,4418.6401
2022-02-15,4429.2798,4472.7700,4429.2798,4471.0698,4401.6699
2022-02-16,4455.7500,4489.5498,4429.6802,4475.0098,4471.0698
2022-02-17,4456.0601,4456.0601,4373.8101,4380.2598,4475.0098
2022-02-18,4384.5698,4394.6001,4327.2202,4348.8701,4380.2598
2022-02-22,4332.7402,4362.1201,4267.1099,4304.7598,4348.8701
2022-02-23,4324.9302,4341.5098,4221.5098,4225.5000,4304.7598
2022-02-24,4155.7700,4294.7300,4114.6499,4288.7002,4225.5000
2022-02-25,4298.3799,4385.3398,4286.8301,4384.6499,4288.7002
2022-02-28,4354.1699,4388.8398,4315.1201,4373.9399,4384.6499
2022-03-01,4363.1401,4378.4502,4279.5400,4306.2598,4373.9399
2022-03-02,4322.5601,4401.4800,4322.5601,4386.5400,4306.2598
2022-03-03,4401.3101,4416.7798,4345.5601,4363.4902,4386.5400
2022-03-04,4342.1201,4342.1201,4284.9800,4328.8701,4363.4902
2022-03-07,4327.0098,4327.0098,4199.8501,4201.0898,4328.8701
2022-03-08,4202.6602,4276.9399,4157.8701,4170.7002,4201.0898
2022-03-09,4223.1001,4299.3999,4223.1001,4277.8799,4170.7002
2022-03-10,4252.5498,4268.2798,4209.7998,4259.5200,4277.8799
2022-03-11,4279.5000,4291.0098,4200.4902,4204.3101,4259.5200
2022-03-14,4202.7500,4247.5698,4161.7202,4173.1099,4204.3101
2022-03-15,4188.8198,4271.0498,4187.8999,4262.4502,4173.1099
2022-03-16,4288.1401,4358.8999,4251.9902,4357.8599,4262.4502
2022-03-17,4345.1099,4412.6699,4335.6499,4411.6699,4357.8599
2022-03-18,4407.3398,4465.3999,4390.5698,4463.1201,4411.6699
2022-03-21,4462.3999,4481.7500,4424.2998,4461.1802,4463.1201
2022-03-22,4469.1001,4522.0000,4469.1001,4511.6099,4461.1802
2022-03-23,4493.1001,4501.0698,4455.8101,4456.2402,4511.6099
2022-03-24,4469.9800,4520.5801,4465.1699,4520.1602,4456.2402
2022-03-25,4522.9102,4546.0298,4501.0698,4543.0601,4520.1602
2022-03-28,4541.0898,4575.6499,4517.6899,4575.5200,4543.0601
2022-03-29,4602.8599,4637.2998,4589.6602,4631.6001,4575.5200
2022-03-30,4624.2002,4627.7700,4581.3198,4602.4502,4631.6001
2022-03-31,4599.0200,4603.0698,4530.4102,4530.4102,4602.4502
2022-04-01,4540.3198,4548.7002,4507.5698,4545.8599,4530.4102
2022-04-04,4547.9702,4583.5000,4539.2100,4582.6401,4545.8599
2022-04-05,4572.4502,4593.4502,4514.1699,4525.1201,4582.6401
2022-04-06,4494.1699,4503.9399,4450.0400,4481.1499,4525.1201
2022-04-07,4474.6499,4521.1602,4450.2998,4500.2100,4481.1499
2022-04-08,4494.1499,4520.4102,4474.6001,4488.2798,4500.2100
2022-04-11,4462.6401,4464.3501,4408.3799,4412.5298,4488.2798
2022-04-12,4437.5898,4471.0000,4381.3398,4397.4502,4412.5298
2022-04-13,4394.2998,4453.9199,4392.7002,4446.5898,4397.4502
2022-04-14,4449.1201,4460.4600,4390.7700,4392.5898,4446.5898
2022-04-18,4385.6299,4410.3101,4370.2998,4391.6899,4392.5898
2022-04-19,4390.6299,4471.0298,4390.6299,4462.2100,4391.6899
2022-04-20,4472.2598,4488.2900,4448.7598,4459.4502,4462.2100
2022-04-21,4489.1699,4512.9399,4384.4702,4393.6602,4459.4502
2022-04-22,4385.8301,4385.8301,4267.6201,4271.7798,4393.6602
2022-04-25,4255.3398,4299.0200,4200.8198,4296.1201,4271.7798
2022-04-26,4278.1401,4278.1401,4175.0400,4175.2002,4296.1201
2022-04-27,4186.5200,4240.7100,4162.8999,4183.9600,4175.2002
2022-04-28,4222.5801,4308.4502,4188.6299,4287.5000,4183.9600
2022-04-29,4253.7500,4269.6802,4124.2798,4131.9302,4287.5000
2022-05-02,4130.6099,4169.8101,4062.5100,4155.3799,4131.9302
2022-05-03,4159.7798,4200.1001,4147.0801,4175.4800,4155.3799
2022-05-04,4181.1802,4307.6602,4148.9102,4300.1699,4175.4800
2022-05-05,4270.4302,4270.4302,4106.0098,4146.8701,4300.1699
2022-05-06,4128.1699,4157.6899,4067.9099,4123.3398,4146.8701
2022-05-09,4081.2700,4081.2700,3975.4800,3991.2400,4123.3398
2022-05-10,4035.1799,4068.8201,3958.1699,4001.0500,3991.2400
2022-05-11,3990.0801,4049.0901,3928.8201,3935.1799,4001.0500
2022-05-12,3903.9500,3964.8000,3858.8701,3930.0801,3935.1799
2022-05-13,3963.8999,4038.8799,3963.8999,4023.8899,3930.0801
2022-05-16,4013.0200,4046.4600,3983.9900,4008.0100,4023.8899
2022-05-17,4052.0000,4090.7200,4033.9299,4088.8501,4008.0100
2022-05-18,4051.9800,4051.9800,3911.9099,3923.6799,4088.8501
2022-05-19,3899.0000,3945.9600,3876.5801,3900.7900,3923.6799
2022-05-20,3927.7600,3943.4199,3810.3201,3901.3601,3900.7900
2022-05-23,3919.4199,3981.8799,3909.0400,3973.7500,3901.3601
2022-05-24,3942.9399,3955.6799,3875.1299,3941.4800,3973.7500
2022-05-25,3929.5901,3999.3301,3925.0300,3978.7300,3941.4800
2022-05-26,3984.6001,4075.1399,3984.6001,4057.8401,3978.7300
2022-05-27,4077.4299,4158.4902,4077.4299,4158.2402,4057.8401
2022-05-31,4151.0898,4168.3398,4104.8799,4132.1499,4158.2402
2022-06-01,4149.7798,4166.5400,4073.8501,4101.2300,4132.1499
2022-06-02,4095.4099,4177.5098,4074.3701,4176.8198,4101.2300
2022-06-03,4137.5698,4142.6699,4098.6699,4108.5400,4176.8198
2022-06-06,4134.7202,4168.7798,4109.1802,4121.4302,4108.5400
2022-06-07,4096.4702,4164.8599,4080.1899,4160.6802,4121.4302
2022-06-08,4147.1201,4160.1401,4107.2002,4115.7700,4160.6802
2022-06-09,4101.6499,4119.1001,4017.1699,4017.8201,4115.7700
2022-06-10,3974.3899,3974.3899,3900.1599,3900.8601,4017.8201
2022-06-13,3838.1499,3838.1499,3734.3000,3749.6299,3900.8601
2022-06-14,3763.5200,3778.1799,3705.6799,3735.4800,3749.6299
2022-06-15,3764.0500,3837.5601,3722.3000,3789.9900,3735.4800
2022-06-16,3728.1799,3728.1799,3639.7700,3666.7700,3789.9900
2022-06-17,3665.8999,3707.7100,3636.8701,3674.8401,3666.7700
2022-06-21,3715.3101,3779.6499,3715.3101,3764.7900,3674.8401
2022-06-22,3733.8899,3801.7900,3717.6899,3759.8899,3764.7900
2022-06-23,3774.7100,3802.5801,3743.5200,3795.7300,3759.8899
2022-06-24,3821.7500,3913.6499,3821.7500,3911.7400,3795.7300
2022-06-27,3920.7600,3927.7200,3889.6599,3900.1101,3911.7400
2022-06-28,3913.0000,3945.8601,3820.1399,3821.5500,3900.1101
2022-06-29,3825.0901,3836.5000,3799.0200,3818.8301,3821.5500
2022-06-30,3785.9900,3818.9900,3738.6699,3785.3799,3818.8301
2022-07-01,3781.0000,3829.8201,3752.1001,3825.3301,3785.3799
2022-07-05,3792.6101,3832.1899,3742.0601,3831.3899,3825.3301
2022-07-06,3831.9800,3870.9099,3809.3701,3845.0801,3831.3899
2022-07-07,3858.8501,3910.6299,3858.8501,3902.6201,3845.0801
2022-07-08,3888.2600,3918.5000,3869.3401,3899.3799,3902.6201
2022-07-11,3880.9399,3880.9399,3847.2200,3854.4299,3899.3799
2022-07-12,3851.9500,3873.4099,3802.3601,3818.8000,3854.4299
2022-07-13,3779.6699,3829.4399,3759.0701,3801.7800,3818.8000
2022-07-14,3763.9900,3796.4099,3721.5601,3790.3799,3801.7800
2022-07-15,3818.0000,3863.6201,3817.1799,3863.1599,3790.3799
2022-07-18,3883.7900,3902.4399,3818.6299,3830.8501,3863.1599
2022-07-19,3860.7300,3939.8101,3860.7300,3936.6899,3830.8501
2022-07-20,3935.3201,3974.1299,3922.0300,3959.8999,3936.6899
2022-07-21,3955.4700,3999.2900,3927.6399,3998.9500,3959.8999
2022-07-22,3998.4299,4012.4399,3938.8601,3961.6299,3998.9500
2022-07-25,3965.7200,3975.3000,3943.4600,3966.8401,3961.6299
2022-07-26,3953.2200,3953.2200,3910.7400,3921.0500,3966.8401
2022-07-27,3951.4299,4039.5601,3951.4299,4023.6101,3921.0500
2022-07-28,4026.1299,4078.9500,3992.9700,4072.4299,4023.6101
2022-07-29,4087.3301,4140.1499,4079.2200,4130.2900,4072.4299
2022-08-01,4112.3799,4144.9502,4096.0200,4118.6299,4130.2900
2022-08-02,4104.2100,4140.4702,4079.8101,4091.1899,4118.6299
2022-08-03,4107.9600,4167.6602,4107.9600,4155.1699,4091.1899
2022-08-04,4154.8501,4161.2900,4135.4199,4151.9399,4155.1699
2022-08-05,4115.8701,4151.5801,4107.3101,4145.1899,4151.9399
2022-08-08,4155.9302,4186.6201,4128.9702,4140.0601,4145.1899
2022-08-09,4133.1099,4137.2998,4112.0898,4122.4702,4140.0601
2022-08-10,4181.0200,4211.0298,4177.2598,4210.2402,4122.4702
2022-08-11,4227.3999,4257.9102,4201.4102,4207.2700,4210.2402
2022-08-12,4225.0200,4280.4702,4219.7798,4280.1499,4207.2700
2022-08-15,4269.3701,4301.7900,4256.8999,4297.1401,4280.1499
2022-08-16,4290.4600,4325.2798,4277.7700,4305.2002,4297.1401
2022-08-17,4280.3999,4302.1802,4253.0801,4274.0400,4305.2002
2022-08-18,4273.1299,4292.5298,4261.9800,4283.7402,4274.0400
2022-08-19,4266.3101,4266.3101,4218.7002,4228.4800,4283.7402
2022-08-22,4195.0801,4195.0801,4129.8599,4137.9902,4228.4800
2022-08-23,4133.0898,4159.7700,4124.0298,4128.7300,4137.9902
2022-08-24,4126.5498,4156.5601,4119.9702,4140.7700,4128.7300
2022-08-25,4153.2598,4200.5400,4147.5898,4199.1201,4140.7700
2022-08-26,4198.7402,4203.0400,4057.6599,4057.6599,4199.1201
2022-08-29,4034.5801,4062.9900,4017.4199,4030.6101,4057.6599
2022-08-30,4041.2500,4044.9800,3965.2100,3986.1599,4030.6101
2022-08-31,4000.6699,4015.3701,3954.5300,3955.0000,3986.1599
2022-09-01,3936.7300,3970.2300,3903.6499,3966.8501,3955.0000
2022-09-02,3994.6599,4018.4299,3906.2100,3924.2600,3966.8501
2022-09-06,3930.8899,3942.5500,3886.7500,3908.1899,3924.2600
2022-09-07,3909.4299,3987.8899,3906.0300,3979.8701,3908.1899
2022-09-08,3959.9399,4010.5000,3944.8101,4006.1799,3979.8701
2022-09-09,4022.9399,4076.8101,4022.9399,4067.3601,4006.1799
2022-09-12,4083.6699,4119.2798,4083.6699,4110.4102,4067.3601
2022-09-13,4037.1201,4037.1201,3921.2800,3932.6899,4110.4102
2022-09-14,3940.7300,3961.9399,3912.1799,3946.0100,3932.6899
2022-09-15,3932.4099,3959.1399,3888.2800,3901.3501,3946.0100
2022-09-16,3880.9500,3880.9500,3837.0801,3873.3301,3901.3501
2022-09-19,3849.9099,3900.4500,3838.5000,3899.8899,3873.3301
2022-09-20,3875.2300,3876.0100,3827.5400,3855.9299,3899.8899
2022-09-21,3871.3999,3907.0701,3789.4900,3789.9299,3855.9299
2022-09-22,3782.3601,3790.8999,3749.4500,3757.9900,3789.9299
2022-09-23,3727.1399,3727.1399,3647.4700,3693.2300,3757.9900
2022-09-26,3682.7200,3715.6699,3644.7600,3655.0400,3693.2300
2022-09-27,3686.4399,3717.5300,3623.2900,3647.2900,3655.0400
2022-09-28,3651.9399,3736.7400,3640.6101,3719.0400,3647.2900
2022-09-29,3687.0100,3687.0100,3610.3999,3640.4700,3719.0400
2022-09-30,3633.4800,3671.4399,3584.1299,3585.6201,3640.4700
2022-10-03,3609.7800,3698.3501,3604.9299,3678.4299,3585.6201
2022-10-04,3726.4600,3791.9199,3726.4600,3790.9299,3678.4299
2022-10-05,3753.2500,3806.9099,3722.6599,3783.2800,3790.9299
2022-10-06,3771.9700,3797.9299,3739.2200,3744.5200,3783.2800
2022-10-07,3706.7400,3706.7400,3620.7300,3639.6599,3744.5200
2022-10-10,3647.5100,3652.1699,3588.1001,3612.3899,3639.6599
2022-10-11,3595.8601,3640.6599,3568.4500,3588.8401,3612.3899
2022-10-12,3590.8301,3608.3401,3573.8601,3577.0300,3588.8401
2022-10-13,3520.3701,3685.4099,3491.5801,3669.9099,3577.0300
2022-10-14,3690.4099,3712.0000,3579.6799,3583.0701,3669.9099
2022-10-17,3638.6499,3689.7300,3638.6499,3677.9500,3583.0701
2022-10-18,3746.2600,3762.7900,3686.5300,3719.9800,3677.9500
2022-10-19,3703.1101,3728.5801,3666.5100,3695.1599,3719.9800
2022-10-20,3689.0500,3736.0000,3656.4399,3665.7800,3695.1599
2022-10-21,3657.1001,3757.8899,3647.4199,3752.7500,3665.7800
2022-10-24,3762.0100,3810.7400,3741.6499,3797.3401,3752.7500
2022-10-25,3799.4399,3862.8501,3799.4399,3859.1101,3797.3401
2022-10-26,3825.9700,3886.1499,3824.0701,3830.6001,3859.1101
2022-10-27,3834.6899,3859.9500,3803.7900,3807.3000,3830.6001
2022-10-28,3808.2600,3905.4199,3808.2600,3901.0601,3807.3000
2022-10-31,3881.8501,3893.7300,3863.1799,3871.9800,3901.0601
2022-11-01,3901.7900,3911.7900,3843.8000,3856.1001,3871.9800
2022-11-02,3852.8999,3894.4399,3758.6799,3759.6899,3856.1001
2022-11-03,3733.2500,3750.5901,3698.1499,3719.8899,3759.6899
2022-11-04,3766.9800,3796.3401,3708.8401,3770.5500,3719.8899
2022-11-07,3780.7100,3813.9500,3764.7000,3806.8000,3770.5500
2022-11-08,3817.0200,3859.3999,3786.2800,3828.1101,3806.8000
2022-11-09,3810.9399,3818.2000,3744.2200,3748.5701,3828.1101
2022-11-10,3859.8899,3958.3301,3859.8899,3956.3701,3748.5701
2022-11-11,3963.7200,4001.4800,3944.8201,3992.9299,3956.3701
2022-11-14,3977.9700,4008.9700,3956.3999,3957.2500,3992.9299
2022-11-15,4006.4099,4028.8401,3953.1699,3991.7300,3957.2500
2022-11-16,3976.8201,3983.0901,3954.3401,3958.7900,3991.7300
2022-11-17,3919.2600,3954.3301,3906.5400,3946.5601,3958.7900
2022-11-18,3966.3899,3979.8899,3935.9800,3965.3401,3946.5601
2022-11-21,3956.2300,3962.0000,3933.3401,3949.9399,3965.3401
2022-11-22,3965.5100,4005.8799,3956.8799,4003.5801,3949.9399
2022-11-23,4000.3000,4033.7800,3998.6599,4027.2600,4003.5801
2022-11-25,4023.3401,4034.0200,4020.7600,4026.1201,4027.2600
2022-11-28,4005.3601,4012.2700,3955.7700,3963.9399,4026.1201
2022-11-29,3964.1899,3976.7700,3937.6499,3957.6299,3963.9399
2022-11-30,3957.1799,4080.1101,3938.5801,4080.1101,3957.6299
2022-12-01,4087.1399,4100.5098,4050.8701,4076.5701,4080.1101
2022-12-02,4040.1699,4080.4800,4026.6299,4071.7000,4076.5701
2022-12-05,4052.0200,4052.4500,3984.4900,3998.8401,4071.7000
2022-12-06,3996.6299,4001.5100,3918.3899,3941.2600,3998.8401
2022-12-07,3933.2800,3957.5701,3922.6799,3933.9199,3941.2600
2022-12-08,3947.7900,3974.1899,3935.8301,3963.5100,3933.9199
2022-12-09,3954.1699,3977.0200,3933.0400,3934.3799,3963.5100
2022-12-12,3939.2900,3990.7100,3935.3000,3990.5601,3934.3799
2022-12-13,4069.3799,4100.9600,3993.0300,4019.6499,3990.5601
2022-12-14,4015.5400,4053.7600,3965.6499,3995.3201,4019.6499
2022-12-15,3958.3701,3958.3701,3879.4500,3895.7500,3995.3201
2022-12-16,3890.9099,3890.9099,3827.9099,3852.3601,3895.7500
2022-12-19,3853.7900,3854.8601,3800.0400,3817.6599,3852.3601
2022-12-20,3810.4700,3838.2400,3795.6201,3821.6201,3817.6599
2022-12-21,3839.4900,3889.8201,3839.4900,3878.4399,3821.6201
2022-12-22,3853.2600,3853.2600,3764.4900,3822.3899,3878.4399
2022-12-23,3815.1101,3845.8000,3797.0100,3844.8201,3822.3899
2022-12-27,3843.3401,3846.6499,3813.2200,3829.2500,3844.8201
2022-12-28,3829.5601,3848.3201,3780.7800,3783.2200,3829.2500
2022-12-29,3805.4500,3858.1899,3805.4500,3849.2800,3783.2200
2022-12-30,3829.0601,3839.8501,3800.3401,3839.5000,3849.2800
2023-01-03,3853.2900,3878.4600,3794.3301,3824.1399,3839.5000
2023-01-04,3840.3601,3873.1599,3815.7700,3852.9700,3824.1399
2023-01-05,3839.7400,3839.7400,3802.4199,3808.1001,3852.9700
2023-01-06,3823.3701,3906.1899,3809.5601,3895.0801,3808.1001
2023-01-09,3910.8201,3950.5701,3890.4199,3892.0901,3895.0801
2023-01-10,3888.5701,3919.8301,3877.2900,3919.2500,3892.0901
2023-01-11,3932.3501,3970.0701,3928.5400,3969.6101,3919.2500
2023-01-12,3977.5701,3997.7600,3937.5601,3983.1699,3969.6101
2023-01-13,3960.6001,4003.9500,3947.6699,3999.0901,3983.1699
2023-01-17,3999.2800,4015.3899,3984.5701,3990.9700,3999.0901
2023-01-18,4002.2500,4014.1599,3926.5901,3928.8601,3990.9700
2023-01-19,3911.8401,3922.9399,3885.5400,3898.8501,3928.8601
2023-01-20,3909.0400,3972.9600,3897.8601,3972.6101,3898.8501
2023-01-23,3978.1399,4039.3101,3971.6399,4019.8101,3972.6101
2023-01-24,4001.7400,4023.9199,3989.7900,4016.9500,4019.8101
2023-01-25,3982.7100,4019.5500,3949.0601,4016.2200,4016.9500
2023-01-26,4036.0801,4061.5701,4013.2900,4060.4299,4016.2200
2023-01-27,4053.7200,4094.2100,4048.7000,4070.5601,4060.4299
2023-01-30,4049.2700,4063.8501,4015.5500,4017.7700,4070.5601
2023-01-31,4020.8501,4077.1599,4020.4399,4076.6001,4017.7700
2023-02-01,4070.0701,4148.9502,4037.2000,4119.2100,4076.6001
2023-02-02,4158.6802,4195.4399,4141.8799,4179.7598,4119.2100
2023-02-03,4136.6899,4182.3599,4123.3599,4136.4800,4179.7598
2023-02-06,4119.5698,4124.6299,4093.3799,4111.0801,4136.4800
2023-02-07,4105.3501,4176.5400,4088.3899,4164.0000,4111.0801
2023-02-08,4153.4702,4156.8501,4111.6699,4117.8599,4164.0000
2023-02-09,4144.2500,4156.2300,4069.6699,4081.5000,4117.8599
2023-02-10,4068.9199,4094.3601,4060.7900,4090.4600,4081.5000
2023-02-13,4096.6201,4138.8999,4092.6699,4137.2900,4090.4600
2023-02-14,4126.7002,4159.7700,4095.0100,4136.1299,4137.2900
2023-02-15,4119.5000,4148.1099,4103.9800,4147.6001,4136.1299
2023-02-16,4114.7500,4136.5400,4089.4900,4090.4099,4147.6001
2023-02-17,4077.3899,4081.5100,4047.9500,4079.0901,4090.4099
2023-02-21,4052.3501,4052.3501,3995.1899,3997.3401,4079.0901
2023-02-22,4001.8301,4017.3701,3976.8999,3991.0500,3997.3401
2023-02-23,4018.6001,4028.3000,3969.1899,4012.3201,3991.0500
2023-02-24,3973.2400,3978.2500,3943.0801,3970.0400,4012.3201
2023-02-27,3992.3601,4018.0500,3973.5500,3982.2400,3970.0400
2023-02-28,3977.1899,3997.5000,3968.9800,3970.1499,3982.2400
2023-03-01,3963.3401,3971.7300,3939.0500,3951.3899,3970.1499
2023-03-02,3938.6799,3990.8401,3928.1599,3981.3501,3951.3899
2023-03-03,3998.0200,4048.2900,3995.1699,4045.6399,3981.3501
2023-03-06,4055.1499,4078.4900,4044.6101,4048.4199,4045.6399
2023-03-07,4048.2600,4050.0000,3980.3101,3986.3701,4048.4199
2023-03-08,3987.5500,4000.4099,3969.7600,3992.0100,3986.3701
2023-03-09,3998.6599,4017.8101,3908.7000,3918.3201,3992.0100
2023-03-10,3912.7700,3934.0500,3846.3201,3861.5901,3918.3201
2023-03-13,3835.1201,3905.0500,3808.8601,3855.7600,3861.5901
2023-03-14,3894.0100,3937.2900,3873.6299,3919.2900,3855.7600
2023-03-15,3876.7400,3894.2600,3838.2400,3891.9299,3919.2900
2023-03-16,3878.9299,3964.4600,3864.1101,3960.2800,3891.9299
2023-03-17,3958.6899,3958.9099,3901.2700,3916.6399,3960.2800
2023-03-20,3917.4700,3956.6201,3916.8899,3951.5701,3916.6399
2023-03-21,3975.8899,4009.0801,3971.1899,4002.8701,3951.5701
2023-03-22,4002.0400,4039.4900,3936.1699,3936.9700,4002.8701
2023-03-23,3959.2100,4007.6599,3919.0500,3948.7200,3936.9700
2023-03-24,3939.2100,3972.7400,3909.1599,3970.9900,3948.7200
2023-03-27,3982.9299,4003.8301,3970.4900,3977.5300,3970.9900
2023-03-28,3974.1299,3979.2000,3951.5300,3971.2700,3977.5300
2023-03-29,3999.5300,4030.5901,3999.5300,4027.8101,3971.2700
2023-03-30,4046.7400,4057.8501,4032.1001,4050.8301,4027.8101
2023-03-31,4056.1799,4110.7500,4056.1799,4109.3101,4050.8301
2023-04-03,4102.2002,4127.6602,4098.7900,4124.5098,4109.3101
2023-04-04,4128.0298,4133.1299,4086.8701,4100.6001,4124.5098
2023-04-05,4094.5000,4099.6899,4072.5601,4090.3799,4100.6001
2023-04-06,4081.1499,4107.3198,4069.8401,4105.0200,4090.3799
2023-04-10,4085.2000,4109.5000,4072.5500,4109.1099,4105.0200
2023-04-11,4110.2900,4124.2598,4102.6099,4108.9399,4109.1099
2023-04-12,4121.7202,4134.3701,4086.9399,4091.9500,4108.9399
2023-04-13,4100.0400,4150.2598,4099.3999,4146.2202,4091.9500
2023-04-14,4140.1099,4163.1899,4113.2002,4137.6401,4146.2202
2023-04-17,4137.1699,4151.7202,4123.1802,4151.3198,4137.6401
2023-04-18,4164.2598,4169.4800,4140.3599,4154.8701,4151.3198
2023-04-19,4139.3301,4162.5698,4134.4902,4154.5200,4154.8701
2023-04-20,4130.4800,4148.5698,4114.5698,4129.7900,4154.5200
2023-04-21,4132.1401,4138.0200,4113.8599,4133.5200,4129.7900
2023-04-24,4132.0698,4142.4102,4117.7700,4137.0400,4133.5200
2023-04-25,4126.4302,4126.4302,4071.3799,4071.6299,4137.0400
2023-04-26,4087.7800,4089.6699,4049.3501,4055.9900,4071.6299
2023-04-27,4075.2900,4138.2402,4075.2900,4135.3501,4055.9900
2023-04-28,4129.6299,4170.0601,4127.1802,4169.4800,4135.3501
2023-05-01,4166.7900,4186.9199,4164.1201,4167.8701,4169.4800
2023-05-02,4164.1001,4164.1001,4089.7200,4119.5801,4167.8701
2023-05-03,4122.2500,4148.2998,4088.8601,4090.7500,4119.5801
2023-05-04,4082.5500,4082.6101,4048.2800,4061.2200,4090.7500
2023-05-05,4084.7300,4147.0200,4084.7300,4136.2500,4061.2200
2023-05-08,4136.9800,4142.2998,4123.8101,4138.1201,4136.2500
2023-05-09,4124.2500,4130.3501,4116.6499,4119.1699,4138.1201
2023-05-10,4143.7402,4154.2798,4098.9199,4137.6401,4119.1699
2023-05-11,4132.2402,4132.7998,4109.2900,4130.6201,4137.6401
2023-05-12,4138.5400,4143.7402,4099.1201,4124.0801,4130.6201
2023-05-15,4126.6499,4141.2500,4110.2700,4136.2798,4124.0801
2023-05-16,4127.9502,4135.5400,4109.8599,4109.8999,4136.2798
2023-05-17,4122.8501,4164.6699,4113.6201,4158.7700,4109.8999
2023-05-18,4157.6802,4202.2002,4153.5000,4198.0498,4158.7700
2023-05-19,4204.1499,4212.9102,4180.2002,4191.9800,4198.0498
2023-05-22,4190.7798,4209.2202,4179.6802,4192.6299,4191.9800
2023-05-23,4176.7998,4185.6802,4142.5400,4145.5801,4192.6299
2023-05-24,4132.9600,4132.9600,4103.9800,4115.2402,4145.5801
2023-05-25,4155.7100,4165.7402,4129.7300,4151.2798,4115.2402
2023-05-26,4156.1602,4212.8701,4156.1602,4205.4502,4151.2798
2023-05-30,4226.7100,4231.1001,4192.1802,4205.5200,4205.4502
2023-05-31,4190.7402,4195.4399,4166.1499,4179.8301,4205.5200
2023-06-01,4183.0298,4232.4302,4171.6401,4221.0200,4179.8301
2023-06-02,4241.0098,4290.6699,4241.0098,4282.3701,4221.0200
2023-06-05,4282.9902,4299.2798,4266.8198,4273.7900,4282.3701
2023-06-06,4271.3398,4288.3301,4263.0898,4283.8501,4273.7900
2023-06-07,4285.4702,4299.1899,4263.9600,4267.5200,4283.8501
2023-06-08,4268.6899,4298.0098,4261.0698,4293.9302,4267.5200
2023-06-09,4304.8799,4322.6201,4291.7002,4298.8599,4293.9302
2023-06-12,4308.3198,4340.1299,4304.3701,4338.9302,4298.8599
2023-06-13,4352.6099,4375.3701,4349.3101,4369.0098,4338.9302
2023-06-14,4366.2900,4391.8198,4337.8501,4372.5898,4369.0098
2023-06-15,4365.3301,4439.2002,4362.6001,4425.8398,4372.5898
2023-06-16,4440.9502,4448.4702,4407.4399,4409.5898,4425.8398
2023-06-20,4396.1099,4400.1499,4367.1899,4388.7100,4409.5898
2023-06-21,4380.0098,4386.2202,4360.1401,4365.6899,4388.7100
2023-06-22,4355.3999,4382.2500,4351.8198,4381.8901,4365.6899
2023-06-23,4354.1699,4366.5498,4341.3398,4348.3301,4381.8901
2023-06-26,4344.8398,4362.0601,4328.0801,4328.8198,4348.3301
2023-06-27,4337.3599,4384.4199,4335.0000,4378.4102,4328.8198
2023-06-28,4367.4800,4390.3501,4360.2202,4376.8599,4378.4102
2023-06-29,4374.9399,4398.3901,4371.9702,4396.4399,4376.8599
2023-06-30,4422.4399,4458.4800,4422.4399,4450.3799,4396.4399
2023-07-03,4450.4800,4456.4600,4442.2900,4455.5898,4450.3799
2023-07-05,4442.0400,4454.0601,4436.6099,4446.8198,4455.5898
2023-07-06,4422.6201,4422.6201,4385.0498,4411.5898,4446.8198
2023-07-07,4404.5400,4440.3901,4397.3999,4398.9502,4411.5898
2023-07-10,4394.2300,4412.6001,4389.9199,4409.5298,4398.9502
2023-07-11,4415.5498,4443.6401,4408.4600,4439.2598,4409.5298
2023-07-12,4467.6899,4488.3398,4463.2300,4472.1602,4439.2598
2023-07-13,4491.5000,4517.3799,4489.3599,4510.0400,4472.1602
2023-07-14,4514.6099,4527.7598,4499.5601,4505.4199,4510.0400
2023-07-17,4508.8599,4532.8501,4504.8999,4522.7900,4505.4199
2023-07-18,4521.7798,4562.2998,4514.5898,4554.9800,4522.7900
2023-07-19,4563.8701,4578.4302,4557.4800,4565.7202,4554.9800
2023-07-20,4554.3799,4564.7402,4527.5601,4534.8701,4565.7202
2023-07-21,4550.1602,4555.0000,4535.7900,4536.3398,4534.8701
2023-07-24,4543.3901,4563.4102,4541.2900,4554.6401,4536.3398
2023-07-25,4555.1899,4580.6201,4552.4199,4567.4600,4554.6401
2023-07-26,4558.9600,4582.4702,4547.5801,4566.7500,4567.4600
2023-07-27,4598.2598,4607.0698,4528.5601,4537.4102,4566.7500
2023-07-28,4565.7500,4590.1602,4564.0098,4582.2300,4537.4102
2023-07-31,4584.8198,4594.2202,4573.1401,4588.9600,4582.2300
2023-08-01,4578.8301,4584.6201,4567.5298,4576.7300,4588.9600
2023-08-02,4550.9302,4550.9302,4505.7500,4513.3901,4576.7300
2023-08-03,4494.2700,4519.4902,4485.5400,4501.8901,4513.3901
2023-08-04,4513.9600,4540.3398,4474.5498,4478.0298,4501.8901
2023-08-07,4491.5801,4519.8398,4491.1499,4518.4399,4478.0298
2023-08-08,4498.0298,4503.3101,4464.3901,4499.3799,4518.4399
2023-08-09,4501.5698,4502.4399,4461.3301,4467.7100,4499.3799
2023-08-10,4487.1602,4527.3701,4457.9199,4468.8301,4467.7100
2023-08-11,4450.6899,4476.2300,4443.9800,4464.0498,4468.8301
2023-08-14,4458.1299,4490.3301,4453.4399,4489.7202,4464.0498
2023-08-15,4478.8701,4478.8701,4432.1899,4437.8599,4489.7202
2023-08-16,4433.7900,4449.9502,4403.5498,4404.3301,4437.8599
2023-08-17,4416.3198,4421.1699,4364.8301,4370.3599,4404.3301
2023-08-18,4344.8799,4381.8198,4335.3101,4369.7100,4370.3599
2023-08-21,4380.2798,4407.5498,4360.2998,4399.7700,4369.7100
2023-08-22,4415.3301,4418.5898,4382.7700,4387.5498,4399.7700
2023-08-23,4396.4399,4443.1802,4396.4399,4436.0098,4387.5498
2023-08-24,4455.1602,4458.2998,4375.5498,4376.3101,4436.0098
2023-08-25,4389.3799,4418.4600,4356.2900,4405.7100,4376.3101
2023-08-28,4426.0298,4439.5601,4414.9800,4433.3101,4405.7100
2023-08-29,4432.7500,4500.1401,4431.6802,4497.6299,4433.3101
2023-08-30,4500.3398,4521.6499,4493.5898,4514.8701,4497.6299
2023-08-31,4517.0098,4532.2598,4507.3901,4507.6602,4514.8701
2023-09-01,4530.6001,4541.2500,4501.3501,4515.7700,4507.6602
2023-09-05,4510.0601,4514.2900,4496.0098,4496.8301,4515.7700
2023-09-06,4490.3501,4490.3501,4442.3799,4465.4800,4496.8301
2023-09-07,4434.5498,4457.8101,4430.4600,4451.1401,4465.4800
2023-09-08,4451.2998,4473.5298,4448.3799,4457.4902,4451.1401
2023-09-11,4480.9800,4490.7700,4467.8901,4487.4600,4457.4902
2023-09-12,4473.2700,4487.1099,4456.8301,4461.8999,4487.4600
2023-09-13,4462.6499,4479.3901,4453.5200,4467.4399,4461.8999
2023-09-14,4487.7798,4511.9902,4478.6899,4505.1001,4467.4399
2023-09-15,4497.9800,4497.9800,4447.2100,4450.3198,4505.1001
2023-09-18,4445.1299,4466.3599,4442.1099,4453.5298,4450.3198
2023-09-19,4445.4102,4449.8501,4416.6099,4443.9502,4453.5298
2023-09-20,4452.8101,4461.0298,4401.3799,4402.2002,4443.9502
2023-09-21,4374.3599,4375.7002,4329.1699,4330.0000,4402.2002
2023-09-22,4341.7402,4357.3999,4316.4902,4320.0601,4330.0000
2023-09-25,4310.6201,4338.5098,4302.7002,4337.4399,4320.0601
2023-09-26,4312.8799,4313.0098,4265.9800,4273.5298,4337.4399
2023-09-27,4282.6299,4292.0698,4238.6299,4274.5098,4273.5298
2023-09-28,4269.6499,4317.2700,4264.3799,4299.7002,4274.5098
2023-09-29,4328.1802,4333.1499,4274.8599,4288.0498,4299.7002
2023-10-02,4284.5200,4300.5801,4260.2100,4288.3901,4288.0498
2023-10-03,4269.7500,4281.1499,4216.4502,4229.4502,4288.3901
2023-10-04,4233.8301,4268.5000,4220.4800,4263.7500,4229.4502
2023-10-05,4259.3101,4267.1299,4225.9102,4258.1899,4263.7500
2023-10-06,4234.7900,4324.1001,4219.5498,4308.5000,4258.1899
2023-10-09,4289.0200,4341.7300,4283.7900,4335.6602,4308.5000
2023-10-10,4339.7500,4385.4600,4339.6401,4358.2402,4335.6602
2023-10-11,4366.5898,4378.6401,4345.3398,4376.9502,4358.2402
2023-10-12,4380.9399,4385.8501,4325.4302,4349.6099,4376.9502
2023-10-13,4360.4902,4377.1001,4311.9702,4327.7798,4349.6099
2023-10-16,4342.3701,4383.3301,4342.3701,4373.6299,4327.7798
2023-10-17,4345.2300,4393.5698,4337.5400,4373.2002,4373.6299
2023-10-18,4357.3501,4364.2002,4303.8398,4314.6001,4373.2002
2023-10-19,4321.3599,4339.5400,4269.6899,4278.0000,4314.6001
2023-10-20,4273.8501,4276.5601,4223.0298,4224.1602,4278.0000
2023-10-23,4210.3999,4255.8398,4189.2202,4217.0400,4224.1602
2023-10-24,4235.7900,4259.3799,4219.4302,4247.6802,4217.0400
2023-10-25,4232.4199,4232.4199,4181.4199,4186.7700,4247.6802
2023-10-26,4175.9902,4183.6001,4127.8999,4137.2300,4186.7700
2023-10-27,4152.9302,4156.7002,4103.7798,4117.3701,4137.2300
2023-10-30,4139.3901,4177.4702,4132.9399,4166.8198,4117.3701
2023-10-31,4171.3301,4195.5498,4153.1201,4193.7998,4166.8198
2023-11-01,4201.2700,4245.6401,4197.7402,4237.8599,4193.7998
2023-11-02,4268.2598,4319.7202,4268.2598,4317.7798,4237.8599
2023-11-03,4334.2300,4373.6201,4334.2300,4358.3398,4317.7798
2023-11-06,4364.2700,4372.2100,4347.5298,4365.9800,4358.3398
2023-11-07,4366.2100,4386.2598,4355.4102,4378.3799,4365.9800
2023-11-08,4384.3701,4391.2002,4359.7598,4382.7798,4378.3799
2023-11-09,4391.4102,4393.3999,4343.9399,4347.3501,4382.7798
2023-11-10,4364.1499,4418.0298,4353.3398,4415.2402,4347.3501
2023-11-13,4406.6602,4421.7598,4393.8198,4411.5498,4415.2402
2023-11-14,4458.9702,4508.6699,4458.9702,4495.7002,4411.5498
2023-11-15,4505.2998,4521.1699,4495.3101,4502.8799,4495.7002
2023-11-16,4497.0801,4511.9902,4487.8301,4508.2402,4502.8799
2023-11-17,4509.5498,4520.1201,4499.6602,4514.0200,4508.2402
2023-11-20,4511.7002,4557.1099,4510.3599,4547.3799,4514.0200
2023-11-21,4538.7700,4542.1401,4525.5098,4538.1899,4547.3799
2023-11-22,4553.0400,4568.4302,4545.0498,4556.6201,4538.1899
2023-11-24,4555.8398,4560.3101,4552.7998,4559.3398,4556.6201
2023-11-27,4554.8599,4560.5200,4546.3198,4550.4302,4559.3398
2023-11-28,4545.5498,4568.1401,4540.5098,4554.8901,4550.4302
2023-11-29,4571.8398,4587.6401,4547.1499,4550.5801,4554.8901
2023-11-30,4554.8701,4569.8901,4537.2402,4567.7998,4550.5801
2023-12-01,4559.4302,4599.3901,4554.7100,4594.6299,4567.7998
2023-12-04,4564.3701,4572.3701,4546.7202,4569.7798,4594.6299
2023-12-05,4557.2500,4578.5601,4551.6802,4567.1802,4569.7798
2023-12-06,4586.2300,4590.7402,4546.5000,4549.3398,4567.1802
2023-12-07,4568.8398,4590.9199,4565.2202,4585.5898,4549.3398
2023-12-08,4576.2002,4609.2300,4574.0601,4604.3701,4585.5898
2023-12-11,4593.3901,4623.7100,4593.3901,4622.4399,4604.3701
2023-12-12,4618.2998,4643.9302,4608.0898,4643.7002,4622.4399
2023-12-13,4646.2002,4709.6899,4643.2300,4707.0898,4643.7002
2023-12-14,4721.0400,4738.5698,4694.3398,4719.5498,4707.0898
2023-12-15,4714.2300,4725.5298,4704.6899,4719.1899,4719.5498
2023-12-18,4725.5801,4749.5200,4725.5801,4740.5601,4719.1899
2023-12-19,4743.7202,4768.6899,4743.7202,4768.3701,4740.5601
2023-12-20,4764.7300,4778.0098,4697.8198,4698.3501,4768.3701
2023-12-21,4724.2900,4748.7100,4708.3501,4746.7500,4698.3501
2023-12-22,4753.9199,4772.9399,4736.7700,4754.6299,4746.7500
2023-12-26,4758.8599,4784.7202,4758.4502,4774.7500,4754.6299
2023-12-27,4773.4502,4785.3901,4768.8999,4781.5801,4774.7500
2023-12-28,4786.4399,4793.2998,4780.9800,4783.3501,4781.5801
2023-12-29,4782.8799,4788.4302,4751.9902,4769.8301,4783.3501
2024-01-02,4745.2002,4754.3301,4722.6699,4742.8301,4769.8301
2024-01-03,4725.0698,4729.2900,4699.7100,4704.8101,4742.8301
2024-01-04,4697.4199,4726.7798,4687.5298,4688.6802,4704.8101
2024-01-05,4690.5698,4721.4902,4682.1099,4697.2402,4688.6802
2024-01-08,4703.7002,4764.5400,4699.8198,4763.5400,4697.2402
2024-01-09,4741.9302,4765.4702,4730.3501,4756.5000,4763.5400
2024-01-10,4759.9399,4790.7998,4756.2002,4783.4502,4756.5000
2024-01-11,4792.1299,4798.5000,4739.5801,4780.2402,4783.4502
2024-01-12,4791.1802,4802.3999,4768.9800,4783.8301,4780.2402
2024-01-16,4772.3501,4782.3398,4747.1201,4765.9800,4783.8301
2024-01-17,4739.1299,4744.2300,4714.8198,4739.2100,4765.9800
2024-01-18,4760.1001,4785.7900,4740.5698,4780.9399,4739.2100
2024-01-19,4796.2798,4842.0698,4785.8701,4839.8101,4780.9399
2024-01-22,4853.4199,4868.4102,4844.0498,4850.4302,4839.8101
2024-01-23,4856.7998,4866.4800,4844.3701,4864.6001,4850.4302
2024-01-24,4888.5601,4903.6802,4865.9399,4868.5498,4864.6001
2024-01-25,4886.6602,4898.1499,4869.3398,4894.1602,4868.5498
2024-01-26,4888.9102,4906.6899,4881.4702,4890.9702,4894.1602
2024-01-29,4892.9502,4929.3101,4887.3999,4927.9302,4890.9702
2024-01-30,4925.8901,4931.0898,4916.2700,4924.9702,4927.9302
2024-01-31,4899.1899,4906.7500,4845.1499,4845.6499,4924.9702
2024-02-01,4861.1099,4906.9702,4853.5200,4906.1899,4845.6499
2024-02-02,4916.0601,4975.2900,4907.9902,4958.6099,4906.1899
2024-02-05,4957.1899,4957.1899,4918.0898,4942.8101,4958.6099
2024-02-06,4950.1602,4957.7700,4934.8799,4954.2300,4942.8101
2024-02-07,4973.0498,4999.8901,4969.0498,4995.0601,4954.2300
2024-02-08,4995.1602,5000.3999,4987.0898,4997.9102,4995.0601
2024-02-09,5004.1699,5030.0601,5000.3398,5026.6099,4997.9102
2024-02-12,5026.8301,5048.3901,5016.8301,5021.8398,5026.6099
2024-02-13,4967.9399,4971.2998,4920.3101,4953.1699,5021.8398
2024-02-14,4976.4399,5002.5200,4956.4502,5000.6201,4953.1699
2024-02-15,5003.1401,5032.7202,4999.4399,5029.7300,5000.6201
2024-02-16,5031.1299,5038.7002,4999.5200,5005.5698,5029.7300
2024-02-20,4989.3198,4993.7100,4955.0200,4975.5098,5005.5698
2024-02-21,4963.0298,4983.2100,4946.0000,4981.7998,4975.5098
2024-02-22,5038.8301,5094.3901,5038.8301,5087.0298,4981.7998
2024-02-23,5100.9199,5111.0601,5081.4600,5088.7998,5087.0298
2024-02-26,5093.0000,5097.6602,5068.9102,5069.5298,5088.7998
2024-02-27,5074.6001,5080.6899,5057.2900,5078.1802,5069.5298
2024-02-28,5067.2002,5077.3701,5058.3501,5069.7598,5078.1802
2024-02-29,5085.3599,5104.9902,5061.8901,5096.2700,5069.7598
2024-03-01,5098.5098,5140.3301,5094.1602,5137.0801,5096.2700
2024-03-04,5130.9902,5149.6699,5127.1802,5130.9502,5137.0801
2024-03-05,5110.5200,5114.5400,5056.8198,5078.6499,5130.9502
2024-03-06,5108.0298,5127.9702,5092.2202,5104.7598,5078.6499
2024-03-07,5132.3799,5165.6201,5128.2100,5157.3599,5104.7598
2024-03-08,5164.4600,5189.2598,5117.5000,5123.6899,5157.3599
2024-03-11,5111.9600,5124.6602,5091.1401,5117.9399,5123.6899
2024-03-12,5134.2998,5179.8701,5114.4800,5175.2700,5117.9399
2024-03-13,5173.4902,5179.1401,5151.8799,5165.3101,5175.2700
2024-03-14,5175.1401,5176.8501,5123.2998,5150.4800,5165.3101
2024-03-15,5123.3101,5136.8599,5104.3501,5117.0898,5150.4800
2024-03-18,5154.7700,5175.6001,5145.4702,5149.4199,5117.0898
2024-03-19,5139.0898,5180.3101,5131.5898,5178.5098,5149.4199
2024-03-20,5181.6899,5226.1899,5171.5498,5224.6201,5178.5098
2024-03-21,5253.4302,5261.1001,5240.6602,5241.5298,5224.6201
2024-03-22,5242.4800,5246.0898,5229.8701,5234.1802,5241.5298
2024-03-25,5219.5200,5229.0898,5216.0898,5218.1899,5234.1802
2024-03-26,5228.8501,5235.1602,5203.4199,5203.5801,5218.1899
2024-03-27,5226.3101,5249.2598,5213.9199,5248.4902,5203.5801
2024-03-28,5248.0298,5264.8501,5245.8198,5254.3501,5248.4902
2024-04-01,5257.9702,5263.9502,5229.2002,5243.7700,5254.3501
2024-04-02,5204.2900,5208.3398,5184.0498,5205.8101,5243.7700
2024-04-03,5194.3701,5228.7500,5194.3701,5211.4902,5205.8101
2024-04-04,5244.0498,5256.5898,5146.0601,5147.2100,5211.4902
2024-04-05,5158.9502,5222.1802,5157.2100,5204.3398,5147.2100
2024-04-08,5211.3701,5219.5698,5197.3501,5202.3901,5204.3398
2024-04-09,5217.0298,5224.8101,5160.7798,5209.9102,5202.3901
2024-04-10,5167.8799,5178.4302,5138.7002,5160.6401,5209.9102
2024-04-11,5172.9502,5211.7798,5138.7700,5199.0601,5160.6401
2024-04-12,5171.5098,5175.0298,5107.9399,5123.4102,5199.0601
2024-04-15,5149.6699,5168.4302,5052.4702,5061.8198,5123.4102
2024-04-16,5064.5898,5079.8398,5039.8301,5051.4102,5061.8198
2024-04-17,5068.9702,5077.9600,5007.2500,5022.2100,5051.4102
2024-04-18,5031.5200,5056.6602,5001.8901,5011.1201,5022.2100
2024-04-19,5005.4399,5019.0200,4953.5601,4967.2300,5011.1201
2024-04-22,4987.3301,5038.8398,4969.3999,5010.6001,4967.2300
2024-04-23,5028.8501,5076.1201,5027.9600,5070.5498,5010.6001
2024-04-24,5084.8599,5089.4800,5047.0200,5071.6299,5070.5498
2024-04-25,5019.8799,5057.7500,4990.5801,5048.4199,5071.6299
2024-04-26,5084.6499,5114.6201,5073.1401,5099.9600,5048.4199
2024-04-29,5114.1299,5123.4902,5088.6499,5116.1699,5099.9600
2024-04-30,5103.7798,5110.8301,5035.3101,5035.6899,5116.1699
2024-05-01,5029.0298,5096.1201,5013.4502,5018.3901,5035.6899
2024-05-02,5049.3198,5073.2100,5011.0498,5064.2002,5018.3901
2024-05-03,5122.7798,5139.1201,5101.2202,5127.7900,5064.2002
2024-05-06,5142.4199,5181.0000,5142.4199,5180.7402,5127.7900
2024-05-07,5187.2002,5200.2300,5178.9600,5187.7002,5180.7402
2024-05-08,5168.9800,5191.9502,5165.8599,5187.6699,5187.7002
2024-05-09,5189.0298,5215.2998,5180.4102,5214.0801,5187.6699
2024-05-10,5225.4902,5239.6602,5209.6802,5222.6802,5214.0801
2024-05-13,5233.0801,5237.2598,5211.1602,5221.4199,5222.6802
2024-05-14,5221.1001,5250.3701,5217.9800,5246.6802,5221.4199
2024-05-15,5263.2598,5311.7598,5263.2598,5308.1499,5246.6802
2024-05-16,5310.0698,5325.4902,5296.1899,5297.1001,5308.1499
2024-05-17,5303.1001,5305.4502,5283.5898,5303.2700,5297.1001
2024-05-20,5305.3501,5325.3198,5302.3999,5308.1299,5303.2700
2024-05-21,5298.6899,5324.3198,5297.8701,5321.4102,5308.1299
2024-05-22,5319.2798,5323.1802,5286.0098,5307.0098,5321.4102
2024-05-23,5340.2598,5341.8799,5256.9302,5267.8398,5307.0098
2024-05-24,5281.4502,5311.6499,5278.3901,5304.7202,5267.8398
2024-05-28,5315.9102,5315.9102,5280.8901,5306.0400,5304.7202
2024-05-29,5278.7300,5282.2700,5262.7002,5266.9502,5306.0400
2024-05-30,5259.7700,5260.2100,5222.1001,5235.4800,5266.9502
2024-05-31,5243.2100,5280.3301,5191.6802,5277.5098,5235.4800
2024-06-03,5297.1499,5302.1099,5234.3198,5283.3999,5277.5098
2024-06-04,5278.2402,5298.7998,5257.6299,5291.3398,5283.3999
2024-06-05,5314.4800,5354.1602,5297.6401,5354.0298,5291.3398
2024-06-06,5357.7998,5362.3501,5335.3599,5352.9600,5354.0298
2024-06-07,5343.8101,5375.0801,5331.3301,5346.9902,5352.9600
2024-06-10,5341.2202,5365.7900,5331.5200,5360.7900,5346.9902
2024-06-11,5353.0000,5375.9502,5327.2500,5375.3198,5360.7900
2024-06-12,5409.1299,5447.2500,5409.1299,5421.0298,5375.3198
2024-06-13,5441.9302,5441.9302,5402.5098,5433.7402,5421.0298
2024-06-14,5424.0801,5432.3901,5403.7500,5431.6001,5433.7402
2024-06-17,5431.1099,5488.5000,5420.3999,5473.2300,5431.6001
2024-06-18,5476.1499,5490.3799,5471.3198,5487.0298,5473.2300
2024-06-20,5499.9902,5505.5298,5455.5601,5473.1699,5487.0298
2024-06-21,5466.7700,5478.3101,5452.0298,5464.6201,5473.1699
2024-06-24,5459.5801,5490.6602,5447.5898,5447.8701,5464.6201
2024-06-25,5460.7300,5472.8799,5446.5601,5469.2998,5447.8701
2024-06-26,5460.7100,5483.1401,5451.8701,5477.8999,5469.2998
2024-06-27,5473.5898,5490.8101,5467.5400,5482.8701,5477.8999
2024-06-28,5488.4800,5523.6401,5451.1201,5460.4800,5482.8701
2024-07-01,5471.0801,5479.5498,5446.5298,5475.0898,5460.4800
2024-07-02,5461.8398,5509.6899,5458.4302,5509.0098,5475.0898
2024-07-03,5507.4399,5539.2700,5507.4199,5537.0200,5509.0098
2024-07-05,5537.9102,5570.3301,5531.6299,5567.1899,5537.0200
2024-07-08,5572.7500,5583.1099,5562.5098,5572.8501,5567.1899
2024-07-09,5584.2402,5590.7500,5574.5698,5576.9800,5572.8501
2024-07-10,5591.2598,5635.3901,5586.4399,5633.9102,5576.9800
2024-07-11,5635.2100,5642.4502,5576.5298,5584.5400,5633.9102
2024-07-12,5590.7598,5655.5601,5590.4399,5615.3501,5584.5400
2024-07-15,5638.1602,5666.9399,5614.7500,5631.2202,5615.3501
2024-07-16,5644.0898,5669.6699,5639.0200,5667.2002,5631.2202
2024-07-17,5610.0698,5622.4902,5584.8101,5588.2700,5667.2002
2024-07-18,5608.5601,5614.0498,5522.8101,5544.5898,5588.2700
2024-07-19,5543.3701,5557.5000,5497.0400,5505.0000,5544.5898
2024-07-22,5544.5400,5570.3599,5529.0400,5564.4102,5505.0000
2024-07-23,5565.2998,5585.3398,5550.8999,5555.7402,5564.4102
2024-07-24,5505.8398,5508.0400,5419.9800,5427.1299,5555.7402
2024-07-25,5428.7002,5491.5898,5390.9502,5399.2202,5427.1299
2024-07-26,5433.6699,5488.3198,5430.7002,5459.1001,5399.2202
2024-07-29,5476.5498,5487.7402,5444.4399,5463.5400,5459.1001
2024-07-30,5478.7300,5489.4600,5401.7002,5436.4399,5463.5400
2024-07-31,5505.5898,5551.5098,5493.7500,5522.2998,5436.4399
2024-08-01,5537.8398,5566.1602,5410.4199,5446.6802,5522.2998
2024-08-02,5376.6299,5383.8901,5302.0298,5346.5601,5446.6802
2024-08-05,5151.1401,5250.8901,5119.2598,5186.3301,5346.5601
2024-08-06,5206.4199,5312.3398,5193.5601,5240.0298,5186.3301
2024-08-07,5293.1299,5330.6401,5195.5400,5199.5000,5240.0298
2024-08-08,5252.5698,5328.0298,5233.8501,5319.3101,5199.5000
2024-08-09,5314.6602,5358.6699,5300.8398,5344.1602,5319.3101
2024-08-12,5351.8799,5371.2002,5324.3701,5344.3901,5344.1602
2024-08-13,5376.9800,5436.5000,5376.9800,5434.4302,5344.3901
2024-08-14,5442.3599,5463.2202,5415.9102,5455.2100,5434.4302
2024-08-15,5501.1299,5546.2300,5501.1299,5543.2202,5455.2100
2024-08-16,5530.5000,5561.9800,5525.1699,5554.2500,5543.2202
2024-08-19,5557.2300,5608.2998,5550.7402,5608.2500,5554.2500
2024-08-20,5602.8799,5620.5098,5585.5000,5597.1201,5608.2500
2024-08-21,5603.0898,5632.6802,5591.5698,5620.8501,5597.1201
2024-08-22,5637.7700,5643.2202,5560.9502,5570.6401,5620.8501
2024-08-23,5602.4902,5641.8198,5585.1602,5634.6099,5570.6401
2024-08-26,5639.6602,5651.6201,5602.3398,5616.8398,5634.6099
2024-08-27,5602.8901,5631.1802,5593.4800,5625.7998,5616.8398
2024-08-28,5624.5098,5627.0298,5560.9502,5592.1802,5625.7998
2024-08-29,5607.2998,5646.9502,5583.7100,5591.9600,5592.1802
2024-08-30,5612.7402,5651.3701,5581.7900,5648.3999,5591.9600
2024-09-03,5623.8901,5623.8901,5504.3301,5528.9302,5648.3999
2024-09-04,5506.6802,5552.9902,5503.6602,5520.0698,5528.9302
2024-09-05,5520.0801,5546.2998,5480.5400,5503.4102,5520.0698
2024-09-06,5507.3301,5522.4702,5402.6201,5408.4199,5503.4102
2024-09-09,5442.0698,5484.2002,5434.4902,5471.0498,5408.4199
2024-09-10,5490.5098,5497.9102,5441.7202,5495.5200,5471.0498
2024-09-11,5496.4199,5560.4102,5406.9600,5554.1299,5495.5200
2024-09-12,5557.4800,5600.7100,5535.5000,5595.7598,5554.1299
2024-09-13,5603.3398,5636.2700,5601.6499,5626.0200,5595.7598
2024-09-16,5615.2100,5636.0498,5604.5298,5633.0898,5626.0200
2024-09-17,5655.5098,5670.8101,5614.0498,5634.5801,5633.0898
2024-09-18,5641.6802,5689.7500,5615.0801,5618.2598,5634.5801
2024-09-19,5702.6299,5733.5698,5686.4199,5713.6401,5618.2598
2024-09-20,5709.6401,5715.1401,5674.4902,5702.5498,5713.6401
2024-09-23,5711.8999,5725.3599,5704.2202,5718.5698,5702.5498
2024-09-24,5727.6602,5735.3198,5698.9902,5732.9302,5718.5698
2024-09-25,5733.6499,5741.0298,5712.0601,5722.2598,5732.9302
2024-09-26,5762.2202,5767.3701,5721.0098,5745.3701,5722.2598
2024-09-27,5755.3599,5763.7798,5727.3398,5738.1699,5745.3701
2024-09-30,5726.5200,5765.1401,5703.5298,5762.4800,5738.1699
2024-10-01,5757.7300,5757.7300,5681.2798,5708.7500,5762.4800
2024-10-02,5698.1401,5719.6299,5674.0000,5709.5400,5708.7500
2024-10-03,5698.1899,5718.7798,5677.3701,5699.9399,5709.5400
2024-10-04,5737.4800,5753.2100,5702.8301,5751.0698,5699.9399
2024-10-07,5737.7998,5739.3398,5686.8501,5695.9399,5751.0698
2024-10-08,5719.1401,5757.6001,5714.5601,5751.1299,5695.9399
2024-10-09,5751.7998,5796.7998,5745.0200,5792.0400,5751.1299
2024-10-10,5778.3599,5795.0298,5764.7598,5780.0498,5792.0400
2024-10-11,5775.0898,5822.1299,5775.0898,5815.0298,5780.0498
2024-10-14,5829.8101,5871.4102,5829.5698,5859.8501,5815.0298
2024-10-15,5866.7402,5870.3599,5804.4800,5815.2598,5859.8501
2024-10-16,5816.5801,5846.5200,5808.3398,5842.4702,5815.2598
2024-10-17,5875.6201,5878.4600,5840.2500,5841.4702,5842.4702
2024-10-18,5859.4302,5872.1699,5846.1099,5864.6699,5841.4702
2024-10-21,5857.8198,5866.9199,5824.7900,5853.9800,5864.6699
2024-10-22,5832.7002,5863.0400,5821.1699,5851.2002,5853.9800
2024-10-23,5834.5000,5834.8501,5762.4102,5797.4199,5851.2002
2024-10-24,5817.7998,5817.7998,5784.9199,5809.8599,5797.4199
2024-10-25,5826.7500,5862.8198,5799.9800,5808.1201,5809.8599
2024-10-28,5833.9302,5842.9199,5823.0801,5823.5200,5808.1201
2024-10-29,5819.6802,5847.1899,5802.1699,5832.9199,5823.5200
2024-10-30,5832.6499,5850.9399,5811.2798,5813.6699,5832.9199
2024-10-31,5775.3398,5775.3398,5702.8599,5705.4502,5813.6699
2024-11-01,5723.2202,5772.5200,5723.2202,5728.7998,5705.4502
2024-11-04,5725.1499,5741.4302,5696.5098,5712.6899,5728.7998
2024-11-05,5722.4302,5783.4399,5722.1001,5782.7598,5712.6899
2024-11-06,5864.8901,5936.1401,5864.8901,5929.0400,5782.7598
2024-11-07,5947.2100,5983.8398,5947.2100,5973.1001,5929.0400
2024-11-08,5976.7598,6012.4502,5976.7598,5995.5400,5973.1001
2024-11-11,6008.8599,6017.3101,5986.6899,6001.3501,5995.5400
2024-11-12,6003.6001,6009.9199,5960.0801,5983.9902,6001.3501
2024-11-13,5985.7500,6008.1899,5965.9102,5985.3799,5983.9902
2024-11-14,5989.6802,5993.8799,5942.2798,5949.1699,5985.3799
2024-11-15,5912.7900,5915.3198,5853.0098,5870.6201,5949.1699
2024-11-18,5874.1699,5908.1201,5865.9502,5893.6201,5870.6201
2024-11-19,5870.0498,5923.5098,5855.2900,5916.9800,5893.6201
2024-11-20,5914.3398,5920.6699,5860.5601,5917.1099,5916.9800
2024-11-21,5940.5801,5963.3198,5887.2598,5948.7100,5917.1099
2024-11-22,5944.3599,5972.8999,5944.3599,5969.3398,5948.7100
2024-11-25,5992.2798,6020.7500,5963.9102,5987.3701,5969.3398
2024-11-26,6000.0298,6025.4199,5992.2700,6021.6299,5987.3701
2024-11-27,6014.1099,6020.1602,5984.8701,5998.7402,6021.6299
2024-11-29,6003.9800,6044.1699,6003.9800,6032.3799,5998.7402
2024-12-02,6040.1099,6053.5801,6035.3301,6047.1499,6032.3799
2024-12-03,6042.9702,6052.0698,6033.3901,6049.8799,6047.1499
2024-12-04,6069.3901,6089.8398,6061.0601,6086.4902,6049.8799
2024-12-05,6089.0298,6094.5498,6072.8999,6075.1099,6086.4902
2024-12-06,6081.3799,6099.9702,6079.9800,6090.2700,6075.1099
2024-12-09,6083.0098,6088.5098,6048.6299,6052.8501,6090.2700
2024-12-10,6057.5898,6065.3999,6029.8901,6034.9102,6052.8501
2024-12-11,6060.1499,6092.5898,6060.1499,6084.1899,6034.9102
2024-12-12,6074.2900,6079.6802,6051.2500,6051.2500,6084.1899
2024-12-13,6068.1699,6078.5801,6035.7700,6051.0898,6051.2500
2024-12-16,6063.7900,6085.1899,6059.1401,6074.0801,6051.0898
2024-12-17,6052.5498,6057.6802,6035.1899,6050.6099,6074.0801
2024-12-18,6047.6499,6070.6699,5867.7900,5872.1602,6050.6099
2024-12-19,5912.7100,5935.5200,5866.0698,5867.0801,5872.1602
2024-12-20,5842.0000,5982.0601,5832.2998,5930.8501,5867.0801
2024-12-23,5940.2500,5978.2500,5902.5698,5974.0698,5930.8501
2024-12-24,5984.6299,6040.1001,5981.4399,6040.0400,5974.0698
2024-12-26,6024.9702,6049.7500,6007.3701,6037.5898,6040.0400
2024-12-27,6006.1699,6006.1699,5932.9502,5970.8398,6037.5898
2024-12-30,5920.6699,5940.7900,5869.1602,5906.9399,5970.8398
2024-12-31,5919.7402,5929.7402,5868.8599,5881.6299,5906.9399
2025-01-02,5903.2598,5935.0898,5829.5298,5868.5498,5881.6299
2025-01-03,5891.0698,5949.3398,5888.6602,5942.4702,5868.5498
2025-01-06,5982.8101,6021.0400,5960.0098,5975.3799,5942.4702
2025-01-07,5993.2598,6000.6802,5890.6802,5909.0298,5975.3799
2025-01-08,5910.6602,5927.8901,5874.7798,5918.2500,5909.0298
2025-01-10,5890.3501,5890.3501,5807.7798,5827.0400,5918.2500
2025-01-13,5782.0200,5838.6099,5773.3101,5836.2202,5827.0400
2025-01-14,5859.2700,5871.9199,5805.4199,5842.9102,5836.2202
2025-01-15,5905.2100,5960.6099,5905.2100,5949.9102,5842.9102
2025-01-16,5963.6099,5964.6899,5930.7202,5937.3398,5949.9102
2025-01-17,5995.3999,6014.9600,5978.4399,5996.6602,5937.3398
2025-01-21,6014.1201,6051.5098,6006.8799,6049.2402,5996.6602
2025-01-22,6081.3901,6100.8101,6076.1299,6086.3701,6049.2402
2025-01-23,6076.3198,6118.7300,6074.6699,6118.7100,6086.3701
2025-01-24,6121.4302,6128.1802,6088.7402,6101.2402,6118.7100
2025-01-27,5969.0400,6017.1699,5962.9199,6012.2798,6101.2402
2025-01-28,6026.9702,6074.5400,5994.6299,6067.7002,6012.2798
2025-01-29,6057.7002,6062.8301,6012.9600,6039.3101,6067.7002
2025-01-30,6050.7500,6086.6401,6027.4600,6071.1699,6039.3101
2025-01-31,6096.7900,6120.9102,6030.9302,6040.5298,6071.1699
2025-02-03,5969.6499,6022.1299,5923.9302,5994.5698,6040.5298
2025-02-04,5998.1401,6042.4800,5990.8701,6037.8799,5994.5698
2025-02-05,6020.4502,6062.8599,6007.0601,6061.4800,6037.8799
2025-02-06,6072.2202,6084.0298,6046.8301,6083.5698,6061.4800
2025-02-07,6083.1299,6101.2798,6019.9600,6025.9902,6083.5698
2025-02-10,6046.3999,6073.3799,6044.8398,6066.4399,6025.9902
2025-02-11,6049.3198,6076.2798,6042.3398,6068.5000,6066.4399
2025-02-12,6025.0801,6063.0000,6003.0000,6051.9702,6068.5000
2025-02-13,6060.5898,6116.9102,6050.9502,6115.0698,6051.9702
2025-02-14,6115.5200,6127.4702,6107.6201,6114.6299,6115.0698
2025-02-18,6121.6001,6129.6299,6099.5098,6129.5801,6114.6299
2025-02-19,6117.7598,6147.4302,6111.1499,6144.1499,6129.5801
2025-02-20,6134.5000,6134.5000,6084.5898,6117.5200,6144.1499
2025-02-21,6114.1001,6114.8198,6008.5601,6013.1299,6117.5200
2025-02-24,6026.6899,6043.6499,5977.8301,5983.2500,6013.1299
2025-02-25,5982.7300,5992.6499,5908.4902,5955.2500,5983.2500
2025-02-26,5970.8701,6009.8198,5932.6899,5956.0601,5955.2500
2025-02-27,5981.8799,5993.6899,5858.7798,5861.5698,5956.0601
2025-02-28,5856.7402,5959.3999,5837.6602,5954.5000,5861.5698
2025-03-03,5968.3301,5986.0898,5810.9102,5849.7202,5954.5000
2025-03-04,5811.9800,5865.0801,5732.5898,5778.1499,5849.7202
2025-03-05,5781.3599,5860.5898,5742.3501,5842.6299,5778.1499
2025-03-06,5785.8701,5812.0801,5711.6401,5738.5200,5842.6299
2025-03-07,5726.0098,5783.0098,5666.2900,5770.2002,5738.5200
2025-03-10,5705.3701,5705.3701,5564.0200,5614.5601,5770.2002
2025-03-11,5603.6499,5636.2998,5528.4102,5572.0698,5614.5601
2025-03-12,5624.8398,5642.1899,5546.0898,5599.2998,5572.0698
2025-03-13,5594.4502,5597.7798,5504.6499,5521.5200,5599.2998
2025-03-14,5563.8501,5645.2700,5563.8501,5638.9399,5521.5200
2025-03-17,5635.6001,5703.5200,5631.1201,5675.1201,5638.9399
2025-03-18,5654.5298,5654.5298,5597.7598,5614.6602,5675.1201
2025-03-19,5632.3701,5715.3301,5622.2002,5675.2900,5614.6602
2025-03-20,5646.9199,5711.1499,5632.3301,5662.8901,5675.2900
2025-03-21,5630.7300,5670.8398,5603.1001,5667.5601,5662.8901
2025-03-24,5718.0801,5775.1401,5718.0801,5767.5698,5667.5601
2025-03-25,5775.9600,5786.9502,5760.4199,5776.6499,5767.5698
2025-03-26,5771.6602,5783.6201,5694.4102,5712.2002,5776.6499
2025-03-27,5695.6401,5732.2798,5670.9399,5693.3101,5712.2002
2025-03-28,5679.2002,5685.8901,5572.4199,5580.9399,5693.3101
2025-03-31,5527.9102,5627.5601,5488.7300,5611.8501,5580.9399
2025-04-01,5597.5298,5650.5698,5558.5200,5633.0698,5611.8501
2025-04-02,5580.7598,5695.3101,5571.4800,5670.9702,5633.0698
2025-04-03,5492.7402,5499.5298,5390.8301,5396.5200,5670.9702
2025-04-04,5292.1401,5292.1401,5069.8999,5074.0801,5396.5200
2025-04-07,4953.7900,5246.5698,4835.0400,5062.2500,5074.0801
2025-04-08,5193.5698,5267.4702,4910.4199,4982.7700,5062.2500
2025-04-09,4965.2798,5481.3398,4948.4302,5456.8999,4982.7700
2025-04-10,5353.1499,5353.1499,5115.2700,5268.0498,5456.8999
2025-04-11,5255.5601,5381.4600,5220.7700,5363.3599,5268.0498
2025-04-14,5441.9600,5459.4600,5358.0200,5405.9702,5363.3599
2025-04-15,5411.9902,5450.4102,5386.4399,5396.6299,5405.9702
2025-04-16,5335.7500,5367.2402,5220.7900,5275.7002,5396.6299
2025-04-17,5305.4502,5328.3101,5255.5801,5282.7002,5275.7002
2025-04-21,5232.9399,5232.9399,5101.6299,5158.2002,5282.7002
2025-04-22,5207.6699,5309.6099,5207.6699,5287.7598,5158.2002
2025-04-23,5395.9199,5469.6899,5356.1699,5375.8599,5287.7598
2025-04-24,5381.3799,5489.3999,5371.9600,5484.7700,5375.8599
2025-04-25,5489.7300,5528.1099,5455.8599,5525.2100,5484.7700
2025-04-28,5529.2202,5553.6602,5468.6401,5528.7500,5525.2100
2025-04-29,5508.8701,5571.9502,5505.7002,5560.8301,5528.7500
2025-04-30,5499.4399,5581.8398,5433.2402,5569.0601,5560.8301
2025-05-01,5625.1401,5658.9102,5597.3501,5604.1401,5569.0601
2025-05-02,5645.8799,5700.7002,5642.2798,5686.6699,5604.1401
2025-05-05,5655.3198,5683.3799,5634.4800,5650.3799,5686.6699
2025-05-06,5605.8701,5649.5801,5586.0400,5606.9102,5650.3799
2025-05-07,5614.1802,5654.7300,5578.6401,5631.2798,5606.9102
2025-05-08,5663.6001,5720.1001,5635.3799,5663.9399,5631.2798
2025-05-09,5679.6499,5691.6899,5644.1499,5659.9102,5663.9399
2025-05-12,5807.2002,5845.3701,5786.0801,5844.1899,5659.9102
2025-05-13,5854.1499,5906.6401,5845.0200,5886.5498,5844.1899
2025-05-14,5896.7402,5906.5498,5872.1099,5892.5801,5886.5498
2025-05-15,5869.8198,5924.2100,5865.1602,5916.9302,5892.5801
2025-05-16,5929.0898,5958.6201,5907.3599,5958.3799,5916.9302
2025-05-19,5902.8799,5968.6099,5895.6899,5963.6001,5958.3799
2025-05-20,5944.6602,5953.0601,5909.2598,5940.4600,5963.6001
2025-05-21,5910.1802,5938.3701,5830.9102,5844.6099,5940.4600
2025-05-22,5841.2598,5878.0801,5825.8198,5842.0098,5844.6099
2025-05-23,5781.8901,5829.5098,5767.4102,5802.8198,5842.0098
2025-05-27,5854.0698,5924.3301,5854.0698,5921.5400,5802.8198
2025-05-28,5925.5400,5939.9199,5881.8799,5888.5498,5921.5400
2025-05-29,5939.9600,5943.1299,5873.7998,5912.1699,5888.5498
2025-05-30,5903.6699,5922.1401,5843.6602,5911.6899,5912.1699
2025-06-02,5896.6802,5937.3999,5861.4302,5935.9399,5911.6899
2025-06-03,5938.5601,5981.3501,5929.0000,5970.3701,5935.9399
2025-06-04,5978.9399,5990.4800,5966.1099,5970.8101,5970.3701
2025-06-05,5985.6699,5999.7002,5921.2002,5939.2998,5970.8101
2025-06-06,5987.0601,6016.8701,5978.6299,6000.3599,5939.2998
2025-06-09,6004.6299,6021.3101,5994.1802,6005.8799,6000.3599
2025-06-10,6009.9102,6043.0098,6000.2798,6038.8101,6005.8799
2025-06-11,6049.3799,6059.3999,6002.3198,6022.2402,6038.8101
2025-06-12,6009.8999,6045.4302,6003.8799,6045.2598,6022.2402
2025-06-13,6000.5601,6026.1602,5963.2100,5976.9702,6045.2598
2025-06-16,6004.0000,6050.8301,6004.0000,6033.1099,5976.9702
2025-06-17,6012.1499,6023.2500,5974.7998,5982.7202,6033.1099
2025-06-18,5987.9302,6018.2500,5971.8901,5980.8701,5982.7202
2025-06-20,5999.6699,6018.2002,5952.5601,5967.8398,5980.8701
2025-06-23,5969.6699,6028.7700,5943.2300,6025.1699,5967.8398
2025-06-24,6061.2100,6101.7598,6059.2500,6092.1802,6025.1699
2025-06-25,6104.2300,6108.5098,6080.0898,6092.1602,6092.1802
2025-06-26,6112.0898,6146.5200,6107.2700,6141.0200,6092.1602
2025-06-27,6150.7002,6187.6802,6132.3501,6173.0698,6141.0200
2025-06-30,6193.3599,6215.0801,6174.9702,6204.9502,6173.0698
2025-07-01,6187.2500,6210.7798,6177.9702,6198.0098,6204.9502
2025-07-02,6193.8799,6227.6001,6188.2900,6227.4199,6198.0098
2025-07-03,6246.4600,6284.6499,6246.4600,6279.3501,6227.4199
2025-07-07,6259.0400,6262.0698,6201.0000,6229.9800,6279.3501
2025-07-08,6234.0298,6242.7002,6217.7500,6225.5200,6229.9800
2025-07-09,6243.3301,6269.1602,6231.4302,6263.2598,6225.5200
2025-07-10,6266.7998,6290.2202,6251.4399,6280.4600,6263.2598
2025-07-11,6255.6802,6269.4399,6237.6001,6259.7500,6280.4600
2025-07-14,6255.1499,6273.3101,6239.2202,6268.5601,6259.7500
2025-07-15,6295.2900,6302.0400,6241.6802,6243.7598,6268.5601
2025-07-16,6254.5000,6268.1201,6201.5898,6263.7002,6243.7598
2025-07-17,6263.3999,6304.6899,6262.2700,6297.3599,6263.7002
2025-07-18,6312.9502,6315.6099,6285.2700,6296.7900,6297.3599
2025-07-21,6304.7402,6336.0801,6303.7900,6305.6001,6296.7900
2025-07-22,6306.6001,6316.1201,6281.7100,6309.6201,6305.6001
2025-07-23,6326.8999,6360.6401,6317.4902,6358.9102,6309.6201
2025-07-24,6368.6001,6381.3101,6360.5698,6363.3501,6358.9102
2025-07-25,6370.0098,6395.8198,6368.5298,6388.6401,6363.3501
2025-07-28,6397.6899,6401.0698,6375.7900,6389.7700,6388.6401
2025-07-29,6405.6201,6409.2598,6363.9199,6370.8599,6389.7700
2025-07-30,6381.2300,6396.5400,6336.3799,6362.8999,6370.8599
2025-07-31,6427.0200,6427.0200,6327.6401,6339.3901,6362.8999
2025-08-01,6287.2798,6287.2798,6212.6899,6238.0098,6339.3901
2025-08-04,6271.7100,6330.6899,6271.7100,6329.9399,6238.0098
2025-08-05,6336.6299,6346.0000,6289.3701,6299.1899,6329.9399
2025-08-06,6309.2998,6352.8301,6301.1099,6345.0601,6299.1899
2025-08-07,6374.3198,6389.7100,6310.3198,6340.0000,6345.0601
2025-08-08,6355.2202,6395.1602,6355.2202,6389.4502,6340.0000
2025-08-11,6389.6699,6407.2500,6364.0601,6373.4502,6389.4502
2025-08-12,6395.1699,6446.5498,6385.7598,6445.7598,6373.4502
2025-08-13,6462.6699,6480.2798,6445.0200,6466.5801,6445.7598
2025-08-14,6453.4600,6473.9199,6441.0698,6468.5400,6466.5801
2025-08-15,6477.3799,6481.3398,6441.8501,6449.7998,6468.5400
2025-08-18,6445.0200,6455.3501,6437.7002,6449.1499,6449.7998
2025-08-19,6446.2402,6456.4800,6400.2202,6411.3701,6449.1499
2025-08-20,6406.6201,6408.3999,6343.8599,6395.7798,6411.3701
2025-08-21,6380.8301,6393.6499,6352.7100,6370.1699,6395.7798
2025-08-22,6384.5898,6478.8901,6384.5898,6466.9102,6370.1699
2025-08-25,6457.6699,6466.8901,6438.0601,6439.3198,6466.9102
2025-08-26,6435.4902,6468.3701,6429.2100,6465.9399,6439.3198
2025-08-27,6462.2598,6487.0601,6457.8398,6481.3999,6465.9399
2025-08-28,6483.8398,6508.2300,6466.9600,6501.8599,6481.3999
2025-08-29,6489.2798,6491.7598,6444.5698,6460.2598,6501.8599
2025-09-02,6401.5098,6416.5400,6360.5801,6415.5400,6460.2598
2025-09-03,6445.8198,6453.6699,6416.1699,6448.2598,6415.5400
2025-09-04,6456.6001,6502.5400,6445.9800,6502.0801,6448.2598
2025-09-05,6529.0801,6532.6499,6443.9800,6481.5000,6502.0801
2025-09-08,6498.0898,6508.6699,6483.2900,6495.1499,6481.5000
2025-09-09,6503.3301,6518.2300,6483.0801,6512.6099,6495.1499
2025-09-10,6550.2900,6555.9702,6516.3398,6532.0400,6512.6099
2025-09-11,6554.4102,6592.8901,6545.7998,6587.4702,6532.0400
2025-09-12,6590.6602,6600.2100,6579.4902,6584.2900,6587.4702
2025-09-15,6603.4902,6619.6201,6602.0698,6615.2798,6584.2900
2025-09-16,6624.1299,6626.9902,6600.1099,6606.7598,6615.2798
2025-09-17,6604.8701,6624.3901,6551.1499,6600.3501,6606.7598
2025-09-18,6626.8501,6656.7998,6611.8901,6631.9600,6600.3501
2025-09-19,6647.1099,6671.8198,6630.3101,6664.3599,6631.9600
2025-09-22,6654.2798,6698.8799,6648.0698,6693.7500,6664.3599
2025-09-23,6692.4399,6699.5200,6645.5801,6656.9199,6693.7500
2025-09-24,6669.7900,6672.6602,6621.7598,6637.9702,6656.9199
2025-09-25,6608.1899,6619.0000,6569.2202,6604.7202,6637.9702
2025-09-26,6615.3799,6648.9702,6604.4302,6643.7002,6604.7202
2025-09-29,6661.5801,6677.3101,6644.4902,6661.2100,6643.7002
2025-09-30,6656.1899,6691.2500,6641.0000,6688.4600,6661.2100
2025-10-01,6664.9199,6718.4800,6656.2002,6711.2002,6688.4600
2025-10-02,6731.3101,6731.9399,6693.2300,6715.3501,6711.2002
2025-10-03,6722.1401,6750.8701,6705.6699,6715.7900,6715.3501
2025-10-06,6733.8599,6749.5200,6717.7798,6740.2798,6715.7900
2025-10-07,6746.1401,6754.4902,6699.9600,6714.5898,6740.2798
2025-10-08,6723.8701,6755.6401,6718.0898,6753.7202,6714.5898
2025-10-09,6760.5000,6764.5801,6716.1699,6735.1099,6753.7202
2025-10-10,6740.4902,6762.3999,6550.7798,6552.5098,6735.1099
2025-10-13,6622.5298,6668.6802,6620.7100,6654.7202,6552.5098
2025-10-14,6602.4902,6680.7002,6555.0698,6644.3101,6654.7202
2025-10-15,6688.2700,6724.1201,6612.1099,6671.0601,6644.3101
2025-10-16,6689.0200,6709.3398,6593.9902,6629.0698,6671.0601
2025-10-17,6613.2700,6678.8799,6603.7598,6664.0098,6629.0698
2025-10-20,6690.0498,6744.3501,6690.0498,6735.1299,6664.0098
2025-10-21,6736.7500,6752.1602,6722.0298,6735.3501,6735.1299
2025-10-22,6741.3398,6741.7500,6655.6899,6699.3999,6735.3501
2025-10-23,6703.6499,6749.5298,6700.1401,6738.4399,6699.3999
2025-10-24,6772.0698,6807.1099,6772.0698,6791.6899,6738.4399
2025-10-27,6845.4600,6877.2798,6843.9399,6875.1602,6791.6899
2025-10-28,6897.7402,6911.2998,6870.7300,6890.8901,6875.1602
2025-10-29,6910.9502,6920.3398,6851.9102,6890.5898,6890.8901
2025-10-30,6860.5000,6880.7500,6820.6899,6822.3398,6890.5898
2025-10-31,6879.1699,6879.1699,6814.2598,6840.2002,6822.3398
2025-11-03,6882.3198,6882.3198,6820.6201,6851.9702,6840.2002
2025-11-04,6788.5200,6820.2100,6766.7100,6771.5498,6851.9702
2025-11-05,6769.7700,6829.7798,6763.1099,6796.2900,6771.5498
2025-11-06,6787.5898,6796.6802,6707.5098,6720.3198,6796.2900
2025-11-07,6696.1802,6730.1099,6631.4399,6728.7998,6720.3198
2025-11-10,6785.3599,6841.3198,6770.5601,6832.4302,6728.7998
2025-11-11,6815.6401,6855.1299,6806.8701,6846.6099,6832.4302
2025-11-12,6867.7700,6869.9102,6829.6201,6850.9199,6846.6099
2025-11-13,6826.4702,6828.0498,6724.7202,6737.4902,6850.9199
2025-11-14,6672.1401,6774.3101,6646.8701,6734.1099,6737.4902
2025-11-17,6713.6099,6754.5000,6638.8999,6672.4102,6734.1099
2025-11-18,6641.1899,6666.6299,6574.3198,6617.3198,6672.4102
2025-11-19,6625.8398,6689.7500,6603.5000,6642.1602,6617.3198
2025-11-20,6737.9302,6770.3501,6534.0498,6538.7598,6642.1602
2025-11-21,6555.7700,6660.0498,6521.9199,6602.9902,6538.7598
2025-11-24,6636.5400,6715.7500,6630.7002,6705.1201,6602.9902
2025-11-25,6697.0298,6776.3999,6659.9800,6765.8799,6705.1201
2025-11-26,6793.5498,6831.4399,6783.8701,6812.6099,6765.8799
2025-11-28,6822.5200,6850.8599,6819.7500,6849.0898,6812.6099
2025-12-01,6812.2998,6843.6499,6799.9399,6812.6299,6849.0898
2025-12-02,6830.9600,6851.5498,6806.7100,6829.3701,6812.6299
2025-12-03,6815.2900,6862.4199,6810.4302,6849.7202,6829.3701
2025-12-04,6866.4702,6866.4702,6827.1201,6857.1201,6849.7202
2025-12-05,6866.3198,6895.7798,6858.2900,6870.3999,6857.1201
2025-12-08,6875.2002,6878.2700,6827.1899,6846.5098,6870.3999
2025-12-09,6840.6099,6864.9199,6837.4302,6840.5098,6846.5098
2025-12-10,6833.4902,6900.6699,6824.6899,6886.6802,6840.5098
2025-12-11,6861.2998,6903.4600,6833.4502,6901.0000,6886.6802
2025-12-12,6886.8501,6899.8501,6801.7900,6827.4102,6901.0000
2025-12-15,6860.1899,6861.5898,6801.4902,6816.5098,6827.4102
2025-12-16,6800.1201,6819.2700,6759.7402,6800.2598,6816.5098
2025-12-17,6802.8799,6812.2598,6720.4302,6721.4302,6800.2598
2025-12-18,6778.0601,6816.1299,6758.5000,6774.7598,6721.4302
2025-12-19,6792.6201,6840.0200,6792.6201,6834.5000,6774.7598
2025-12-22,6865.2100,6882.0298,6855.7402,6878.4902,6834.5000
2025-12-23,6872.4102,6910.8799,6868.8101,6909.7900,6878.4902
2025-12-24,6904.9102,6937.3198,6904.9102,6932.0498,6909.7900
2025-12-26,6936.0200,6945.7700,6921.6001,6929.9399,6932.0498
2025-12-29,6903.6001,6920.2100,6888.7598,6905.7402,6929.9399
2025-12-30,6900.4399,6913.2500,6893.4702,6896.2402,6905.7402
2025-12-31,6898.8198,6901.4199,6844.5498,6845.5000,6896.2402
2026-01-02,6878.1099,6894.8701,6824.3101,6858.4702,6845.5000
2026-01-05,6892.1899,6920.3799,6891.5601,6902.0498,6858.4702
2026-01-06,6908.0298,6948.6899,6904.0200,6944.8198,6902.0498
2026-01-07,6945.0698,6965.6899,6919.1899,6920.9302,6944.8198
2026-01-08,6914.1099,6931.2798,6899.3301,6921.4600,6920.9302
2026-01-09,6927.8301,6978.3599,6917.6401,6966.2798,6921.4600
2026-01-12,6944.1201,6986.3301,6934.0698,6977.2700,6966.2798
2026-01-13,6977.4102,6985.8301,6938.7700,6963.7402,6977.2700
2026-01-14,6937.4102,6941.2998,6885.7402,6926.6001,6963.7402
2026-01-15,6969.4600,6979.3398,6937.9302,6944.4702,6926.6001
2026-01-16,6960.5400,6967.2998,6925.0898,6940.0098,6944.4702
2026-01-20,6865.2402,6871.1699,6789.0498,6796.8599,6940.0098
2026-01-21,6810.7100,6910.3901,6804.9600,6875.6201,6796.8599
2026-01-22,6914.4399,6934.7500,6893.6201,6913.3501,6875.6201
2026-01-23,6907.8501,6932.9600,6895.5000,6915.6099,6913.3501
2026-01-26,6923.2300,6964.6602,6921.6001,6950.2300,6915.6099
2026-01-27,6965.9600,6988.8198,6958.8301,6978.6001,6950.2300
2026-01-28,7002.0000,7002.2798,6963.4600,6978.0298,6978.6001
2026-01-29,6977.7402,6992.8398,6870.7998,6969.0098,6978.0298
2026-01-30,6947.2700,6964.0898,6893.4800,6939.0298,6969.0098
2026-02-02,6916.6401,6991.9199,6914.3398,6976.4399,6939.0298
2026-02-03,6985.4502,6993.0801,6862.0498,6917.8101,6976.4399
2026-02-04,6924.5000,6936.0898,6838.7998,6882.7202,6917.8101
2026-02-05,6837.3901,6857.8501,6780.1299,6798.3999,6882.7202
2026-02-06,6816.7402,6944.8901,6816.7402,6932.2998,6798.3999
2026-02-09,6917.2598,6980.1001,6905.8701,6964.8198,6932.2998
2026-02-10,6974.4902,6986.8301,6937.5298,6941.8101,6964.8198
2026-02-11,6976.4800,6993.4800,6911.9702,6941.4702,6941.8101
2026-02-12,6957.5400,6973.2202,6824.0400,6832.7598,6941.4702
2026-02-13,6834.2700,6881.9600,6794.5498,6836.1699,6832.7598
2026-02-17,6819.8599,6866.9902,6775.5000,6843.2202,6836.1699
2026-02-18,6855.4800,6909.1201,6849.6602,6881.3101,6843.2202
2026-02-19,6861.3398,6879.1201,6833.0601,6861.8901,6881.3101
2026-02-20,6843.2598,6915.8599,6836.3301,6909.5098,6861.8901
2026-02-23,6901.2500,6916.9600,6819.8198,6837.7500,6909.5098
2026-02-24,6837.3701,6899.1699,6815.4302,6890.0698,6837.7500
2026-02-25,6915.1499,6952.5098,6915.1499,6946.1299,6890.0698
2026-02-26,6944.7402,6947.2500,6859.7300,6908.8599,6946.1299
2026-02-27,6856.5400,6882.9600,6831.7402,6878.8799,6908.8599
2026-03-02,6824.3599,6901.0098,6796.8501,6881.6201,6878.8799
2026-03-03,6800.2598,6840.0498,6710.4199,6816.6299,6881.6201
2026-03-04,6831.6899,6885.9399,6811.6401,6869.5000,6816.6299
2026-03-05,6851.0801,6870.4302,6770.7798,6830.7100,6869.5000
2026-03-06,6769.0298,6773.4199,6711.5601,6740.0200,6830.7100
2026-03-09,6699.7998,6810.4399,6636.0400,6795.9902,6740.0200
2026-03-10,6796.5601,6845.0801,6759.7402,6781.4800,6795.9902
2026-03-11,6790.0898,6811.1499,6745.5898,6775.7998,6781.4800
2026-03-12,6740.8799,6740.8799,6670.3999,6672.6201,6775.7998
2026-03-13,6673.4902,6733.2998,6623.9199,6632.1899,6672.6201
2026-03-16,6674.3701,6729.7900,6674.3701,6699.3799,6632.1899
2026-03-17,6722.3501,6754.2998,6710.7998,6716.0898,6699.3799
2026-03-18,6697.1602,6705.1802,6621.6602,6624.7002,6716.0898
2026-03-19,6583.1201,6636.7402,6557.8198,6606.4902,6624.7002
2026-03-20,6594.6602,6594.6602,6473.5200,6506.4800,6606.4902
2026-03-23,6574.9600,6651.6201,6565.5498,6581.0000,6506.4800
2026-03-24,6552.0898,6595.7500,6525.1099,6556.3701,6581.0000
2026-03-25,6598.3501,6633.9399,6568.4102,6591.8999,6556.3701
2026-03-26,6555.8599,6573.2202,6473.7900,6477.1602,6591.8999
2026-03-27,6453.8901,6453.8901,6356.0801,6368.8501,6477.1602
2026-03-30,6403.3701,6427.3101,6316.9102,6343.7202,6368.8501
2026-03-31,6395.8799,6539.0498,6395.8799,6528.5200,6343.7202
2026-04-01,6556.5601,6609.6699,6554.2900,6575.3198,6528.5200
2026-04-02,6512.6099,6601.9102,6474.9399,6582.6899,6575.3198
2026-04-06,6587.6602,6618.1299,6579.7202,6611.8301,6582.6899
2026-04-07,6601.9302,6618.2598,6534.5498,6616.8501,6611.8301
2026-04-08,6754.3599,6793.5000,6740.2798,6782.8101,6616.8501
2026-04-09,6783.6899,6835.3101,6761.5498,6824.6602,6782.8101
2026-04-10,6839.2402,6845.7700,6808.4600,6816.8901,6824.6602
2026-04-13,6806.4702,6887.0000,6790.0200,6886.2402,6816.8901
2026-04-14,6910.2002,6969.4199,6905.1699,6967.3799,6886.2402
2026-04-15,6978.1699,7026.2402,6967.1299,7022.9502,6967.3799
2026-04-16,7037.7798,7051.2300,7008.5200,7041.2798,7022.9502
2026-04-17,7074.5498,7147.5200,7074.5498,7126.0601,7041.2798
2026-04-20,7117.0498,7122.6499,7084.4102,7109.1401,7126.0601
2026-04-21,7122.6401,7137.2700,7050.2002,7064.0098,7109.1401
2026-04-22,7102.9102,7138.6401,7102.9102,7137.8999,7064.0098
2026-04-23,7118.7998,7147.7798,7046.5498,7108.3999,7137.8999
2026-04-24,7136.4800,7168.5898,7112.8198,7165.0801,7108.3999
2026-04-27,7152.7202,7178.7402,7146.7202,7173.9102,7165.0801
2026-04-28,7133.7402,7152.5200,7115.1699,7138.7998,7173.9102
2026-04-29,7131.6099,7145.6299,7107.8599,7135.9502,7138.7998
2026-04-30,7161.7500,7219.8301,7126.1499,7209.0098,7135.9502
2026-05-01,7234.5400,7272.5200,7229.3198,7230.1201,7209.0098
2026-05-04,7228.3799,7244.5400,7174.1201,7200.7500,7230.1201
2026-05-05,7233.6201,7273.2598,7233.6201,7259.2202,7200.7500
2026-05-06,7294.1401,7369.2202,7294.1401,7365.1201,7259.2202
2026-05-07,7376.7798,7385.0200,7321.2500,7337.1099,7365.1201
2026-05-08,7362.9702,7401.5000,7362.9702,7398.9302,7337.1099
2026-05-11,7385.3101,7428.9702,7384.2002,7412.8398,7398.9302
2026-05-12,7390.6299,7409.5698,7338.5400,7400.9600,7412.8398
2026-05-13,7409.1201,7460.0400,7375.1299,7444.2500,7400.9600
2026-05-14,7454.3999,7517.1201,7454.3999,7501.2402,7444.2500
2026-05-15,7445.1099,7454.8501,7397.5000,7408.5000,7501.2402
2026-05-18,7415.0698,7434.0601,7353.1699,7403.0498,7408.5000
2026-05-19,7375.7500,7395.3198,7333.6802,7353.6099,7403.0498
2026-05-20,7369.1899,7435.6899,7357.4600,7432.9702,7353.6099
2026-05-21,7410.7798,7465.9600,7389.4800,7445.7202,7432.9702
2026-05-22,7468.8198,7506.3198,7463.2900,7473.4702,7445.7202
2026-05-26,7511.7900,7539.0898,7501.1001,7519.1201,7473.4702
2026-05-27,7526.0098,7530.7202,7499.7202,7520.3599,7519.1201
2026-05-28,7519.8198,7568.7202,7508.0400,7563.6299,7520.3599
2026-05-29,7579.3301,7599.3799,7563.5498,7580.0601,7563.6299
2026-06-01,7582.2900,7617.6602,7562.6099,7599.9600,7580.0601
2026-06-02,7595.3999,7620.8999,7582.9902,7609.7798,7599.9600
2026-06-03,7605.3101,7605.3501,7551.2202,7553.6802,7609.7798
2026-06-04,7516.5400,7598.1899,7516.5400,7584.3101,7553.6802
2026-06-05,7537.3599,7541.8101,7368.6299,7383.7402,7584.3101
2026-06-08,7440.5698,7466.8101,7395.1299,7405.7300,7383.7402
2026-06-09,7438.6602,7483.1499,7237.8501,7386.6499,7405.7300
2026-06-10,7350.5400,7396.5601,7265.9302,7266.9902,7386.6499
2026-06-11,7287.6699,7412.6802,7257.3301,7394.2998,7266.9902
2026-06-12,7410.8501,7456.3999,7363.0098,7431.4600,7394.2998
2026-06-15,7516.7500,7577.9199,7516.7500,7554.2900,7431.4600
2026-06-16,7548.7798,7564.9600,7508.6802,7511.3501,7554.2900
2026-06-17,7524.5000,7532.1699,7402.6099,7420.1001,7511.3501
2026-06-18,7487.3599,7511.0698,7468.3198,7500.5801,7420.1001
2026-06-22,7500.4399,7530.0098,7460.0098,7472.7900,7500.5801
2026-06-23,7366.5098,7424.1699,7347.6001,7365.4600,7472.7900
2026-06-24,7370.8799,7428.0601,7336.8198,7358.2202,7365.4600
2026-06-25,7404.9102,7419.0801,7323.5000,7357.4902,7358.2202
2026-06-26,7312.7402,7392.9502,7294.1802,7354.0200,7357.4902
2026-06-29,7391.8799,7444.3198,7348.8799,7440.4302,7354.0200
2026-06-30,7441.2700,7508.2900,7438.0400,7499.3599,7440.4302
2026-07-01,7478.8398,7521.8101,7449.6299,7483.2300,7499.3599
2026-07-02,7495.1401,7540.7500,7427.5498,7483.2402,7483.2300
2026-07-06,7506.9600,7551.3101,7500.9702,7537.4302,7483.2402
2026-07-07,7516.6299,7536.0601,7478.6299,7503.8501,7537.4302
2026-07-08,7476.5400,7488.5098,7421.8198,7482.7100,7503.8501
2026-07-09,7491.6001,7545.3198,7481.7300,7544.0298,7482.7100
